     [exec] Cluster NGE_TC is not ready for players.
     [exec] Cluster NGE_TC is not ready for players.
     [exec] Cluster NGE_TC is not ready for players.
     [exec] Cluster NGE_TC is ready for players.
     [exec] GameServer 46 (pid 1977403) shutdown, reason: CentralConnectionClosed : TcpClient::update recv returned 0
     [exec] GameServer 48 (pid 1977420) shutdown, reason: CentralConnectionClosed : TcpClient::update recv returned 0
     [exec] GameServer 54 (pid 1977400) shutdown, reason: CentralConnectionClosed : TcpClient::update recv returned 0
     [exec] GameServer 49 (pid 1977418) shutdown, reason: CentralConnectionClosed : TcpClient::update recv returned 0
     [exec] GameServer 53 (pid 1977416) shutdown, reason: CentralConnectionClosed : TcpClient::update recv returned 0
     [exec] PlanetServer (pid 1977375) shutdown, reason: CentralConnectionClosed : TcpClient::update recv returned 0
     [exec] GameServer 80 (pid 1977434) shutdown, reason: CentralConnectionClosed : TcpClient::update recv returned 0
     [exec] PlanetServer (pid 1977383) shutdown, reason: CentralConnectionClosed : TcpClient::update recv returned 0
     [exec] GameServer 67 (pid 1977425) shutdown, reason: CentralConnectionClosed : TcpClient::update recv returned 0
     [exec] GameServer 75 (pid 1977432) shutdown, reason: CentralConnectionClosed : TcpClient::update recv returned 0
     [exec] GameServer 65 (pid 1977413) shutdown, reason: CentralConnectionClosed : TcpClient::update recv returned 0
     [exec] GameServer 50 (pid 1977428) shutdown, reason: CentralConnectionClosed : TcpClient::update recv returned 0
     [exec] PlanetServer (pid 1977386) shutdown, reason: CentralConnectionClosed : TcpClient::update recv returned 0
     [exec] GameServer 69 (pid 1977422) shutdown, reason: CentralConnectionClosed : TcpClient::update recv returned 0
     [exec] PlanetServer (pid 1977372) shutdown, reason: CentralConnectionClosed : TcpClient::update recv returned 0
     [exec] GameServer 44 (pid 1977419) shutdown, reason: CentralConnectionClosed : TcpClient::update recv returned 0
     [exec] GameServer 56 (pid 1977407) shutdown, reason: CentralConnectionClosed : TcpClient::update recv returned 0
     [exec] GameServer 81 (pid 1977429) shutdown, reason: CentralConnectionClosed : TcpClient::update recv returned 0
     [exec] GameServer 78 (pid 1977426) shutdown, reason: CentralConnectionClosed : TcpClient::update recv returned 0
     [exec] GameServer 47 (pid 1977424) shutdown, reason: CentralConnectionClosed : TcpClient::update recv returned 0
     [exec] PlanetServer (pid 1977380) shutdown, reason: CentralConnectionClosed : TcpClient::update recv returned 0
     [exec] GameServer 66 (pid 1977414) shutdown, reason: CentralConnectionClosed : TcpClient::update recv returned 0
     [exec] GameServer 60 (pid 1977402) shutdown, reason: CentralConnectionClosed : TcpClient::update recv returned 0
     [exec] PlanetServer (pid 1977374) shutdown, reason: CentralConnectionClosed : TcpClient::update recv returned 0
     [exec] PlanetServer (pid 1977361) shutdown, reason: CentralConnectionClosed : TcpClient::update recv returned 0
     [exec] PlanetServer (pid 1977379) shutdown, reason: CentralConnectionClosed : TcpClient::update recv returned 0
     [exec] GameServer 52 (pid 1977409) shutdown, reason: CentralConnectionClosed : TcpClient::update recv returned 0
     [exec] GameServer 76 (pid 1977404) shutdown, reason: CentralConnectionClosed : TcpClient::update recv returned 0
     [exec] PlanetServer (pid 1977396) shutdown, reason: CentralConnectionClosed : TcpClient::update recv returned 0
     [exec] PlanetServer (pid 1977360) shutdown, reason: CentralConnectionClosed : TcpClient::update recv returned 0
     [exec] PlanetServer (pid 1977377) shutdown, reason: CentralConnectionClosed : TcpClient::update recv returned 0
     [exec] GameServer 73 (pid 1977423) shutdown, reason: CentralConnectionClosed : TcpClient::update recv returned 0
     [exec] GameServer 55 (pid 1977406) shutdown, reason: CentralConnectionClosed : TcpClient::update recv returned 0
     [exec] GameServer 64 (pid 1977411) shutdown, reason: CentralConnectionClosed : TcpClient::update recv returned 0
     [exec] PlanetServer (pid 1977369) shutdown, reason: CentralConnectionClosed : TcpClient::update recv returned 0
     [exec] PlanetServer (pid 1977387) shutdown, reason: CentralConnectionClosed : TcpClient::update recv returned 0
     [exec] GameServer 51 (pid 1977417) shutdown, reason: CentralConnectionClosed : TcpClient::update recv returned 0
     [exec] DatabaseServer 4 (pid 1977331) shutdown, reason: CentralConnectionClosed : TcpClient::update recv returned -1, errno=104
     [exec] WARNING:     (a6109445): Database lost connection to central.
     [exec] PlanetServer (pid 1977362) shutdown, reason: CentralConnectionClosed : TcpClient::update recv returned 0
     [exec] PlanetServer (pid 1977393) shutdown, reason: CentralConnectionClosed : TcpClient::update recv returned 0
     [exec] GameServer 77 (pid 1977431) shutdown, reason: CentralConnectionClosed : TcpClient::update recv returned 0
     [exec] PlanetServer (pid 1977385) shutdown, reason: CentralConnectionClosed : TcpClient::update recv returned 0
     [exec] GameServer 74 (pid 1977427) shutdown, reason: CentralConnectionClosed : TcpClient::update recv returned 0
     [exec] GameServer 63 (pid 1977408) shutdown, reason: CentralConnectionClosed : TcpClient::update recv returned 0
     [exec] GameServer 58 (pid 1977405) shutdown, reason: CentralConnectionClosed : TcpClient::update recv returned 0
     [exec] PlanetServer (pid 1977378) shutdown, reason: CentralConnectionClosed : TcpClient::update recv returned 0
     [exec] PlanetServer (pid 1977394) shutdown, reason: CentralConnectionClosed : TcpClient::update recv returned 0
     [exec] GameServer 59 (pid 1977430) shutdown, reason: CentralConnectionClosed : TcpClient::update recv returned 0
     [exec] GameServer 72 (pid 1977401) shutdown, reason: CentralConnectionClosed : TcpClient::update recv returned 0
     [exec] PlanetServer (pid 1977365) shutdown, reason: CentralConnectionClosed : TcpClient::update recv returned 0
     [exec] PlanetServer (pid 1977390) shutdown, reason: CentralConnectionClosed : TcpClient::update recv returned 0
     [exec] GameServer 68 (pid 1977398) shutdown, reason: CentralConnectionClosed : TcpClient::update recv returned 0
     [exec] GameServer 71 (pid 1977421) shutdown, reason: CentralConnectionClosed : TcpClient::update recv returned 0
     [exec] GameServer 79 (pid 1977433) shutdown, reason: CentralConnectionClosed : TcpClient::update recv returned 0
     [exec] PlanetServer (pid 1977371) shutdown, reason: CentralConnectionClosed : TcpClient::update recv returned 0
     [exec] GameServer 70 (pid 1977435) shutdown, reason: CentralConnectionClosed : TcpClient::update recv returned 0
     [exec] GameServer 45 (pid 1977410) shutdown, reason: CentralConnectionClosed : TcpClient::update recv returned 0
     [exec] PlanetServer (pid 1977388) shutdown, reason: CentralConnectionClosed : TcpClient::update recv returned 0
     [exec] PlanetServer (pid 1977384) shutdown, reason: CentralConnectionClosed : TcpClient::update recv returned 0
     [exec] GameServer 57 (pid 1977412) shutdown, reason: CentralConnectionClosed : TcpClient::update recv returned 0
     [exec] GameServer 62 (pid 1977399) shutdown, reason: CentralConnectionClosed : TcpClient::update recv returned 0
     [exec] PlanetServer (pid 1977392) shutdown, reason: CentralConnectionClosed : TcpClient::update recv returned 0
     [exec] PlanetServer (pid 1977370) shutdown, reason: CentralConnectionClosed : TcpClient::update recv returned 0
     [exec] PlanetServer (pid 1977358) shutdown, reason: CentralConnectionClosed : TcpClient::update recv returned 0
     [exec] PlanetServer (pid 1977395) shutdown, reason: CentralConnectionClosed : TcpClient::update recv returned 0
     [exec] PlanetServer (pid 1977381) shutdown, reason: CentralConnectionClosed : TcpClient::update recv returned 0
     [exec] GameServer 61 (pid 1977415) shutdown, reason: CentralConnectionClosed : TcpClient::update recv returned 0
     [exec] PlanetServer (pid 1977373) shutdown, reason: CentralConnectionClosed : TcpClient::update recv returned 0
     [exec] PlanetServer (pid 1977391) shutdown, reason: CentralConnectionClosed : TcpClient::update recv returned 0
     [exec] PlanetServer (pid 1977368) shutdown, reason: CentralConnectionClosed : TcpClient::update recv returned 0
     [exec] PlanetServer (pid 1977376) shutdown, reason: CentralConnectionClosed : TcpClient::update recv returned 0
     [exec] PlanetServer (pid 1977382) shutdown, reason: CentralConnectionClosed : TcpClient::update recv returned 0
     [exec] PlanetServer (pid 1977389) shutdown, reason: CentralConnectionClosed : TcpClient::update recv returned 0
     [exec] PlanetServer (pid 1977397) shutdown, reason: CentralConnectionClosed : TcpClient::update recv returned 0
     [exec] ConnectionServer (pid 1977330) shutdown, reason: CentralConnectionClosed: TcpClient::update recv returned 0
     [exec] PlanetServer (pid 1977363) shutdown, reason: CentralConnectionClosed : TcpClient::update recv returned 0
     [exec] PlanetServer (pid 1977364) shutdown, reason: CentralConnectionClosed : TcpClient::update recv returned 0
     [exec] PlanetServer (pid 1977359) shutdown, reason: CentralConnectionClosed : TcpClient::update recv returned 0
     [exec] GameServer: Chat Server connection closed
     [exec] GameServer: Chat Server connection closed
     [exec] GameServer: Chat Server connection closed
     [exec] GameServer: Chat Server connection closed
     [exec] GameServer: Chat Server connection closed
     [exec] GameServer: Chat Server connection closed
     [exec] GameServer: Chat Server connection closed
     [exec] GameServer: Chat Server connection closed
     [exec] GameServer: Chat Server connection closed
     [exec] GameServer: Chat Server connection closed
     [exec] GameServer: Chat Server connection closed
     [exec] GameServer: Chat Server connection closed
     [exec] GameServer: Chat Server connection closed
     [exec] GameServer: Chat Server connection closed
     [exec] GameServer: Chat Server connection closed
     [exec] GameServer: Chat Server connection closed
     [exec] GameServer: Chat Server connection closed
     [exec] GameServer: Chat Server connection closed
     [exec] GameServer: Chat Server connection closed
     [exec] GameServer: Chat Server connection closed
     [exec] GameServer: Chat Server connection closed
     [exec] GameServer: Chat Server connection closed
     [exec] GameServer: Chat Server connection closed
     [exec] GameServer: Chat Server connection closed
     [exec] GameServer: Chat Server connection closed
     [exec] GameServer: Chat Server connection closed
     [exec] GameServer: Chat Server connection closed
     [exec] GameServer: Chat Server connection closed
     [exec] GameServer: Chat Server connection closed
     [exec] GameServer: Chat Server connection closed
     [exec] GameServer: Chat Server connection closed
     [exec] GameServer: Chat Server connection closed
     [exec] GameServer: Chat Server connection closed
     [exec] GameServer: Chat Server connection closed
     [exec] GameServer: Chat Server connection closed
     [exec] GameServer: Chat Server connection closed
     [exec] GameServer: Chat Server connection closed
     [exec] GameServer: Chat Server connection closed
     [exec] DatabaseProcess: Chat Server connection closed
     [exec] 1 warnings logged
     [exec]     (a6109445): Database lost connection to central.
     [exec] Terminated
     [exec] 1 warnings logged
     [exec] Result: 143

BUILD SUCCESSFUL
Total time: 31 minutes 19 seconds
Buildfile: /home/swg/swg-main/build.xml

create_symlinks:

stop:
     [exec] LoginServer: no process found
     [exec] Result: 1
     [exec] CentralServer: no process found
     [exec] Result: 1
     [exec] ChatServer: no process found
     [exec] Result: 1
     [exec] CommoditiesServer: no process found
     [exec] Result: 1
     [exec] ConnectionServer: no process found
     [exec] Result: 1
     [exec] CustomerServiceServer: no process found
     [exec] Result: 1
     [exec] LogServer: no process found
     [exec] Result: 1
     [exec] MetricsServer: no process found
     [exec] Result: 1
     [exec] PlanetServer: no process found
     [exec] Result: 1
     [exec] ServerConsole: no process found
     [exec] Result: 1
     [exec] SwgDatabaseServer: no process found
     [exec] Result: 1
     [exec] SwgGameServer: no process found
     [exec] Result: 1
     [exec] TransferServer: no process found
     [exec] Result: 1
     [exec] TaskManager: no process found
     [exec] Result: 1

webcfg-check-for-file:

webcfg:

start:
     [exec] Cluster NGE_TC is ready for players.
     [exec] WARNING:     (6fa54546): Could not find node for this host: 109.228.61.26.
     [exec] Log observer setup: file:logs/character-creation.log{c-!TraceCharacterCreation}
     [exec] CentralServer not launching starting processes because m_clusterId is 0 - not received from the LoginServer yet
     [exec] Cluster SWG_NGE is not ready for players.
     [exec] CentralServer now launching starting processes because has a connection to the TaskManager *AND* has received cluster Id (1) from the LoginServer
     [exec] New Central Server connection active
     [exec] New Database Server connection active
     [exec] New chat server connection active
     [exec] Cluster SWG_NGE is not ready for players.
     [exec] Cluster SWG_NGE is not ready for players.
     [exec] Cluster SWG_NGE is not ready for players.
     [exec] Cluster SWG_NGE is not ready for players.
     [exec] Cluster SWG_NGE is not ready for players.
     [exec] Cluster SWG_NGE is not ready for players.
     [exec] Cluster SWG_NGE is not ready for players.
     [exec] Cluster SWG_NGE is not ready for players.
     [exec] Cluster SWG_NGE is not ready for players.
     [exec] Cluster SWG_NGE is not ready for players.
     [exec] Cluster SWG_NGE is not ready for players.
     [exec] Cluster SWG_NGE is not ready for players.
     [exec] Cluster SWG_NGE is not ready for players.
     [exec] Cluster SWG_NGE is not ready for players.
     [exec] Cluster SWG_NGE is not ready for players.
     [exec] Cluster SWG_NGE is not ready for players.
     [exec] Cluster SWG_NGE is not ready for players.
     [exec] Cluster SWG_NGE is not ready for players.
     [exec] Cluster SWG_NGE is not ready for players.
     [exec] Cluster SWG_NGE is not ready for players.
     [exec] Cluster SWG_NGE is not ready for players.
     [exec] Cluster SWG_NGE is not ready for players.
     [exec] Cluster SWG_NGE is not ready for players.
     [exec] Cluster SWG_NGE is not ready for players.
     [exec] Cluster SWG_NGE is not ready for players.
     [exec] Cluster SWG_NGE is not ready for players.
     [exec] Cluster SWG_NGE is not ready for players.
     [exec] Cluster SWG_NGE is not ready for players.
     [exec] Cluster SWG_NGE is not ready for players.
     [exec] Cluster SWG_NGE is not ready for players.
     [exec] Cluster SWG_NGE is not ready for players.
     [exec] Cluster SWG_NGE is not ready for players.
     [exec] Cluster SWG_NGE is not ready for players.
     [exec] Cluster SWG_NGE is not ready for players.
     [exec] Cluster SWG_NGE is not ready for players.
     [exec] Cluster SWG_NGE is not ready for players.
     [exec] Cluster SWG_NGE is not ready for players.
     [exec] Cluster SWG_NGE is not ready for players.
     [exec] [Commodities Server] : 13 locations loaded to memory from database in (0) seconds.
     [exec] [Commodities Server] : 115 auctions loaded to memory from database in (0) seconds.
     [exec] [Commodities Server] : 1105 auction attributes loaded to memory from database in (0) seconds.
     [exec] [Commodities Server] : 0 bids loaded to memory from database in (0) seconds.
     [exec] CommoditiesLoadDone Message received on connection with the database server
     [exec] 13 rows received on Auction_Locations
     [exec] 115 rows received on Market_Auctions
     [exec] 1105 rows received on Market_Auction_Attributes
     [exec] 0 rows received on Market_Auction_Bids
     [exec] New Planet Server connection active
     [exec] New Planet Server connection active
     [exec] New Planet Server connection active
     [exec] New Planet Server connection active
     [exec] New Planet Server connection active
     [exec] New Planet Server connection active
     [exec] New Planet Server connection active
     [exec] New Planet Server connection active
     [exec] New Planet Server connection active
     [exec] New Planet Server connection active
     [exec] New Planet Server connection active
     [exec] New Planet Server connection active
     [exec] New Planet Server connection active
     [exec] New Planet Server connection active
     [exec] New Planet Server connection active
     [exec] New Planet Server connection active
     [exec] New Planet Server connection active
     [exec] New Planet Server connection active
     [exec] New chat server connection active
     [exec] New chat server connection active
     [exec] New Planet Server connection active
     [exec] New chat server connection active
     [exec] New chat server connection active
     [exec] New chat server connection active
     [exec] New Planet Server connection active
     [exec] New chat server connection active
     [exec] New chat server connection active
     [exec] New Planet Server connection active
     [exec] New chat server connection active
     [exec] New chat server connection active
     [exec] New chat server connection active
     [exec] New chat server connection active
     [exec] New chat server connection active
     [exec] New chat server connection active
     [exec] New chat server connection active
     [exec] New Planet Server connection active
     [exec] New chat server connection active
     [exec] New chat server connection active
     [exec] New chat server connection active
     [exec] New chat server connection active
     [exec] New chat server connection active
     [exec] New chat server connection active
     [exec] New chat server connection active
     [exec] New Planet Server connection active
     [exec] New chat server connection active
     [exec] New chat server connection active
     [exec] New chat server connection active
     [exec] New chat server connection active
     [exec] New chat server connection active
     [exec] New chat server connection active
     [exec] New chat server connection active
     [exec] New chat server connection active
     [exec] New chat server connection active
     [exec] New chat server connection active
     [exec] New chat server connection active
     [exec] New chat server connection active
     [exec] New chat server connection active
     [exec] New Planet Server connection active
     [exec] New chat server connection active
     [exec] New chat server connection active
     [exec] New chat server connection active
     [exec] New chat server connection active
     [exec] New Planet Server connection active
     [exec] New Planet Server connection active
     [exec] New Planet Server connection active
     [exec] New Planet Server connection active
     [exec] New Planet Server connection active
     [exec] New Planet Server connection active
     [exec] New Planet Server connection active
     [exec] New Planet Server connection active
     [exec] New Planet Server connection active
     [exec] New Planet Server connection active
     [exec] New Planet Server connection active
     [exec] New Planet Server connection active
     [exec] New Planet Server connection active
     [exec] New Planet Server connection active
     [exec] New Game Server connection active
     [exec] New Game Server connection active
     [exec] New Game Server connection active
     [exec] New Game Server connection active
     [exec] New Game Server connection active
     [exec] New Game Server connection active
     [exec] New Game Server connection active
     [exec] New Game Server connection active
     [exec] New Game Server connection active
     [exec] New Game Server connection active
     [exec] New Game Server connection active
     [exec] New Game Server connection active
     [exec] New Game Server connection active
     [exec] New Game Server connection active
     [exec] New Game Server connection active
     [exec] New Game Server connection active
     [exec] New Game Server connection active
     [exec] New Game Server connection active
     [exec] New Game Server connection active
     [exec] New Game Server connection active
     [exec] New Game Server connection active
     [exec] New Game Server connection active
     [exec] New Game Server connection active
     [exec] New Game Server connection active
     [exec] New Game Server connection active
     [exec] New Game Server connection active
     [exec] New Game Server connection active
     [exec] New Game Server connection active
     [exec] New Game Server connection active
     [exec] New Game Server connection active
     [exec] New Game Server connection active
     [exec] New Game Server connection active
     [exec] New Game Server connection active
     [exec] New Game Server connection active
     [exec] New Game Server connection active
     [exec] New Game Server connection active
     [exec] New Game Server connection active
     [exec] New Game Server connection active
     [exec] Cluster SWG_NGE is ready for players.
     [exec] ERROR: dictionary.readObject: Read null obj_id for value -396598243363240768, key <id> will not be added to the dictionary
     [exec] WARNING:     (9eb4090d): SkillManager failed to load skill [new_prof_jedi_master]
     [exec] Verify and lock name requested for stationId 4286776635
     [exec] Central received VerifyAndLockNameResponse for stationId 4286776635
     [exec] Central routing VerifyAndLockNameResponse for stationId 4286776635 to ConnectionServer
     [exec] ConnectionServer received VerifyAndLockNameResponse for stationId 4286776635 name [Brokman Willow] result [ui:name_approved]
     [exec] ConnectionServer sending ClientVerifyAndLockNameResponse for stationId 4286776635
     [exec] CharacterCreateTrace entered ClientCreateCharacter case for stationId=4286776635
     [exec] CharacterCreateTrace parsed stationId=4286776635 name=[Brokman Willow] template=[object/creature/player/human_male.iff] start=[mos_eisley] hair=[object/tangible/hair/human/hair_human_male_s39.iff] profession=[combat_brawler] jedi=0 tutorial=0 skillTemplate=[commando_1a] workingSkill=[class_commando_phase1_novice] appearanceBytes=120 hairAppearanceBytes=9
     [exec] WARNING:     (9eb4090d): SkillManager failed to load skill [new_prof_jedi_master]
     [exec] Cluster NGE_TC is not ready for players.
     [exec] Cluster NGE_TC is not ready for players.
     [exec] Cluster NGE_TC is not ready for players.
     [exec] Cluster NGE_TC is not ready for players.
     [exec] Cluster NGE_TC is not ready for players.
     [exec] Cluster NGE_TC is not ready for players.
     [exec] Cluster NGE_TC is not ready for players.
     [exec] Cluster NGE_TC is not ready for players.
     [exec] Cluster NGE_TC is not ready for players.
     [exec] Cluster NGE_TC is not ready for players.
     [exec] Cluster NGE_TC is not ready for players.
     [exec] Cluster NGE_TC is not ready for players.
     [exec] Cluster NGE_TC is not ready for players.
     [exec] Cluster NGE_TC is not ready for players.
     [exec] Cluster NGE_TC is not ready for players.
     [exec] Cluster NGE_TC is not ready for players.
     [exec] Cluster NGE_TC is not ready for players.
     [exec] Cluster NGE_TC is not ready for players.
     [exec] Cluster NGE_TC is ready for players.
     [exec] Cluster NGE_TC is not ready for players.
     [exec] Cluster NGE_TC is not ready for players.
     [exec] Cluster NGE_TC is not ready for players.
     [exec] Cluster NGE_TC is ready for players.
     [exec] Cluster NGE_TC is not ready for players.
     [exec] Cluster NGE_TC is not ready for players.
     [exec] Cluster NGE_TC is not ready for players.
     [exec] Cluster NGE_TC is ready for players.
     [exec] Verify and lock name requested for stationId 748103571
     [exec] Central received VerifyAndLockNameResponse for stationId 748103571
     [exec] Central routing VerifyAndLockNameResponse for stationId 748103571 to ConnectionServer
     [exec] ConnectionServer received VerifyAndLockNameResponse for stationId 748103571 name [Oqiwhothao Ithae] result [ui:name_approved]
     [exec] ConnectionServer sending ClientVerifyAndLockNameResponse for stationId 748103571
     [exec] Verify and lock name requested for stationId 748103571
     [exec] Central received VerifyAndLockNameResponse for stationId 748103571
     [exec] Central routing VerifyAndLockNameResponse for stationId 748103571 to ConnectionServer
     [exec] ConnectionServer received VerifyAndLockNameResponse for stationId 748103571 name [Ahicive Iawacobi] result [ui:name_approved]
     [exec] ConnectionServer sending ClientVerifyAndLockNameResponse for stationId 748103571
     [exec] WARNING STRICT FATAL:     (3737b1cb): Validating an already valid client in onValidateClient().  StationId: 748103571 UserName: farstar
     [exec] WARNING STRICT FATAL:     (3737b1cb): Validating an already valid client in onValidateClient().  StationId: 748103571 UserName: farstar
     [exec] WARNING:     (9eb4090d): SkillManager failed to load skill [new_prof_jedi_master]
     [exec] WARNING STRICT FATAL:     (3737b1cb): Validating an already valid client in onValidateClient().  StationId: 748103571 UserName: farstar
     [exec] WARNING STRICT FATAL:     (3737b1cb): Validating an already valid client in onValidateClient().  StationId: 748103571 UserName: farstar
     [exec] WARNING:     (9eb4090d): SkillManager failed to load skill [new_prof_jedi_master]
     [exec] WARNING:     (1642b5b2): CentralServer::startPlanetServer: empty sceneId, host='any' - skipping restart request instead of crashing the cluster
     [exec] WARNING:     (1642b5b2): CentralServer::startPlanetServer: empty sceneId, host='any' - skipping restart request instead of crashing the cluster
     [exec] WARNING:     (1642b5b2): CentralServer::startPlanetServer: empty sceneId, host='any' - skipping restart request instead of crashing the cluster
     [exec] WARNING:     (1642b5b2): CentralServer::startPlanetServer: empty sceneId, host='any' - skipping restart request instead of crashing the cluster
     [exec] WARNING:     (9eb4090d): SkillManager failed to load skill [new_prof_jedi_master]
     [exec] WARNING STRICT FATAL:     (f1e27137): Programmer bug: Cluster disconnected but it wasn't on the list.  Probably indicates we aren't tracking connections properly.
     [exec] 
     [exec] WARNING STRICT FATAL:     (f1e27137): Programmer bug: Cluster disconnected but it wasn't on the list.  Probably indicates we aren't tracking connections properly.
     [exec] 
     [exec] terminate called after throwing an instance of 'std::bad_alloc'
     [exec]   what():  std::bad_alloc
     [exec] WARNING:     (d2a9f729): Parent process exited!
     [exec] WARNING: PlanetServer (pid 1993254) shutdown, reason: Os condition (Parent pid change)
     [exec] WARNING:     (d2a9f729): Parent process exited!
     [exec]     (d2a9f729): Parent process exited!
     [exec] PlanetServer (pid 1993220) shutdown, reason: Os condition (Parent pid change)
     [exec] PlanetServer (pid 1993218) shutdown, reason: Os condition (Parent pid change)
     [exec] WARNING:     (d2a9f729): Parent process exited!
     [exec] PlanetServer (pid 1993229) shutdown, reason: Os condition (Parent pid change)
     [exec] WARNING: WARNING:     (d2a9f729): Parent process exited!
     [exec] PlanetServer (pid 1993237) shutdown, reason: Os condition (Parent pid change)
     [exec]     (d2a9f729): Parent process exited!
     [exec] PlanetServer (pid 1993222) shutdown, reason: Os condition (Parent pid change)
     [exec] WARNING:     (d2a9f729): Parent process exited!
     [exec] PlanetServer (pid 1993236) shutdown, reason: Os condition (Parent pid change)
     [exec] WARNING:     (d2a9f729): Parent process exited!
     [exec] PlanetServer (pid 1993227) shutdown, reason: Os condition (Parent pid change)
     [exec] WARNING: WARNING:     (d2a9f729): Parent process exited!
     [exec] PlanetServer (pid 1993224) shutdown, reason: Os condition (Parent pid change)
     [exec]     (d2a9f729): Parent process exited!
     [exec] PlanetServer (pid 1993241) shutdown, reason: Os condition (Parent pid change)
     [exec] ./exec.sh: line 10: 1993187 Aborted                 ./bin/TaskManager -- @servercommon.cfg
     [exec] WARNING:     (d2a9f729): Parent process exited!
     [exec] PlanetServer (pid 1993219) shutdown, reason: Os condition (Parent pid change)
     [exec] WARNING: WARNING:     (d2a9f729): Parent process exited!
     [exec] PlanetServer (pid 1993250) shutdown, reason: Os condition (Parent pid change)
     [exec]     (d2a9f729): Parent process exited!
     [exec] PlanetServer (pid 1993240) shutdown, reason: Os condition (Parent pid change)
     [exec] WARNING:     (d2a9f729): Parent process exited!
     [exec] PlanetServer (pid 1993230) shutdown, reason: Os condition (Parent pid change)
     [exec] WARNING:     (d2a9f729): Parent process exited!
     [exec] WARNING: WARNING: WARNING:     (d2a9f729): Parent process exited!
     [exec] WARNING: WARNING: PlanetServer (pid 1993231) shutdown, reason: Os condition (Parent pid change)
     [exec] WARNING:     (d2a9f729): Parent process exited!
     [exec] PlanetServer (pid 1993221) shutdown, reason: Os condition (Parent pid change)
     [exec]     (d2a9f729): Parent process exited!
     [exec]     (d2a9f729): Parent process exited!
     [exec]     (d2a9f729): Parent process exited!
     [exec] PlanetServer (pid 1993225) shutdown, reason: Os condition (Parent pid change)
     [exec] PlanetServer (pid 1993256) shutdown, reason: Os condition (Parent pid change)
     [exec] PlanetServer (pid 1993223) shutdown, reason: Os condition (Parent pid change)
     [exec]     (d2a9f729): Parent process exited!
     [exec] PlanetServer (pid 1993251) shutdown, reason: Os condition (Parent pid change)
     [exec] WARNING:     (d2a9f729): Parent process exited!
     [exec] PlanetServer (pid 1993234) shutdown, reason: Os condition (Parent pid change)
     [exec] WARNING: WARNING: WARNING:     (d2a9f729): Parent process exited!
     [exec] PlanetServer (pid 1993253) shutdown, reason: Os condition (Parent pid change)
     [exec]     (d2a9f729): Parent process exited!
     [exec] PlanetServer (pid 1993249) shutdown, reason: Os condition (Parent pid change)
     [exec]     (d2a9f729): Parent process exited!
     [exec] PlanetServer (pid 1993243) shutdown, reason: Os condition (Parent pid change)
     [exec] Result: 134

BUILD SUCCESSFUL
Total time: 898 minutes 27 seconds
Buildfile: /home/swg/swg-main/build.xml

create_symlinks:

stop:
     [exec] LoginServer: no process found
     [exec] Result: 1
     [exec] CentralServer: no process found
     [exec] Result: 1
     [exec] ChatServer: no process found
     [exec] Result: 1
     [exec] CommoditiesServer: no process found
     [exec] Result: 1
     [exec] ConnectionServer: no process found
     [exec] Result: 1
     [exec] CustomerServiceServer: no process found
     [exec] Result: 1
     [exec] LogServer: no process found
     [exec] Result: 1
     [exec] MetricsServer: no process found
     [exec] Result: 1
     [exec] PlanetServer: no process found
     [exec] Result: 1
     [exec] ServerConsole: no process found
     [exec] Result: 1
     [exec] SwgDatabaseServer: no process found
     [exec] Result: 1
     [exec] SwgGameServer: no process found
     [exec] Result: 1
     [exec] TransferServer: no process found
     [exec] Result: 1
     [exec] TaskManager: no process found
     [exec] Result: 1

webcfg-check-for-file:

webcfg:

start:
     [exec] Cluster NGE_TC is ready for players.
     [exec] WARNING:     (6fa54546): Could not find node for this host: 109.228.61.26.
     [exec] Log observer setup: file:logs/character-creation.log{c-!TraceCharacterCreation}
     [exec] CentralServer not launching starting processes because m_clusterId is 0 - not received from the LoginServer yet
     [exec] Cluster SWG_NGE is not ready for players.
     [exec] CentralServer now launching starting processes because has a connection to the TaskManager *AND* has received cluster Id (1) from the LoginServer
     [exec] New Central Server connection active
     [exec] New chat server connection active
     [exec] New Database Server connection active
     [exec] Cluster SWG_NGE is not ready for players.
     [exec] Cluster SWG_NGE is not ready for players.
     [exec] Cluster SWG_NGE is not ready for players.
     [exec] Cluster SWG_NGE is not ready for players.
     [exec] Cluster SWG_NGE is not ready for players.
     [exec] Cluster SWG_NGE is not ready for players.
     [exec] Cluster SWG_NGE is not ready for players.
     [exec] Cluster SWG_NGE is not ready for players.
     [exec] Cluster SWG_NGE is not ready for players.
     [exec] Cluster SWG_NGE is not ready for players.
     [exec] Cluster SWG_NGE is not ready for players.
     [exec] Cluster SWG_NGE is not ready for players.
     [exec] Cluster SWG_NGE is not ready for players.
     [exec] Cluster SWG_NGE is not ready for players.
     [exec] Cluster SWG_NGE is not ready for players.
     [exec] Cluster SWG_NGE is not ready for players.
     [exec] Cluster SWG_NGE is not ready for players.
     [exec] Cluster SWG_NGE is not ready for players.
     [exec] Cluster SWG_NGE is not ready for players.
     [exec] Cluster SWG_NGE is not ready for players.
     [exec] Cluster SWG_NGE is not ready for players.
     [exec] Cluster SWG_NGE is not ready for players.
     [exec] Cluster SWG_NGE is not ready for players.
     [exec] Cluster SWG_NGE is not ready for players.
     [exec] Cluster SWG_NGE is not ready for players.
     [exec] Cluster SWG_NGE is not ready for players.
     [exec] Cluster SWG_NGE is not ready for players.
     [exec] Cluster SWG_NGE is not ready for players.
     [exec] Cluster SWG_NGE is not ready for players.
     [exec] Cluster SWG_NGE is not ready for players.
     [exec] Cluster SWG_NGE is not ready for players.
     [exec] Cluster SWG_NGE is not ready for players.
     [exec] Cluster SWG_NGE is not ready for players.
     [exec] Cluster SWG_NGE is not ready for players.
     [exec] Cluster SWG_NGE is not ready for players.
     [exec] Cluster SWG_NGE is not ready for players.
     [exec] Cluster SWG_NGE is not ready for players.
     [exec] Cluster SWG_NGE is not ready for players.
     [exec] [Commodities Server] : 13 locations loaded to memory from database in (0) seconds.
     [exec] [Commodities Server] : 115 auctions loaded to memory from database in (0) seconds.
     [exec] [Commodities Server] : 1105 auction attributes loaded to memory from database in (0) seconds.
     [exec] [Commodities Server] : 0 bids loaded to memory from database in (0) seconds.
     [exec] CommoditiesLoadDone Message received on connection with the database server
     [exec] 13 rows received on Auction_Locations
     [exec] 115 rows received on Market_Auctions
     [exec] 1105 rows received on Market_Auction_Attributes
     [exec] 0 rows received on Market_Auction_Bids
     [exec] New Planet Server connection active
     [exec] New Planet Server connection active
     [exec] New Planet Server connection active
     [exec] New Planet Server connection active
     [exec] New Planet Server connection active
     [exec] New Planet Server connection active
     [exec] New Planet Server connection active
     [exec] New Planet Server connection active
     [exec] New Planet Server connection active
     [exec] New Planet Server connection active
     [exec] New Planet Server connection active
     [exec] New Planet Server connection active
     [exec] New Planet Server connection active
     [exec] New Planet Server connection active
     [exec] New Planet Server connection active
     [exec] New Planet Server connection active
     [exec] New Planet Server connection active
     [exec] New Planet Server connection active
     [exec] New Planet Server connection active
     [exec] New Planet Server connection active
     [exec] New Planet Server connection active
     [exec] New chat server connection active
     [exec] New chat server connection active
     [exec] New chat server connection active
     [exec] New chat server connection active
     [exec] New chat server connection active
     [exec] New chat server connection active
     [exec] New chat server connection active
     [exec] New chat server connection active
     [exec] New chat server connection active
     [exec] New Planet Server connection active
     [exec] New chat server connection active
     [exec] New chat server connection active
     [exec] New chat server connection active
     [exec] New chat server connection active
     [exec] New chat server connection active
     [exec] New chat server connection active
     [exec] New chat server connection active
     [exec] New chat server connection active
     [exec] New chat server connection active
     [exec] New chat server connection active
     [exec] New chat server connection active
     [exec] New Planet Server connection active
     [exec] New chat server connection active
     [exec] New chat server connection active
     [exec] New chat server connection active
     [exec] New chat server connection active
     [exec] New chat server connection active
     [exec] New chat server connection active
     [exec] New chat server connection active
     [exec] New chat server connection active
     [exec] New chat server connection active
     [exec] New chat server connection active
     [exec] New chat server connection active
     [exec] New chat server connection active
     [exec] New chat server connection active
     [exec] New chat server connection active
     [exec] New Planet Server connection active
     [exec] New chat server connection active
     [exec] New chat server connection active
     [exec] New chat server connection active
     [exec] New chat server connection active
     [exec] New Planet Server connection active
     [exec] New Planet Server connection active
     [exec] New Planet Server connection active
     [exec] New Planet Server connection active
     [exec] New Planet Server connection active
     [exec] New Planet Server connection active
     [exec] New Planet Server connection active
     [exec] New Planet Server connection active
     [exec] New Planet Server connection active
     [exec] New Planet Server connection active
     [exec] New Planet Server connection active
     [exec] New Planet Server connection active
     [exec] New Planet Server connection active
     [exec] New Planet Server connection active
     [exec] New Game Server connection active
     [exec] New Game Server connection active
     [exec] New Game Server connection active
     [exec] New Game Server connection active
     [exec] New Game Server connection active
     [exec] New Game Server connection active
     [exec] New Game Server connection active
     [exec] New Game Server connection active
     [exec] New Game Server connection active
     [exec] New Game Server connection active
     [exec] New Game Server connection active
     [exec] New Game Server connection active
     [exec] New Game Server connection active
     [exec] New Game Server connection active
     [exec] New Game Server connection active
     [exec] New Game Server connection active
     [exec] New Game Server connection active
     [exec] New Game Server connection active
     [exec] New Game Server connection active
     [exec] New Game Server connection active
     [exec] New Game Server connection active
     [exec] New Game Server connection active
     [exec] New Game Server connection active
     [exec] New Game Server connection active
     [exec] New Game Server connection active
     [exec] New Game Server connection active
     [exec] New Game Server connection active
     [exec] New Game Server connection active
     [exec] New Game Server connection active
     [exec] New Game Server connection active
     [exec] New Game Server connection active
     [exec] New Game Server connection active
     [exec] New Game Server connection active
     [exec] New Game Server connection active
     [exec] New Game Server connection active
     [exec] New Game Server connection active
     [exec] New Game Server connection active
     [exec] New Game Server connection active
     [exec] Cluster SWG_NGE is ready for players.
     [exec] ERROR: dictionary.readObject: Read null obj_id for value 1106500, key <id> will not be added to the dictionary
     [exec] WARNING:     (3721c4f3): () Failed to commit 4 bytes this frame to 194.88.98.109:51648. This process is sending more data than the remote can receive!
     [exec] WARNING:     (3721c4f3): () Failed to commit 4 bytes this frame to 194.88.98.109:51648. This process is sending more data than the remote can receive!
     [exec] WARNING:     (3721c4f3): () Failed to commit 4 bytes this frame to 194.88.98.109:51648. This process is sending more data than the remote can receive!
     [exec] WARNING:     (3721c4f3): () Failed to commit 4 bytes this frame to 194.88.98.109:51648. This process is sending more data than the remote can receive!
     [exec] WARNING:     (3721c4f3): () Failed to commit 8 bytes this frame to 194.88.98.109:51648. This process is sending more data than the remote can receive!
     [exec] WARNING:     (3721c4f3): () Failed to commit 8 bytes this frame to 194.88.98.109:51648. This process is sending more data than the remote can receive!
     [exec] WARNING:     (3721c4f3): () Failed to commit 8 bytes this frame to 194.88.98.109:51648. This process is sending more data than the remote can receive!
     [exec] WARNING:     (3721c4f3): () Failed to commit 8 bytes this frame to 194.88.98.109:51648. This process is sending more data than the remote can receive!
     [exec] WARNING:     (3721c4f3): () Failed to commit 12 bytes this frame to 194.88.98.109:51648. This process is sending more data than the remote can receive!
     [exec] WARNING:     (3721c4f3): () Failed to commit 12 bytes this frame to 194.88.98.109:51648. This process is sending more data than the remote can receive!
     [exec] WARNING:     (3721c4f3): () Failed to commit 12 bytes this frame to 194.88.98.109:51648. This process is sending more data than the remote can receive!
     [exec] WARNING:     (3721c4f3): () Failed to commit 12 bytes this frame to 194.88.98.109:51648. This process is sending more data than the remote can receive!
     [exec] WARNING:     (3721c4f3): () Failed to commit 16 bytes this frame to 194.88.98.109:51648. This process is sending more data than the remote can receive!
     [exec] WARNING:     (3721c4f3): () Failed to commit 16 bytes this frame to 194.88.98.109:51648. This process is sending more data than the remote can receive!
     [exec] WARNING:     (3721c4f3): () Failed to commit 16 bytes this frame to 194.88.98.109:51648. This process is sending more data than the remote can receive!
     [exec] WARNING:     (3721c4f3): () Failed to commit 16 bytes this frame to 194.88.98.109:51648. This process is sending more data than the remote can receive!
     [exec] WARNING:     (3721c4f3): () Failed to commit 20 bytes this frame to 194.88.98.109:51648. This process is sending more data than the remote can receive!
     [exec] WARNING:     (3721c4f3): () Failed to commit 20 bytes this frame to 194.88.98.109:51648. This process is sending more data than the remote can receive!
     [exec] WARNING:     (3721c4f3): () Failed to commit 20 bytes this frame to 194.88.98.109:51648. This process is sending more data than the remote can receive!
     [exec] WARNING:     (3721c4f3): () Failed to commit 20 bytes this frame to 194.88.98.109:51648. This process is sending more data than the remote can receive!
     [exec] WARNING:     (3721c4f3): () Failed to commit 24 bytes this frame to 194.88.98.109:51648. This process is sending more data than the remote can receive!
     [exec] WARNING:     (3721c4f3): () Failed to commit 24 bytes this frame to 194.88.98.109:51648. This process is sending more data than the remote can receive!
     [exec] WARNING:     (3721c4f3): () Failed to commit 24 bytes this frame to 194.88.98.109:51648. This process is sending more data than the remote can receive!
     [exec] WARNING:     (3721c4f3): () Failed to commit 24 bytes this frame to 194.88.98.109:51648. This process is sending more data than the remote can receive!
     [exec] WARNING:     (3721c4f3): () Failed to commit 28 bytes this frame to 194.88.98.109:51648. This process is sending more data than the remote can receive!
     [exec] WARNING:     (3721c4f3): () Failed to commit 28 bytes this frame to 194.88.98.109:51648. This process is sending more data than the remote can receive!
     [exec] WARNING:     (3721c4f3): () Failed to commit 28 bytes this frame to 194.88.98.109:51648. This process is sending more data than the remote can receive!
     [exec] WARNING:     (3721c4f3): () Failed to commit 28 bytes this frame to 194.88.98.109:51648. This process is sending more data than the remote can receive!
     [exec]     (6fa54546): Could not find node for this host: 109.228.61.26.
     [exec]     (3721c4f3): () Failed to commit 4 bytes this frame to 194.88.98.109:51648. This process is sending more data than the remote can receive!
     [exec]     (3721c4f3): () Failed to commit 4 bytes this frame to 194.88.98.109:51648. This process is sending more data than the remote can receive!
     [exec]     (3721c4f3): () Failed to commit 4 bytes this frame to 194.88.98.109:51648. This process is sending more data than the remote can receive!
     [exec]     (3721c4f3): () Failed to commit 4 bytes this frame to 194.88.98.109:51648. This process is sending more data than the remote can receive!
     [exec]     (3721c4f3): () Failed to commit 8 bytes this frame to 194.88.98.109:51648. This process is sending more data than the remote can receive!
     [exec]     (3721c4f3): () Failed to commit 8 bytes this frame to 194.88.98.109:51648. This process is sending more data than the remote can receive!
     [exec]     (3721c4f3): () Failed to commit 8 bytes this frame to 194.88.98.109:51648. This process is sending more data than the remote can receive!
     [exec]     (3721c4f3): () Failed to commit 8 bytes this frame to 194.88.98.109:51648. This process is sending more data than the remote can receive!
     [exec]     (3721c4f3): () Failed to commit 12 bytes this frame to 194.88.98.109:51648. This process is sending more data than the remote can receive!
     [exec]     (3721c4f3): () Failed to commit 12 bytes this frame to 194.88.98.109:51648. This process is sending more data than the remote can receive!
     [exec]     (3721c4f3): () Failed to commit 12 bytes this frame to 194.88.98.109:51648. This process is sending more data than the remote can receive!
     [exec]     (3721c4f3): () Failed to commit 12 bytes this frame to 194.88.98.109:51648. This process is sending more data than the remote can receive!
     [exec]     (3721c4f3): () Failed to commit 16 bytes this frame to 194.88.98.109:51648. This process is sending more data than the remote can receive!
     [exec]     (3721c4f3): () Failed to commit 16 bytes this frame to 194.88.98.109:51648. This process is sending more data than the remote can receive!
     [exec]     (3721c4f3): () Failed to commit 16 bytes this frame to 194.88.98.109:51648. This process is sending more data than the remote can receive!
     [exec]     (3721c4f3): () Failed to commit 16 bytes this frame to 194.88.98.109:51648. This process is sending more data than the remote can receive!
     [exec]     (3721c4f3): () Failed to commit 20 bytes this frame to 194.88.98.109:51648. This process is sending more data than the remote can receive!
     [exec]     (3721c4f3): () Failed to commit 20 bytes this frame to 194.88.98.109:51648. This process is sending more data than the remote can receive!
     [exec]     (3721c4f3): () Failed to commit 20 bytes this frame to 194.88.98.109:51648. This process is sending more data than the remote can receive!
     [exec]     (3721c4f3): () Failed to commit 20 bytes this frame to 194.88.98.109:51648. This process is sending more data than the remote can receive!
     [exec]     (3721c4f3): () Failed to commit 24 bytes this frame to 194.88.98.109:51648. This process is sending more data than the remote can receive!
     [exec]     (3721c4f3): () Failed to commit 24 bytes this frame to 194.88.98.109:51648. This process is sending more data than the remote can receive!
     [exec]     (3721c4f3): () Failed to commit 24 bytes this frame to 194.88.98.109:51648. This process is sending more data than the remote can receive!
     [exec]     (3721c4f3): () Failed to commit 24 bytes this frame to 194.88.98.109:51648. This process is sending more data than the remote can receive!
     [exec]     (3721c4f3): () Failed to commit 28 bytes this frame to 194.88.98.109:51648. This process is sending more data than the remote can receive!
     [exec]     (3721c4f3): () Failed to commit 28 bytes this frame to 194.88.98.109:51648. This process is sending more data than the remote can receive!
     [exec]     (3721c4f3): () Failed to commit 28 bytes this frame to 194.88.98.109:51648. This process is sending more data than the remote can receive!
     [exec]     (3721c4f3): () Failed to commit 28 bytes this frame to 194.88.98.109:51648. This process is sending more data than the remote can receive!
     [exec] WARNING:     (3721c4f3): () Failed to commit 32 bytes this frame to 194.88.98.109:51648. This process is sending more data than the remote can receive!
     [exec] WARNING:     (3721c4f3): () Failed to commit 32 bytes this frame to 194.88.98.109:51648. This process is sending more data than the remote can receive!
     [exec] WARNING:     (3721c4f3): () Failed to commit 32 bytes this frame to 194.88.98.109:51648. This process is sending more data than the remote can receive!
     [exec] WARNING:     (3721c4f3): () Failed to commit 32 bytes this frame to 194.88.98.109:51648. This process is sending more data than the remote can receive!
     [exec] WARNING:     (3721c4f3): () Failed to commit 36 bytes this frame to 194.88.98.109:51648. This process is sending more data than the remote can receive!
     [exec] WARNING:     (3721c4f3): () Failed to commit 36 bytes this frame to 194.88.98.109:51648. This process is sending more data than the remote can receive!
     [exec] WARNING:     (3721c4f3): () Failed to commit 36 bytes this frame to 194.88.98.109:51648. This process is sending more data than the remote can receive!
     [exec] WARNING:     (3721c4f3): () Failed to commit 36 bytes this frame to 194.88.98.109:51648. This process is sending more data than the remote can receive!
     [exec] WARNING:     (3721c4f3): () Failed to commit 40 bytes this frame to 194.88.98.109:51648. This process is sending more data than the remote can receive!
     [exec] WARNING:     (3721c4f3): () Failed to commit 40 bytes this frame to 194.88.98.109:51648. This process is sending more data than the remote can receive!
     [exec] WARNING:     (3721c4f3): () Failed to commit 40 bytes this frame to 194.88.98.109:51648. This process is sending more data than the remote can receive!
     [exec] WARNING:     (3721c4f3): () Failed to commit 40 bytes this frame to 194.88.98.109:51648. This process is sending more data than the remote can receive!
     [exec] WARNING:     (3721c4f3): () Failed to commit 44 bytes this frame to 194.88.98.109:51648. This process is sending more data than the remote can receive!
     [exec] WARNING:     (3721c4f3): () Failed to commit 44 bytes this frame to 194.88.98.109:51648. This process is sending more data than the remote can receive!
     [exec] WARNING:     (3721c4f3): () Failed to commit 44 bytes this frame to 194.88.98.109:51648. This process is sending more data than the remote can receive!
     [exec] WARNING:     (3721c4f3): () Failed to commit 44 bytes this frame to 194.88.98.109:51648. This process is sending more data than the remote can receive!
     [exec] WARNING:     (3721c4f3): () Failed to commit 48 bytes this frame to 194.88.98.109:51648. This process is sending more data than the remote can receive!
     [exec] WARNING:     (3721c4f3): () Failed to commit 48 bytes this frame to 194.88.98.109:51648. This process is sending more data than the remote can receive!
     [exec] WARNING:     (3721c4f3): () Failed to commit 48 bytes this frame to 194.88.98.109:51648. This process is sending more data than the remote can receive!
     [exec] WARNING:     (3721c4f3): () Failed to commit 48 bytes this frame to 194.88.98.109:51648. This process is sending more data than the remote can receive!
     [exec] WARNING:     (3721c4f3): () Failed to commit 52 bytes this frame to 194.88.98.109:51648. This process is sending more data than the remote can receive!
     [exec] WARNING:     (3721c4f3): () Failed to commit 52 bytes this frame to 194.88.98.109:51648. This process is sending more data than the remote can receive!
     [exec] WARNING:     (3721c4f3): () Failed to commit 52 bytes this frame to 194.88.98.109:51648. This process is sending more data than the remote can receive!
     [exec] WARNING:     (3721c4f3): () Failed to commit 52 bytes this frame to 194.88.98.109:51648. This process is sending more data than the remote can receive!
     [exec] WARNING:     (3721c4f3): () Failed to commit 56 bytes this frame to 194.88.98.109:51648. This process is sending more data than the remote can receive!
     [exec] WARNING:     (3721c4f3): () Failed to commit 56 bytes this frame to 194.88.98.109:51648. This process is sending more data than the remote can receive!
     [exec] WARNING:     (3721c4f3): () Failed to commit 56 bytes this frame to 194.88.98.109:51648. This process is sending more data than the remote can receive!
     [exec] WARNING:     (3721c4f3): () Failed to commit 56 bytes this frame to 194.88.98.109:51648. This process is sending more data than the remote can receive!
     [exec]     (3721c4f3): () Failed to commit 32 bytes this frame to 194.88.98.109:51648. This process is sending more data than the remote can receive!
     [exec]     (3721c4f3): () Failed to commit 32 bytes this frame to 194.88.98.109:51648. This process is sending more data than the remote can receive!
     [exec]     (3721c4f3): () Failed to commit 32 bytes this frame to 194.88.98.109:51648. This process is sending more data than the remote can receive!
     [exec]     (3721c4f3): () Failed to commit 32 bytes this frame to 194.88.98.109:51648. This process is sending more data than the remote can receive!
     [exec]     (3721c4f3): () Failed to commit 36 bytes this frame to 194.88.98.109:51648. This process is sending more data than the remote can receive!
     [exec]     (3721c4f3): () Failed to commit 36 bytes this frame to 194.88.98.109:51648. This process is sending more data than the remote can receive!
     [exec]     (3721c4f3): () Failed to commit 36 bytes this frame to 194.88.98.109:51648. This process is sending more data than the remote can receive!
     [exec]     (3721c4f3): () Failed to commit 36 bytes this frame to 194.88.98.109:51648. This process is sending more data than the remote can receive!
     [exec]     (3721c4f3): () Failed to commit 40 bytes this frame to 194.88.98.109:51648. This process is sending more data than the remote can receive!
     [exec]     (3721c4f3): () Failed to commit 40 bytes this frame to 194.88.98.109:51648. This process is sending more data than the remote can receive!
     [exec]     (3721c4f3): () Failed to commit 40 bytes this frame to 194.88.98.109:51648. This process is sending more data than the remote can receive!
     [exec]     (3721c4f3): () Failed to commit 40 bytes this frame to 194.88.98.109:51648. This process is sending more data than the remote can receive!
     [exec]     (3721c4f3): () Failed to commit 44 bytes this frame to 194.88.98.109:51648. This process is sending more data than the remote can receive!
     [exec]     (3721c4f3): () Failed to commit 44 bytes this frame to 194.88.98.109:51648. This process is sending more data than the remote can receive!
     [exec]     (3721c4f3): () Failed to commit 44 bytes this frame to 194.88.98.109:51648. This process is sending more data than the remote can receive!
     [exec]     (3721c4f3): () Failed to commit 44 bytes this frame to 194.88.98.109:51648. This process is sending more data than the remote can receive!
     [exec]     (3721c4f3): () Failed to commit 48 bytes this frame to 194.88.98.109:51648. This process is sending more data than the remote can receive!
     [exec]     (3721c4f3): () Failed to commit 48 bytes this frame to 194.88.98.109:51648. This process is sending more data than the remote can receive!
     [exec]     (3721c4f3): () Failed to commit 48 bytes this frame to 194.88.98.109:51648. This process is sending more data than the remote can receive!
     [exec]     (3721c4f3): () Failed to commit 48 bytes this frame to 194.88.98.109:51648. This process is sending more data than the remote can receive!
     [exec]     (3721c4f3): () Failed to commit 52 bytes this frame to 194.88.98.109:51648. This process is sending more data than the remote can receive!
     [exec]     (3721c4f3): () Failed to commit 52 bytes this frame to 194.88.98.109:51648. This process is sending more data than the remote can receive!
     [exec]     (3721c4f3): () Failed to commit 52 bytes this frame to 194.88.98.109:51648. This process is sending more data than the remote can receive!
     [exec]     (3721c4f3): () Failed to commit 52 bytes this frame to 194.88.98.109:51648. This process is sending more data than the remote can receive!
     [exec]     (3721c4f3): () Failed to commit 56 bytes this frame to 194.88.98.109:51648. This process is sending more data than the remote can receive!
     [exec]     (3721c4f3): () Failed to commit 56 bytes this frame to 194.88.98.109:51648. This process is sending more data than the remote can receive!
     [exec]     (3721c4f3): () Failed to commit 56 bytes this frame to 194.88.98.109:51648. This process is sending more data than the remote can receive!
     [exec]     (3721c4f3): () Failed to commit 56 bytes this frame to 194.88.98.109:51648. This process is sending more data than the remote can receive!
     [exec] WARNING:     (3721c4f3): () Failed to commit 60 bytes this frame to 194.88.98.109:51648. This process is sending more data than the remote can receive!
     [exec] WARNING:     (3721c4f3): () Failed to commit 60 bytes this frame to 194.88.98.109:51648. This process is sending more data than the remote can receive!
     [exec] WARNING:     (3721c4f3): () Failed to commit 60 bytes this frame to 194.88.98.109:51648. This process is sending more data than the remote can receive!
     [exec] WARNING:     (3721c4f3): () Failed to commit 60 bytes this frame to 194.88.98.109:51648. This process is sending more data than the remote can receive!
     [exec] WARNING:     (3721c4f3): () Failed to commit 64 bytes this frame to 194.88.98.109:51648. This process is sending more data than the remote can receive!
     [exec] WARNING:     (3721c4f3): () Failed to commit 64 bytes this frame to 194.88.98.109:51648. This process is sending more data than the remote can receive!
     [exec] WARNING:     (3721c4f3): () Failed to commit 64 bytes this frame to 194.88.98.109:51648. This process is sending more data than the remote can receive!
     [exec] WARNING:     (3721c4f3): () Failed to commit 64 bytes this frame to 194.88.98.109:51648. This process is sending more data than the remote can receive!
     [exec] WARNING:     (3721c4f3): () Failed to commit 68 bytes this frame to 194.88.98.109:51648. This process is sending more data than the remote can receive!
     [exec] WARNING:     (3721c4f3): () Failed to commit 68 bytes this frame to 194.88.98.109:51648. This process is sending more data than the remote can receive!
     [exec] WARNING:     (3721c4f3): () Failed to commit 68 bytes this frame to 194.88.98.109:51648. This process is sending more data than the remote can receive!
     [exec] WARNING:     (3721c4f3): () Failed to commit 68 bytes this frame to 194.88.98.109:51648. This process is sending more data than the remote can receive!
     [exec] WARNING:     (3721c4f3): () Failed to commit 72 bytes this frame to 194.88.98.109:51648. This process is sending more data than the remote can receive!
     [exec] WARNING:     (3721c4f3): () Failed to commit 72 bytes this frame to 194.88.98.109:51648. This process is sending more data than the remote can receive!
     [exec] WARNING:     (3721c4f3): () Failed to commit 72 bytes this frame to 194.88.98.109:51648. This process is sending more data than the remote can receive!
     [exec] WARNING:     (3721c4f3): () Failed to commit 72 bytes this frame to 194.88.98.109:51648. This process is sending more data than the remote can receive!
     [exec] WARNING:     (3721c4f3): () Failed to commit 76 bytes this frame to 194.88.98.109:51648. This process is sending more data than the remote can receive!
     [exec] WARNING:     (3721c4f3): () Failed to commit 76 bytes this frame to 194.88.98.109:51648. This process is sending more data than the remote can receive!
     [exec] WARNING:     (3721c4f3): () Failed to commit 76 bytes this frame to 194.88.98.109:51648. This process is sending more data than the remote can receive!
     [exec] WARNING:     (3721c4f3): () Failed to commit 76 bytes this frame to 194.88.98.109:51648. This process is sending more data than the remote can receive!
     [exec] WARNING:     (3721c4f3): () Failed to commit 80 bytes this frame to 194.88.98.109:51648. This process is sending more data than the remote can receive!
     [exec] WARNING:     (3721c4f3): () Failed to commit 80 bytes this frame to 194.88.98.109:51648. This process is sending more data than the remote can receive!
     [exec] WARNING:     (3721c4f3): () Failed to commit 80 bytes this frame to 194.88.98.109:51648. This process is sending more data than the remote can receive!
     [exec] WARNING:     (3721c4f3): () Failed to commit 80 bytes this frame to 194.88.98.109:51648. This process is sending more data than the remote can receive!
     [exec] WARNING:     (3721c4f3): () Failed to commit 84 bytes this frame to 194.88.98.109:51648. This process is sending more data than the remote can receive!
     [exec] WARNING:     (3721c4f3): () Failed to commit 84 bytes this frame to 194.88.98.109:51648. This process is sending more data than the remote can receive!
     [exec] WARNING:     (3721c4f3): () Failed to commit 84 bytes this frame to 194.88.98.109:51648. This process is sending more data than the remote can receive!
     [exec] WARNING:     (3721c4f3): () Failed to commit 84 bytes this frame to 194.88.98.109:51648. This process is sending more data than the remote can receive!
     [exec] WARNING:     (3721c4f3): () Failed to commit 88 bytes this frame to 194.88.98.109:51648. This process is sending more data than the remote can receive!
     [exec]     (3721c4f3): () Failed to commit 60 bytes this frame to 194.88.98.109:51648. This process is sending more data than the remote can receive!
     [exec]     (3721c4f3): () Failed to commit 60 bytes this frame to 194.88.98.109:51648. This process is sending more data than the remote can receive!
     [exec]     (3721c4f3): () Failed to commit 60 bytes this frame to 194.88.98.109:51648. This process is sending more data than the remote can receive!
     [exec]     (3721c4f3): () Failed to commit 60 bytes this frame to 194.88.98.109:51648. This process is sending more data than the remote can receive!
     [exec]     (3721c4f3): () Failed to commit 64 bytes this frame to 194.88.98.109:51648. This process is sending more data than the remote can receive!
     [exec]     (3721c4f3): () Failed to commit 64 bytes this frame to 194.88.98.109:51648. This process is sending more data than the remote can receive!
     [exec]     (3721c4f3): () Failed to commit 64 bytes this frame to 194.88.98.109:51648. This process is sending more data than the remote can receive!
     [exec]     (3721c4f3): () Failed to commit 64 bytes this frame to 194.88.98.109:51648. This process is sending more data than the remote can receive!
     [exec]     (3721c4f3): () Failed to commit 68 bytes this frame to 194.88.98.109:51648. This process is sending more data than the remote can receive!
     [exec]     (3721c4f3): () Failed to commit 68 bytes this frame to 194.88.98.109:51648. This process is sending more data than the remote can receive!
     [exec]     (3721c4f3): () Failed to commit 68 bytes this frame to 194.88.98.109:51648. This process is sending more data than the remote can receive!
     [exec]     (3721c4f3): () Failed to commit 68 bytes this frame to 194.88.98.109:51648. This process is sending more data than the remote can receive!
     [exec]     (3721c4f3): () Failed to commit 72 bytes this frame to 194.88.98.109:51648. This process is sending more data than the remote can receive!
     [exec]     (3721c4f3): () Failed to commit 72 bytes this frame to 194.88.98.109:51648. This process is sending more data than the remote can receive!
     [exec]     (3721c4f3): () Failed to commit 72 bytes this frame to 194.88.98.109:51648. This process is sending more data than the remote can receive!
     [exec]     (3721c4f3): () Failed to commit 72 bytes this frame to 194.88.98.109:51648. This process is sending more data than the remote can receive!
     [exec]     (3721c4f3): () Failed to commit 76 bytes this frame to 194.88.98.109:51648. This process is sending more data than the remote can receive!
     [exec]     (3721c4f3): () Failed to commit 76 bytes this frame to 194.88.98.109:51648. This process is sending more data than the remote can receive!
     [exec]     (3721c4f3): () Failed to commit 76 bytes this frame to 194.88.98.109:51648. This process is sending more data than the remote can receive!
     [exec]     (3721c4f3): () Failed to commit 76 bytes this frame to 194.88.98.109:51648. This process is sending more data than the remote can receive!
     [exec]     (3721c4f3): () Failed to commit 80 bytes this frame to 194.88.98.109:51648. This process is sending more data than the remote can receive!
     [exec]     (3721c4f3): () Failed to commit 80 bytes this frame to 194.88.98.109:51648. This process is sending more data than the remote can receive!
     [exec]     (3721c4f3): () Failed to commit 80 bytes this frame to 194.88.98.109:51648. This process is sending more data than the remote can receive!
     [exec]     (3721c4f3): () Failed to commit 80 bytes this frame to 194.88.98.109:51648. This process is sending more data than the remote can receive!
     [exec]     (3721c4f3): () Failed to commit 84 bytes this frame to 194.88.98.109:51648. This process is sending more data than the remote can receive!
     [exec]     (3721c4f3): () Failed to commit 84 bytes this frame to 194.88.98.109:51648. This process is sending more data than the remote can receive!
     [exec]     (3721c4f3): () Failed to commit 84 bytes this frame to 194.88.98.109:51648. This process is sending more data than the remote can receive!
     [exec]     (3721c4f3): () Failed to commit 84 bytes this frame to 194.88.98.109:51648. This process is sending more data than the remote can receive!
     [exec]     (3721c4f3): () Failed to commit 88 bytes this frame to 194.88.98.109:51648. This process is sending more data than the remote can receive!
     [exec] WARNING:     (3721c4f3): () Failed to commit 88 bytes this frame to 194.88.98.109:51648. This process is sending more data than the remote can receive!
     [exec] WARNING:     (3721c4f3): () Failed to commit 88 bytes this frame to 194.88.98.109:51648. This process is sending more data than the remote can receive!
     [exec] WARNING:     (3721c4f3): () Failed to commit 88 bytes this frame to 194.88.98.109:51648. This process is sending more data than the remote can receive!
     [exec] WARNING:     (3721c4f3): () Failed to commit 92 bytes this frame to 194.88.98.109:51648. This process is sending more data than the remote can receive!
     [exec] WARNING:     (3721c4f3): () Failed to commit 92 bytes this frame to 194.88.98.109:51648. This process is sending more data than the remote can receive!
     [exec] WARNING:     (3721c4f3): () Failed to commit 92 bytes this frame to 194.88.98.109:51648. This process is sending more data than the remote can receive!
     [exec] WARNING:     (3721c4f3): () Failed to commit 92 bytes this frame to 194.88.98.109:51648. This process is sending more data than the remote can receive!
     [exec] WARNING:     (3721c4f3): () Failed to commit 96 bytes this frame to 194.88.98.109:51648. This process is sending more data than the remote can receive!
     [exec] WARNING:     (3721c4f3): () Failed to commit 96 bytes this frame to 194.88.98.109:51648. This process is sending more data than the remote can receive!
     [exec] WARNING:     (3721c4f3): () Failed to commit 96 bytes this frame to 194.88.98.109:51648. This process is sending more data than the remote can receive!
     [exec] WARNING:     (3721c4f3): () Failed to commit 96 bytes this frame to 194.88.98.109:51648. This process is sending more data than the remote can receive!
     [exec] WARNING:     (3721c4f3): () Failed to commit 100 bytes this frame to 194.88.98.109:51648. This process is sending more data than the remote can receive!
     [exec] WARNING:     (3721c4f3): () Failed to commit 100 bytes this frame to 194.88.98.109:51648. This process is sending more data than the remote can receive!
     [exec] WARNING:     (3721c4f3): () Failed to commit 100 bytes this frame to 194.88.98.109:51648. This process is sending more data than the remote can receive!
     [exec] WARNING:     (3721c4f3): () Failed to commit 100 bytes this frame to 194.88.98.109:51648. This process is sending more data than the remote can receive!
     [exec] WARNING:     (3721c4f3): () Failed to commit 104 bytes this frame to 194.88.98.109:51648. This process is sending more data than the remote can receive!
     [exec] WARNING:     (3721c4f3): () Failed to commit 104 bytes this frame to 194.88.98.109:51648. This process is sending more data than the remote can receive!
     [exec] WARNING:     (3721c4f3): () Failed to commit 104 bytes this frame to 194.88.98.109:51648. This process is sending more data than the remote can receive!
     [exec] WARNING:     (3721c4f3): () Failed to commit 104 bytes this frame to 194.88.98.109:51648. This process is sending more data than the remote can receive!
     [exec] WARNING:     (3721c4f3): () Failed to commit 108 bytes this frame to 194.88.98.109:51648. This process is sending more data than the remote can receive!
     [exec] WARNING:     (3721c4f3): () Failed to commit 108 bytes this frame to 194.88.98.109:51648. This process is sending more data than the remote can receive!
     [exec] WARNING:     (3721c4f3): () Failed to commit 108 bytes this frame to 194.88.98.109:51648. This process is sending more data than the remote can receive!
     [exec] WARNING:     (3721c4f3): () Failed to commit 108 bytes this frame to 194.88.98.109:51648. This process is sending more data than the remote can receive!
     [exec] WARNING:     (3721c4f3): () Failed to commit 112 bytes this frame to 194.88.98.109:51648. This process is sending more data than the remote can receive!
     [exec] WARNING:     (3721c4f3): () Failed to commit 112 bytes this frame to 194.88.98.109:51648. This process is sending more data than the remote can receive!
     [exec] WARNING:     (3721c4f3): () Failed to commit 112 bytes this frame to 194.88.98.109:51648. This process is sending more data than the remote can receive!
     [exec] WARNING:     (3721c4f3): () Failed to commit 112 bytes this frame to 194.88.98.109:51648. This process is sending more data than the remote can receive!
     [exec] WARNING:     (3721c4f3): () Failed to commit 116 bytes this frame to 194.88.98.109:51648. This process is sending more data than the remote can receive!
     [exec] WARNING:     (3721c4f3): () Failed to commit 116 bytes this frame to 194.88.98.109:51648. This process is sending more data than the remote can receive!
     [exec] WARNING:     (3721c4f3): () Failed to commit 116 bytes this frame to 194.88.98.109:51648. This process is sending more data than the remote can receive!
     [exec]     (3721c4f3): () Failed to commit 88 bytes this frame to 194.88.98.109:51648. This process is sending more data than the remote can receive!
     [exec]     (3721c4f3): () Failed to commit 88 bytes this frame to 194.88.98.109:51648. This process is sending more data than the remote can receive!
     [exec]     (3721c4f3): () Failed to commit 88 bytes this frame to 194.88.98.109:51648. This process is sending more data than the remote can receive!
     [exec]     (3721c4f3): () Failed to commit 92 bytes this frame to 194.88.98.109:51648. This process is sending more data than the remote can receive!
     [exec]     (3721c4f3): () Failed to commit 92 bytes this frame to 194.88.98.109:51648. This process is sending more data than the remote can receive!
     [exec]     (3721c4f3): () Failed to commit 92 bytes this frame to 194.88.98.109:51648. This process is sending more data than the remote can receive!
     [exec]     (3721c4f3): () Failed to commit 92 bytes this frame to 194.88.98.109:51648. This process is sending more data than the remote can receive!
     [exec]     (3721c4f3): () Failed to commit 96 bytes this frame to 194.88.98.109:51648. This process is sending more data than the remote can receive!
     [exec]     (3721c4f3): () Failed to commit 96 bytes this frame to 194.88.98.109:51648. This process is sending more data than the remote can receive!
     [exec]     (3721c4f3): () Failed to commit 96 bytes this frame to 194.88.98.109:51648. This process is sending more data than the remote can receive!
     [exec]     (3721c4f3): () Failed to commit 96 bytes this frame to 194.88.98.109:51648. This process is sending more data than the remote can receive!
     [exec]     (3721c4f3): () Failed to commit 100 bytes this frame to 194.88.98.109:51648. This process is sending more data than the remote can receive!
     [exec]     (3721c4f3): () Failed to commit 100 bytes this frame to 194.88.98.109:51648. This process is sending more data than the remote can receive!
     [exec]     (3721c4f3): () Failed to commit 100 bytes this frame to 194.88.98.109:51648. This process is sending more data than the remote can receive!
     [exec]     (3721c4f3): () Failed to commit 100 bytes this frame to 194.88.98.109:51648. This process is sending more data than the remote can receive!
     [exec]     (3721c4f3): () Failed to commit 104 bytes this frame to 194.88.98.109:51648. This process is sending more data than the remote can receive!
     [exec]     (3721c4f3): () Failed to commit 104 bytes this frame to 194.88.98.109:51648. This process is sending more data than the remote can receive!
     [exec]     (3721c4f3): () Failed to commit 104 bytes this frame to 194.88.98.109:51648. This process is sending more data than the remote can receive!
     [exec]     (3721c4f3): () Failed to commit 104 bytes this frame to 194.88.98.109:51648. This process is sending more data than the remote can receive!
     [exec]     (3721c4f3): () Failed to commit 108 bytes this frame to 194.88.98.109:51648. This process is sending more data than the remote can receive!
     [exec]     (3721c4f3): () Failed to commit 108 bytes this frame to 194.88.98.109:51648. This process is sending more data than the remote can receive!
     [exec]     (3721c4f3): () Failed to commit 108 bytes this frame to 194.88.98.109:51648. This process is sending more data than the remote can receive!
     [exec]     (3721c4f3): () Failed to commit 108 bytes this frame to 194.88.98.109:51648. This process is sending more data than the remote can receive!
     [exec]     (3721c4f3): () Failed to commit 112 bytes this frame to 194.88.98.109:51648. This process is sending more data than the remote can receive!
     [exec]     (3721c4f3): () Failed to commit 112 bytes this frame to 194.88.98.109:51648. This process is sending more data than the remote can receive!
     [exec]     (3721c4f3): () Failed to commit 112 bytes this frame to 194.88.98.109:51648. This process is sending more data than the remote can receive!
     [exec]     (3721c4f3): () Failed to commit 112 bytes this frame to 194.88.98.109:51648. This process is sending more data than the remote can receive!
     [exec]     (3721c4f3): () Failed to commit 116 bytes this frame to 194.88.98.109:51648. This process is sending more data than the remote can receive!
     [exec]     (3721c4f3): () Failed to commit 116 bytes this frame to 194.88.98.109:51648. This process is sending more data than the remote can receive!
     [exec] WARNING:     (3721c4f3): () Failed to commit 116 bytes this frame to 194.88.98.109:51648. This process is sending more data than the remote can receive!
     [exec] WARNING:     (3721c4f3): () Failed to commit 120 bytes this frame to 194.88.98.109:51648. This process is sending more data than the remote can receive!
     [exec] WARNING:     (3721c4f3): () Failed to commit 120 bytes this frame to 194.88.98.109:51648. This process is sending more data than the remote can receive!
     [exec] WARNING:     (3721c4f3): () Failed to commit 120 bytes this frame to 194.88.98.109:51648. This process is sending more data than the remote can receive!
     [exec] WARNING:     (3721c4f3): () Failed to commit 120 bytes this frame to 194.88.98.109:51648. This process is sending more data than the remote can receive!
     [exec] WARNING:     (3721c4f3): () Failed to commit 124 bytes this frame to 194.88.98.109:51648. This process is sending more data than the remote can receive!
     [exec] WARNING:     (3721c4f3): () Failed to commit 124 bytes this frame to 194.88.98.109:51648. This process is sending more data than the remote can receive!
     [exec] WARNING:     (3721c4f3): () Failed to commit 124 bytes this frame to 194.88.98.109:51648. This process is sending more data than the remote can receive!
     [exec] WARNING:     (3721c4f3): () Failed to commit 124 bytes this frame to 194.88.98.109:51648. This process is sending more data than the remote can receive!
     [exec] WARNING:     (3721c4f3): () Failed to commit 128 bytes this frame to 194.88.98.109:51648. This process is sending more data than the remote can receive!
     [exec] WARNING:     (3721c4f3): () Failed to commit 128 bytes this frame to 194.88.98.109:51648. This process is sending more data than the remote can receive!
     [exec] WARNING:     (3721c4f3): () Failed to commit 128 bytes this frame to 194.88.98.109:51648. This process is sending more data than the remote can receive!
     [exec] WARNING:     (3721c4f3): () Failed to commit 128 bytes this frame to 194.88.98.109:51648. This process is sending more data than the remote can receive!
     [exec] WARNING:     (3721c4f3): () Failed to commit 132 bytes this frame to 194.88.98.109:51648. This process is sending more data than the remote can receive!
     [exec] WARNING:     (3721c4f3): () Failed to commit 132 bytes this frame to 194.88.98.109:51648. This process is sending more data than the remote can receive!
     [exec] WARNING:     (3721c4f3): () Failed to commit 132 bytes this frame to 194.88.98.109:51648. This process is sending more data than the remote can receive!
     [exec] WARNING:     (3721c4f3): () Failed to commit 132 bytes this frame to 194.88.98.109:51648. This process is sending more data than the remote can receive!
     [exec] WARNING:     (3721c4f3): () Failed to commit 136 bytes this frame to 194.88.98.109:51648. This process is sending more data than the remote can receive!
     [exec] WARNING:     (3721c4f3): () Failed to commit 136 bytes this frame to 194.88.98.109:51648. This process is sending more data than the remote can receive!
     [exec] WARNING:     (3721c4f3): () Failed to commit 136 bytes this frame to 194.88.98.109:51648. This process is sending more data than the remote can receive!
     [exec] WARNING:     (3721c4f3): () Failed to commit 136 bytes this frame to 194.88.98.109:51648. This process is sending more data than the remote can receive!
     [exec] WARNING:     (3721c4f3): () Failed to commit 140 bytes this frame to 194.88.98.109:51648. This process is sending more data than the remote can receive!
     [exec] WARNING:     (3721c4f3): () Failed to commit 140 bytes this frame to 194.88.98.109:51648. This process is sending more data than the remote can receive!
     [exec] WARNING:     (3721c4f3): () Failed to commit 140 bytes this frame to 194.88.98.109:51648. This process is sending more data than the remote can receive!
     [exec] WARNING:     (3721c4f3): () Failed to commit 140 bytes this frame to 194.88.98.109:51648. This process is sending more data than the remote can receive!
     [exec] WARNING:     (3721c4f3): () Failed to commit 144 bytes this frame to 194.88.98.109:51648. This process is sending more data than the remote can receive!
     [exec] WARNING:     (3721c4f3): () Failed to commit 144 bytes this frame to 194.88.98.109:51648. This process is sending more data than the remote can receive!
     [exec] WARNING:     (3721c4f3): () Failed to commit 144 bytes this frame to 194.88.98.109:51648. This process is sending more data than the remote can receive!
     [exec]     (3721c4f3): () Failed to commit 116 bytes this frame to 194.88.98.109:51648. This process is sending more data than the remote can receive!
     [exec]     (3721c4f3): () Failed to commit 116 bytes this frame to 194.88.98.109:51648. This process is sending more data than the remote can receive!
     [exec]     (3721c4f3): () Failed to commit 120 bytes this frame to 194.88.98.109:51648. This process is sending more data than the remote can receive!
     [exec]     (3721c4f3): () Failed to commit 120 bytes this frame to 194.88.98.109:51648. This process is sending more data than the remote can receive!
     [exec]     (3721c4f3): () Failed to commit 120 bytes this frame to 194.88.98.109:51648. This process is sending more data than the remote can receive!
     [exec]     (3721c4f3): () Failed to commit 120 bytes this frame to 194.88.98.109:51648. This process is sending more data than the remote can receive!
     [exec]     (3721c4f3): () Failed to commit 124 bytes this frame to 194.88.98.109:51648. This process is sending more data than the remote can receive!
     [exec]     (3721c4f3): () Failed to commit 124 bytes this frame to 194.88.98.109:51648. This process is sending more data than the remote can receive!
     [exec]     (3721c4f3): () Failed to commit 124 bytes this frame to 194.88.98.109:51648. This process is sending more data than the remote can receive!
     [exec]     (3721c4f3): () Failed to commit 124 bytes this frame to 194.88.98.109:51648. This process is sending more data than the remote can receive!
     [exec]     (3721c4f3): () Failed to commit 128 bytes this frame to 194.88.98.109:51648. This process is sending more data than the remote can receive!
     [exec]     (3721c4f3): () Failed to commit 128 bytes this frame to 194.88.98.109:51648. This process is sending more data than the remote can receive!
     [exec]     (3721c4f3): () Failed to commit 128 bytes this frame to 194.88.98.109:51648. This process is sending more data than the remote can receive!
     [exec]     (3721c4f3): () Failed to commit 128 bytes this frame to 194.88.98.109:51648. This process is sending more data than the remote can receive!
     [exec]     (3721c4f3): () Failed to commit 132 bytes this frame to 194.88.98.109:51648. This process is sending more data than the remote can receive!
     [exec]     (3721c4f3): () Failed to commit 132 bytes this frame to 194.88.98.109:51648. This process is sending more data than the remote can receive!
     [exec]     (3721c4f3): () Failed to commit 132 bytes this frame to 194.88.98.109:51648. This process is sending more data than the remote can receive!
     [exec]     (3721c4f3): () Failed to commit 132 bytes this frame to 194.88.98.109:51648. This process is sending more data than the remote can receive!
     [exec]     (3721c4f3): () Failed to commit 136 bytes this frame to 194.88.98.109:51648. This process is sending more data than the remote can receive!
     [exec]     (3721c4f3): () Failed to commit 136 bytes this frame to 194.88.98.109:51648. This process is sending more data than the remote can receive!
     [exec]     (3721c4f3): () Failed to commit 136 bytes this frame to 194.88.98.109:51648. This process is sending more data than the remote can receive!
     [exec]     (3721c4f3): () Failed to commit 136 bytes this frame to 194.88.98.109:51648. This process is sending more data than the remote can receive!
     [exec]     (3721c4f3): () Failed to commit 140 bytes this frame to 194.88.98.109:51648. This process is sending more data than the remote can receive!
     [exec]     (3721c4f3): () Failed to commit 140 bytes this frame to 194.88.98.109:51648. This process is sending more data than the remote can receive!
     [exec]     (3721c4f3): () Failed to commit 140 bytes this frame to 194.88.98.109:51648. This process is sending more data than the remote can receive!
     [exec]     (3721c4f3): () Failed to commit 140 bytes this frame to 194.88.98.109:51648. This process is sending more data than the remote can receive!
     [exec]     (3721c4f3): () Failed to commit 144 bytes this frame to 194.88.98.109:51648. This process is sending more data than the remote can receive!
     [exec]     (3721c4f3): () Failed to commit 144 bytes this frame to 194.88.98.109:51648. This process is sending more data than the remote can receive!
     [exec] WARNING:     (3721c4f3): () Failed to commit 144 bytes this frame to 194.88.98.109:51648. This process is sending more data than the remote can receive!
     [exec] WARNING:     (3721c4f3): () Failed to commit 148 bytes this frame to 194.88.98.109:51648. This process is sending more data than the remote can receive!
     [exec] WARNING:     (3721c4f3): () Failed to commit 148 bytes this frame to 194.88.98.109:51648. This process is sending more data than the remote can receive!
     [exec] WARNING:     (3721c4f3): () Failed to commit 148 bytes this frame to 194.88.98.109:51648. This process is sending more data than the remote can receive!
     [exec] WARNING:     (3721c4f3): () Failed to commit 148 bytes this frame to 194.88.98.109:51648. This process is sending more data than the remote can receive!
     [exec] WARNING:     (3721c4f3): () Failed to commit 152 bytes this frame to 194.88.98.109:51648. This process is sending more data than the remote can receive!
     [exec] WARNING:     (3721c4f3): () Failed to commit 152 bytes this frame to 194.88.98.109:51648. This process is sending more data than the remote can receive!
     [exec] WARNING:     (3721c4f3): () Failed to commit 152 bytes this frame to 194.88.98.109:51648. This process is sending more data than the remote can receive!
     [exec] WARNING:     (3721c4f3): () Failed to commit 152 bytes this frame to 194.88.98.109:51648. This process is sending more data than the remote can receive!
     [exec] WARNING:     (3721c4f3): () Failed to commit 156 bytes this frame to 194.88.98.109:51648. This process is sending more data than the remote can receive!
     [exec] WARNING:     (3721c4f3): () Failed to commit 156 bytes this frame to 194.88.98.109:51648. This process is sending more data than the remote can receive!
     [exec] WARNING:     (3721c4f3): () Failed to commit 156 bytes this frame to 194.88.98.109:51648. This process is sending more data than the remote can receive!
     [exec] WARNING:     (3721c4f3): () Failed to commit 156 bytes this frame to 194.88.98.109:51648. This process is sending more data than the remote can receive!
     [exec] WARNING:     (3721c4f3): () Failed to commit 160 bytes this frame to 194.88.98.109:51648. This process is sending more data than the remote can receive!
     [exec] WARNING:     (3721c4f3): () Failed to commit 160 bytes this frame to 194.88.98.109:51648. This process is sending more data than the remote can receive!
     [exec] WARNING:     (3721c4f3): () Failed to commit 160 bytes this frame to 194.88.98.109:51648. This process is sending more data than the remote can receive!
     [exec] WARNING:     (3721c4f3): () Failed to commit 160 bytes this frame to 194.88.98.109:51648. This process is sending more data than the remote can receive!
     [exec] WARNING:     (3721c4f3): () Failed to commit 164 bytes this frame to 194.88.98.109:51648. This process is sending more data than the remote can receive!
     [exec] WARNING:     (3721c4f3): () Failed to commit 164 bytes this frame to 194.88.98.109:51648. This process is sending more data than the remote can receive!
     [exec] WARNING:     (3721c4f3): () Failed to commit 164 bytes this frame to 194.88.98.109:51648. This process is sending more data than the remote can receive!
     [exec] WARNING:     (3721c4f3): () Failed to commit 164 bytes this frame to 194.88.98.109:51648. This process is sending more data than the remote can receive!
     [exec] WARNING:     (3721c4f3): () Failed to commit 168 bytes this frame to 194.88.98.109:51648. This process is sending more data than the remote can receive!
     [exec] WARNING:     (3721c4f3): () Failed to commit 168 bytes this frame to 194.88.98.109:51648. This process is sending more data than the remote can receive!
     [exec] WARNING:     (3721c4f3): () Failed to commit 168 bytes this frame to 194.88.98.109:51648. This process is sending more data than the remote can receive!
     [exec] WARNING:     (3721c4f3): () Failed to commit 168 bytes this frame to 194.88.98.109:51648. This process is sending more data than the remote can receive!
     [exec] WARNING:     (3721c4f3): () Failed to commit 172 bytes this frame to 194.88.98.109:51648. This process is sending more data than the remote can receive!
     [exec] WARNING:     (3721c4f3): () Failed to commit 172 bytes this frame to 194.88.98.109:51648. This process is sending more data than the remote can receive!
     [exec]     (3721c4f3): () Failed to commit 144 bytes this frame to 194.88.98.109:51648. This process is sending more data than the remote can receive!
     [exec]     (3721c4f3): () Failed to commit 144 bytes this frame to 194.88.98.109:51648. This process is sending more data than the remote can receive!
     [exec]     (3721c4f3): () Failed to commit 148 bytes this frame to 194.88.98.109:51648. This process is sending more data than the remote can receive!
     [exec]     (3721c4f3): () Failed to commit 148 bytes this frame to 194.88.98.109:51648. This process is sending more data than the remote can receive!
     [exec]     (3721c4f3): () Failed to commit 148 bytes this frame to 194.88.98.109:51648. This process is sending more data than the remote can receive!
     [exec]     (3721c4f3): () Failed to commit 148 bytes this frame to 194.88.98.109:51648. This process is sending more data than the remote can receive!
     [exec]     (3721c4f3): () Failed to commit 152 bytes this frame to 194.88.98.109:51648. This process is sending more data than the remote can receive!
     [exec]     (3721c4f3): () Failed to commit 152 bytes this frame to 194.88.98.109:51648. This process is sending more data than the remote can receive!
     [exec]     (3721c4f3): () Failed to commit 152 bytes this frame to 194.88.98.109:51648. This process is sending more data than the remote can receive!
     [exec]     (3721c4f3): () Failed to commit 152 bytes this frame to 194.88.98.109:51648. This process is sending more data than the remote can receive!
     [exec]     (3721c4f3): () Failed to commit 156 bytes this frame to 194.88.98.109:51648. This process is sending more data than the remote can receive!
     [exec]     (3721c4f3): () Failed to commit 156 bytes this frame to 194.88.98.109:51648. This process is sending more data than the remote can receive!
     [exec]     (3721c4f3): () Failed to commit 156 bytes this frame to 194.88.98.109:51648. This process is sending more data than the remote can receive!
     [exec]     (3721c4f3): () Failed to commit 156 bytes this frame to 194.88.98.109:51648. This process is sending more data than the remote can receive!
     [exec]     (3721c4f3): () Failed to commit 160 bytes this frame to 194.88.98.109:51648. This process is sending more data than the remote can receive!
     [exec]     (3721c4f3): () Failed to commit 160 bytes this frame to 194.88.98.109:51648. This process is sending more data than the remote can receive!
     [exec]     (3721c4f3): () Failed to commit 160 bytes this frame to 194.88.98.109:51648. This process is sending more data than the remote can receive!
     [exec]     (3721c4f3): () Failed to commit 160 bytes this frame to 194.88.98.109:51648. This process is sending more data than the remote can receive!
     [exec]     (3721c4f3): () Failed to commit 164 bytes this frame to 194.88.98.109:51648. This process is sending more data than the remote can receive!
     [exec]     (3721c4f3): () Failed to commit 164 bytes this frame to 194.88.98.109:51648. This process is sending more data than the remote can receive!
     [exec]     (3721c4f3): () Failed to commit 164 bytes this frame to 194.88.98.109:51648. This process is sending more data than the remote can receive!
     [exec]     (3721c4f3): () Failed to commit 164 bytes this frame to 194.88.98.109:51648. This process is sending more data than the remote can receive!
     [exec]     (3721c4f3): () Failed to commit 168 bytes this frame to 194.88.98.109:51648. This process is sending more data than the remote can receive!
     [exec]     (3721c4f3): () Failed to commit 168 bytes this frame to 194.88.98.109:51648. This process is sending more data than the remote can receive!
     [exec]     (3721c4f3): () Failed to commit 168 bytes this frame to 194.88.98.109:51648. This process is sending more data than the remote can receive!
     [exec]     (3721c4f3): () Failed to commit 168 bytes this frame to 194.88.98.109:51648. This process is sending more data than the remote can receive!
     [exec]     (3721c4f3): () Failed to commit 172 bytes this frame to 194.88.98.109:51648. This process is sending more data than the remote can receive!
     [exec]     (3721c4f3): () Failed to commit 172 bytes this frame to 194.88.98.109:51648. This process is sending more data than the remote can receive!
     [exec] WARNING:     (3721c4f3): () Failed to commit 172 bytes this frame to 194.88.98.109:51648. This process is sending more data than the remote can receive!
     [exec] WARNING:     (3721c4f3): () Failed to commit 172 bytes this frame to 194.88.98.109:51648. This process is sending more data than the remote can receive!
     [exec] WARNING:     (3721c4f3): () Failed to commit 176 bytes this frame to 194.88.98.109:51648. This process is sending more data than the remote can receive!
     [exec] WARNING:     (3721c4f3): () Failed to commit 176 bytes this frame to 194.88.98.109:51648. This process is sending more data than the remote can receive!
     [exec] WARNING:     (3721c4f3): () Failed to commit 176 bytes this frame to 194.88.98.109:51648. This process is sending more data than the remote can receive!
     [exec] WARNING:     (3721c4f3): () Failed to commit 176 bytes this frame to 194.88.98.109:51648. This process is sending more data than the remote can receive!
     [exec] WARNING:     (3721c4f3): () Failed to commit 180 bytes this frame to 194.88.98.109:51648. This process is sending more data than the remote can receive!
     [exec] WARNING:     (3721c4f3): () Failed to commit 180 bytes this frame to 194.88.98.109:51648. This process is sending more data than the remote can receive!
     [exec] WARNING:     (3721c4f3): () Failed to commit 180 bytes this frame to 194.88.98.109:51648. This process is sending more data than the remote can receive!
     [exec] WARNING:     (3721c4f3): () Failed to commit 180 bytes this frame to 194.88.98.109:51648. This process is sending more data than the remote can receive!
     [exec] WARNING:     (3721c4f3): () Failed to commit 184 bytes this frame to 194.88.98.109:51648. This process is sending more data than the remote can receive!
     [exec] WARNING:     (3721c4f3): () Failed to commit 184 bytes this frame to 194.88.98.109:51648. This process is sending more data than the remote can receive!
     [exec] WARNING:     (3721c4f3): () Failed to commit 184 bytes this frame to 194.88.98.109:51648. This process is sending more data than the remote can receive!
     [exec] WARNING:     (3721c4f3): () Failed to commit 184 bytes this frame to 194.88.98.109:51648. This process is sending more data than the remote can receive!
     [exec] WARNING:     (3721c4f3): () Failed to commit 188 bytes this frame to 194.88.98.109:51648. This process is sending more data than the remote can receive!
     [exec] WARNING:     (3721c4f3): () Failed to commit 188 bytes this frame to 194.88.98.109:51648. This process is sending more data than the remote can receive!
     [exec] WARNING:     (3721c4f3): () Failed to commit 188 bytes this frame to 194.88.98.109:51648. This process is sending more data than the remote can receive!
     [exec] WARNING:     (3721c4f3): () Failed to commit 188 bytes this frame to 194.88.98.109:51648. This process is sending more data than the remote can receive!
     [exec] WARNING:     (3721c4f3): () Failed to commit 192 bytes this frame to 194.88.98.109:51648. This process is sending more data than the remote can receive!
     [exec] WARNING:     (3721c4f3): () Failed to commit 192 bytes this frame to 194.88.98.109:51648. This process is sending more data than the remote can receive!
     [exec] WARNING:     (3721c4f3): () Failed to commit 192 bytes this frame to 194.88.98.109:51648. This process is sending more data than the remote can receive!
     [exec] WARNING:     (3721c4f3): () Failed to commit 192 bytes this frame to 194.88.98.109:51648. This process is sending more data than the remote can receive!
     [exec] WARNING:     (3721c4f3): () Failed to commit 196 bytes this frame to 194.88.98.109:51648. This process is sending more data than the remote can receive!
     [exec] WARNING:     (3721c4f3): () Failed to commit 196 bytes this frame to 194.88.98.109:51648. This process is sending more data than the remote can receive!
     [exec] WARNING:     (3721c4f3): () Failed to commit 196 bytes this frame to 194.88.98.109:51648. This process is sending more data than the remote can receive!
     [exec] WARNING:     (3721c4f3): () Failed to commit 196 bytes this frame to 194.88.98.109:51648. This process is sending more data than the remote can receive!
     [exec] WARNING:     (3721c4f3): () Failed to commit 200 bytes this frame to 194.88.98.109:51648. This process is sending more data than the remote can receive!
     [exec] WARNING:     (3721c4f3): () Failed to commit 200 bytes this frame to 194.88.98.109:51648. This process is sending more data than the remote can receive!
     [exec] WARNING:     (3721c4f3): () Failed to commit 200 bytes this frame to 194.88.98.109:51648. This process is sending more data than the remote can receive!
     [exec]     (3721c4f3): () Failed to commit 172 bytes this frame to 194.88.98.109:51648. This process is sending more data than the remote can receive!
     [exec]     (3721c4f3): () Failed to commit 172 bytes this frame to 194.88.98.109:51648. This process is sending more data than the remote can receive!
     [exec]     (3721c4f3): () Failed to commit 176 bytes this frame to 194.88.98.109:51648. This process is sending more data than the remote can receive!
     [exec]     (3721c4f3): () Failed to commit 176 bytes this frame to 194.88.98.109:51648. This process is sending more data than the remote can receive!
     [exec]     (3721c4f3): () Failed to commit 176 bytes this frame to 194.88.98.109:51648. This process is sending more data than the remote can receive!
     [exec]     (3721c4f3): () Failed to commit 176 bytes this frame to 194.88.98.109:51648. This process is sending more data than the remote can receive!
     [exec]     (3721c4f3): () Failed to commit 180 bytes this frame to 194.88.98.109:51648. This process is sending more data than the remote can receive!
     [exec]     (3721c4f3): () Failed to commit 180 bytes this frame to 194.88.98.109:51648. This process is sending more data than the remote can receive!
     [exec]     (3721c4f3): () Failed to commit 180 bytes this frame to 194.88.98.109:51648. This process is sending more data than the remote can receive!
     [exec]     (3721c4f3): () Failed to commit 180 bytes this frame to 194.88.98.109:51648. This process is sending more data than the remote can receive!
     [exec]     (3721c4f3): () Failed to commit 184 bytes this frame to 194.88.98.109:51648. This process is sending more data than the remote can receive!
     [exec]     (3721c4f3): () Failed to commit 184 bytes this frame to 194.88.98.109:51648. This process is sending more data than the remote can receive!
     [exec]     (3721c4f3): () Failed to commit 184 bytes this frame to 194.88.98.109:51648. This process is sending more data than the remote can receive!
     [exec]     (3721c4f3): () Failed to commit 184 bytes this frame to 194.88.98.109:51648. This process is sending more data than the remote can receive!
     [exec]     (3721c4f3): () Failed to commit 188 bytes this frame to 194.88.98.109:51648. This process is sending more data than the remote can receive!
     [exec]     (3721c4f3): () Failed to commit 188 bytes this frame to 194.88.98.109:51648. This process is sending more data than the remote can receive!
     [exec]     (3721c4f3): () Failed to commit 188 bytes this frame to 194.88.98.109:51648. This process is sending more data than the remote can receive!
     [exec]     (3721c4f3): () Failed to commit 188 bytes this frame to 194.88.98.109:51648. This process is sending more data than the remote can receive!
     [exec]     (3721c4f3): () Failed to commit 192 bytes this frame to 194.88.98.109:51648. This process is sending more data than the remote can receive!
     [exec]     (3721c4f3): () Failed to commit 192 bytes this frame to 194.88.98.109:51648. This process is sending more data than the remote can receive!
     [exec]     (3721c4f3): () Failed to commit 192 bytes this frame to 194.88.98.109:51648. This process is sending more data than the remote can receive!
     [exec]     (3721c4f3): () Failed to commit 192 bytes this frame to 194.88.98.109:51648. This process is sending more data than the remote can receive!
     [exec]     (3721c4f3): () Failed to commit 196 bytes this frame to 194.88.98.109:51648. This process is sending more data than the remote can receive!
     [exec]     (3721c4f3): () Failed to commit 196 bytes this frame to 194.88.98.109:51648. This process is sending more data than the remote can receive!
     [exec]     (3721c4f3): () Failed to commit 196 bytes this frame to 194.88.98.109:51648. This process is sending more data than the remote can receive!
     [exec]     (3721c4f3): () Failed to commit 196 bytes this frame to 194.88.98.109:51648. This process is sending more data than the remote can receive!
     [exec]     (3721c4f3): () Failed to commit 200 bytes this frame to 194.88.98.109:51648. This process is sending more data than the remote can receive!
     [exec]     (3721c4f3): () Failed to commit 200 bytes this frame to 194.88.98.109:51648. This process is sending more data than the remote can receive!
     [exec]     (3721c4f3): () Failed to commit 200 bytes this frame to 194.88.98.109:51648. This process is sending more data than the remote can receive!
     [exec] WARNING:     (3721c4f3): () Failed to commit 200 bytes this frame to 194.88.98.109:51648. This process is sending more data than the remote can receive!
     [exec] WARNING:     (3721c4f3): () Failed to commit 204 bytes this frame to 194.88.98.109:51648. This process is sending more data than the remote can receive!
     [exec] WARNING:     (3721c4f3): () Failed to commit 204 bytes this frame to 194.88.98.109:51648. This process is sending more data than the remote can receive!
     [exec] WARNING:     (3721c4f3): () Failed to commit 204 bytes this frame to 194.88.98.109:51648. This process is sending more data than the remote can receive!
     [exec] WARNING:     (3721c4f3): () Failed to commit 204 bytes this frame to 194.88.98.109:51648. This process is sending more data than the remote can receive!
     [exec] WARNING:     (3721c4f3): () Failed to commit 208 bytes this frame to 194.88.98.109:51648. This process is sending more data than the remote can receive!
     [exec] WARNING:     (3721c4f3): () Failed to commit 208 bytes this frame to 194.88.98.109:51648. This process is sending more data than the remote can receive!
     [exec] WARNING:     (3721c4f3): () Failed to commit 208 bytes this frame to 194.88.98.109:51648. This process is sending more data than the remote can receive!
     [exec] WARNING:     (3721c4f3): () Failed to commit 208 bytes this frame to 194.88.98.109:51648. This process is sending more data than the remote can receive!
     [exec] WARNING:     (3721c4f3): () Failed to commit 212 bytes this frame to 194.88.98.109:51648. This process is sending more data than the remote can receive!
     [exec] WARNING:     (3721c4f3): () Failed to commit 212 bytes this frame to 194.88.98.109:51648. This process is sending more data than the remote can receive!
     [exec] WARNING:     (3721c4f3): () Failed to commit 212 bytes this frame to 194.88.98.109:51648. This process is sending more data than the remote can receive!
     [exec] WARNING:     (3721c4f3): () Failed to commit 212 bytes this frame to 194.88.98.109:51648. This process is sending more data than the remote can receive!
     [exec] WARNING:     (3721c4f3): () Failed to commit 216 bytes this frame to 194.88.98.109:51648. This process is sending more data than the remote can receive!
     [exec] WARNING:     (3721c4f3): () Failed to commit 216 bytes this frame to 194.88.98.109:51648. This process is sending more data than the remote can receive!
     [exec] WARNING:     (3721c4f3): () Failed to commit 216 bytes this frame to 194.88.98.109:51648. This process is sending more data than the remote can receive!
     [exec] WARNING:     (3721c4f3): () Failed to commit 216 bytes this frame to 194.88.98.109:51648. This process is sending more data than the remote can receive!
     [exec] WARNING:     (3721c4f3): () Failed to commit 220 bytes this frame to 194.88.98.109:51648. This process is sending more data than the remote can receive!
     [exec] WARNING:     (3721c4f3): () Failed to commit 220 bytes this frame to 194.88.98.109:51648. This process is sending more data than the remote can receive!
     [exec] WARNING:     (3721c4f3): () Failed to commit 220 bytes this frame to 194.88.98.109:51648. This process is sending more data than the remote can receive!
     [exec] WARNING:     (3721c4f3): () Failed to commit 220 bytes this frame to 194.88.98.109:51648. This process is sending more data than the remote can receive!
     [exec] WARNING:     (3721c4f3): () Failed to commit 224 bytes this frame to 194.88.98.109:51648. This process is sending more data than the remote can receive!
     [exec] WARNING:     (3721c4f3): () Failed to commit 224 bytes this frame to 194.88.98.109:51648. This process is sending more data than the remote can receive!
     [exec] WARNING:     (3721c4f3): () Failed to commit 224 bytes this frame to 194.88.98.109:51648. This process is sending more data than the remote can receive!
     [exec] WARNING:     (3721c4f3): () Failed to commit 224 bytes this frame to 194.88.98.109:51648. This process is sending more data than the remote can receive!
     [exec] WARNING:     (3721c4f3): () Failed to commit 228 bytes this frame to 194.88.98.109:51648. This process is sending more data than the remote can receive!
     [exec] WARNING:     (3721c4f3): () Failed to commit 228 bytes this frame to 194.88.98.109:51648. This process is sending more data than the remote can receive!
     [exec] WARNING:     (3721c4f3): () Failed to commit 228 bytes this frame to 194.88.98.109:51648. This process is sending more data than the remote can receive!
     [exec] WARNING:     (3721c4f3): () Failed to commit 228 bytes this frame to 194.88.98.109:51648. This process is sending more data than the remote can receive!
     [exec]     (3721c4f3): () Failed to commit 200 bytes this frame to 194.88.98.109:51648. This process is sending more data than the remote can receive!
     [exec]     (3721c4f3): () Failed to commit 204 bytes this frame to 194.88.98.109:51648. This process is sending more data than the remote can receive!
     [exec]     (3721c4f3): () Failed to commit 204 bytes this frame to 194.88.98.109:51648. This process is sending more data than the remote can receive!
     [exec]     (3721c4f3): () Failed to commit 204 bytes this frame to 194.88.98.109:51648. This process is sending more data than the remote can receive!
     [exec]     (3721c4f3): () Failed to commit 204 bytes this frame to 194.88.98.109:51648. This process is sending more data than the remote can receive!
     [exec]     (3721c4f3): () Failed to commit 208 bytes this frame to 194.88.98.109:51648. This process is sending more data than the remote can receive!
     [exec]     (3721c4f3): () Failed to commit 208 bytes this frame to 194.88.98.109:51648. This process is sending more data than the remote can receive!
     [exec]     (3721c4f3): () Failed to commit 208 bytes this frame to 194.88.98.109:51648. This process is sending more data than the remote can receive!
     [exec]     (3721c4f3): () Failed to commit 208 bytes this frame to 194.88.98.109:51648. This process is sending more data than the remote can receive!
     [exec]     (3721c4f3): () Failed to commit 212 bytes this frame to 194.88.98.109:51648. This process is sending more data than the remote can receive!
     [exec]     (3721c4f3): () Failed to commit 212 bytes this frame to 194.88.98.109:51648. This process is sending more data than the remote can receive!
     [exec]     (3721c4f3): () Failed to commit 212 bytes this frame to 194.88.98.109:51648. This process is sending more data than the remote can receive!
     [exec]     (3721c4f3): () Failed to commit 212 bytes this frame to 194.88.98.109:51648. This process is sending more data than the remote can receive!
     [exec]     (3721c4f3): () Failed to commit 216 bytes this frame to 194.88.98.109:51648. This process is sending more data than the remote can receive!
     [exec]     (3721c4f3): () Failed to commit 216 bytes this frame to 194.88.98.109:51648. This process is sending more data than the remote can receive!
     [exec]     (3721c4f3): () Failed to commit 216 bytes this frame to 194.88.98.109:51648. This process is sending more data than the remote can receive!
     [exec]     (3721c4f3): () Failed to commit 216 bytes this frame to 194.88.98.109:51648. This process is sending more data than the remote can receive!
     [exec]     (3721c4f3): () Failed to commit 220 bytes this frame to 194.88.98.109:51648. This process is sending more data than the remote can receive!
     [exec]     (3721c4f3): () Failed to commit 220 bytes this frame to 194.88.98.109:51648. This process is sending more data than the remote can receive!
     [exec]     (3721c4f3): () Failed to commit 220 bytes this frame to 194.88.98.109:51648. This process is sending more data than the remote can receive!
     [exec]     (3721c4f3): () Failed to commit 220 bytes this frame to 194.88.98.109:51648. This process is sending more data than the remote can receive!
     [exec]     (3721c4f3): () Failed to commit 224 bytes this frame to 194.88.98.109:51648. This process is sending more data than the remote can receive!
     [exec]     (3721c4f3): () Failed to commit 224 bytes this frame to 194.88.98.109:51648. This process is sending more data than the remote can receive!
     [exec]     (3721c4f3): () Failed to commit 224 bytes this frame to 194.88.98.109:51648. This process is sending more data than the remote can receive!
     [exec]     (3721c4f3): () Failed to commit 224 bytes this frame to 194.88.98.109:51648. This process is sending more data than the remote can receive!
     [exec]     (3721c4f3): () Failed to commit 228 bytes this frame to 194.88.98.109:51648. This process is sending more data than the remote can receive!
     [exec]     (3721c4f3): () Failed to commit 228 bytes this frame to 194.88.98.109:51648. This process is sending more data than the remote can receive!
     [exec]     (3721c4f3): () Failed to commit 228 bytes this frame to 194.88.98.109:51648. This process is sending more data than the remote can receive!
     [exec] WARNING:     (3721c4f3): () Failed to commit 232 bytes this frame to 194.88.98.109:51648. This process is sending more data than the remote can receive!
     [exec] WARNING:     (3721c4f3): () Failed to commit 232 bytes this frame to 194.88.98.109:51648. This process is sending more data than the remote can receive!
     [exec] WARNING:     (3721c4f3): () Failed to commit 232 bytes this frame to 194.88.98.109:51648. This process is sending more data than the remote can receive!
     [exec] WARNING:     (3721c4f3): () Failed to commit 232 bytes this frame to 194.88.98.109:51648. This process is sending more data than the remote can receive!
     [exec] WARNING:     (3721c4f3): () Failed to commit 236 bytes this frame to 194.88.98.109:51648. This process is sending more data than the remote can receive!
     [exec] WARNING:     (3721c4f3): () Failed to commit 236 bytes this frame to 194.88.98.109:51648. This process is sending more data than the remote can receive!
     [exec] WARNING:     (3721c4f3): () Failed to commit 236 bytes this frame to 194.88.98.109:51648. This process is sending more data than the remote can receive!
     [exec] WARNING:     (3721c4f3): () Failed to commit 236 bytes this frame to 194.88.98.109:51648. This process is sending more data than the remote can receive!
     [exec] WARNING:     (3721c4f3): () Failed to commit 240 bytes this frame to 194.88.98.109:51648. This process is sending more data than the remote can receive!
     [exec] WARNING:     (3721c4f3): () Failed to commit 240 bytes this frame to 194.88.98.109:51648. This process is sending more data than the remote can receive!
     [exec] WARNING:     (3721c4f3): () Failed to commit 240 bytes this frame to 194.88.98.109:51648. This process is sending more data than the remote can receive!
     [exec] WARNING:     (3721c4f3): () Failed to commit 240 bytes this frame to 194.88.98.109:51648. This process is sending more data than the remote can receive!
     [exec] WARNING:     (3721c4f3): () Failed to commit 244 bytes this frame to 194.88.98.109:51648. This process is sending more data than the remote can receive!
     [exec] WARNING:     (3721c4f3): () Failed to commit 244 bytes this frame to 194.88.98.109:51648. This process is sending more data than the remote can receive!
     [exec] WARNING:     (3721c4f3): () Failed to commit 244 bytes this frame to 194.88.98.109:51648. This process is sending more data than the remote can receive!
     [exec] WARNING:     (3721c4f3): () Failed to commit 244 bytes this frame to 194.88.98.109:51648. This process is sending more data than the remote can receive!
     [exec] WARNING:     (3721c4f3): () Failed to commit 248 bytes this frame to 194.88.98.109:51648. This process is sending more data than the remote can receive!
     [exec] WARNING:     (3721c4f3): () Failed to commit 248 bytes this frame to 194.88.98.109:51648. This process is sending more data than the remote can receive!
     [exec] WARNING:     (3721c4f3): () Failed to commit 248 bytes this frame to 194.88.98.109:51648. This process is sending more data than the remote can receive!
     [exec] WARNING:     (3721c4f3): () Failed to commit 248 bytes this frame to 194.88.98.109:51648. This process is sending more data than the remote can receive!
     [exec] WARNING:     (3721c4f3): () Failed to commit 252 bytes this frame to 194.88.98.109:51648. This process is sending more data than the remote can receive!
     [exec] WARNING:     (3721c4f3): () Failed to commit 252 bytes this frame to 194.88.98.109:51648. This process is sending more data than the remote can receive!
     [exec] WARNING:     (3721c4f3): () Failed to commit 252 bytes this frame to 194.88.98.109:51648. This process is sending more data than the remote can receive!
     [exec] WARNING:     (3721c4f3): () Failed to commit 252 bytes this frame to 194.88.98.109:51648. This process is sending more data than the remote can receive!
     [exec] WARNING:     (3721c4f3): () Failed to commit 256 bytes this frame to 194.88.98.109:51648. This process is sending more data than the remote can receive!
     [exec] WARNING:     (3721c4f3): () Failed to commit 256 bytes this frame to 194.88.98.109:51648. This process is sending more data than the remote can receive!
     [exec] WARNING:     (3721c4f3): () Failed to commit 256 bytes this frame to 194.88.98.109:51648. This process is sending more data than the remote can receive!
     [exec] WARNING:     (3721c4f3): () Failed to commit 256 bytes this frame to 194.88.98.109:51648. This process is sending more data than the remote can receive!
     [exec]     (3721c4f3): () Failed to commit 228 bytes this frame to 194.88.98.109:51648. This process is sending more data than the remote can receive!
     [exec]     (3721c4f3): () Failed to commit 232 bytes this frame to 194.88.98.109:51648. This process is sending more data than the remote can receive!
     [exec]     (3721c4f3): () Failed to commit 232 bytes this frame to 194.88.98.109:51648. This process is sending more data than the remote can receive!
     [exec]     (3721c4f3): () Failed to commit 232 bytes this frame to 194.88.98.109:51648. This process is sending more data than the remote can receive!
     [exec]     (3721c4f3): () Failed to commit 232 bytes this frame to 194.88.98.109:51648. This process is sending more data than the remote can receive!
     [exec]     (3721c4f3): () Failed to commit 236 bytes this frame to 194.88.98.109:51648. This process is sending more data than the remote can receive!
     [exec]     (3721c4f3): () Failed to commit 236 bytes this frame to 194.88.98.109:51648. This process is sending more data than the remote can receive!
     [exec]     (3721c4f3): () Failed to commit 236 bytes this frame to 194.88.98.109:51648. This process is sending more data than the remote can receive!
     [exec]     (3721c4f3): () Failed to commit 236 bytes this frame to 194.88.98.109:51648. This process is sending more data than the remote can receive!
     [exec]     (3721c4f3): () Failed to commit 240 bytes this frame to 194.88.98.109:51648. This process is sending more data than the remote can receive!
     [exec]     (3721c4f3): () Failed to commit 240 bytes this frame to 194.88.98.109:51648. This process is sending more data than the remote can receive!
     [exec]     (3721c4f3): () Failed to commit 240 bytes this frame to 194.88.98.109:51648. This process is sending more data than the remote can receive!
     [exec]     (3721c4f3): () Failed to commit 240 bytes this frame to 194.88.98.109:51648. This process is sending more data than the remote can receive!
     [exec]     (3721c4f3): () Failed to commit 244 bytes this frame to 194.88.98.109:51648. This process is sending more data than the remote can receive!
     [exec]     (3721c4f3): () Failed to commit 244 bytes this frame to 194.88.98.109:51648. This process is sending more data than the remote can receive!
     [exec]     (3721c4f3): () Failed to commit 244 bytes this frame to 194.88.98.109:51648. This process is sending more data than the remote can receive!
     [exec]     (3721c4f3): () Failed to commit 244 bytes this frame to 194.88.98.109:51648. This process is sending more data than the remote can receive!
     [exec]     (3721c4f3): () Failed to commit 248 bytes this frame to 194.88.98.109:51648. This process is sending more data than the remote can receive!
     [exec]     (3721c4f3): () Failed to commit 248 bytes this frame to 194.88.98.109:51648. This process is sending more data than the remote can receive!
     [exec]     (3721c4f3): () Failed to commit 248 bytes this frame to 194.88.98.109:51648. This process is sending more data than the remote can receive!
     [exec]     (3721c4f3): () Failed to commit 248 bytes this frame to 194.88.98.109:51648. This process is sending more data than the remote can receive!
     [exec]     (3721c4f3): () Failed to commit 252 bytes this frame to 194.88.98.109:51648. This process is sending more data than the remote can receive!
     [exec]     (3721c4f3): () Failed to commit 252 bytes this frame to 194.88.98.109:51648. This process is sending more data than the remote can receive!
     [exec]     (3721c4f3): () Failed to commit 252 bytes this frame to 194.88.98.109:51648. This process is sending more data than the remote can receive!
     [exec]     (3721c4f3): () Failed to commit 252 bytes this frame to 194.88.98.109:51648. This process is sending more data than the remote can receive!
     [exec]     (3721c4f3): () Failed to commit 256 bytes this frame to 194.88.98.109:51648. This process is sending more data than the remote can receive!
     [exec]     (3721c4f3): () Failed to commit 256 bytes this frame to 194.88.98.109:51648. This process is sending more data than the remote can receive!
     [exec]     (3721c4f3): () Failed to commit 256 bytes this frame to 194.88.98.109:51648. This process is sending more data than the remote can receive!
     [exec]     (3721c4f3): () Failed to commit 256 bytes this frame to 194.88.98.109:51648. This process is sending more data than the remote can receive!
     [exec] WARNING:     (3721c4f3): () Failed to commit 260 bytes this frame to 194.88.98.109:51648. This process is sending more data than the remote can receive!
     [exec] WARNING:     (3721c4f3): () Failed to commit 260 bytes this frame to 194.88.98.109:51648. This process is sending more data than the remote can receive!
     [exec] WARNING:     (3721c4f3): () Failed to commit 260 bytes this frame to 194.88.98.109:51648. This process is sending more data than the remote can receive!
     [exec] WARNING:     (3721c4f3): () Failed to commit 260 bytes this frame to 194.88.98.109:51648. This process is sending more data than the remote can receive!
     [exec] WARNING:     (3721c4f3): () Failed to commit 264 bytes this frame to 194.88.98.109:51648. This process is sending more data than the remote can receive!
     [exec] WARNING:     (3721c4f3): () Failed to commit 264 bytes this frame to 194.88.98.109:51648. This process is sending more data than the remote can receive!
     [exec] WARNING:     (3721c4f3): () Failed to commit 264 bytes this frame to 194.88.98.109:51648. This process is sending more data than the remote can receive!
     [exec] WARNING:     (3721c4f3): () Failed to commit 264 bytes this frame to 194.88.98.109:51648. This process is sending more data than the remote can receive!
     [exec] WARNING:     (3721c4f3): () Failed to commit 268 bytes this frame to 194.88.98.109:51648. This process is sending more data than the remote can receive!
     [exec] WARNING:     (3721c4f3): () Failed to commit 268 bytes this frame to 194.88.98.109:51648. This process is sending more data than the remote can receive!
     [exec] WARNING:     (3721c4f3): () Failed to commit 268 bytes this frame to 194.88.98.109:51648. This process is sending more data than the remote can receive!
     [exec] WARNING:     (3721c4f3): () Failed to commit 268 bytes this frame to 194.88.98.109:51648. This process is sending more data than the remote can receive!
     [exec] WARNING:     (3721c4f3): () Failed to commit 272 bytes this frame to 194.88.98.109:51648. This process is sending more data than the remote can receive!
     [exec] WARNING:     (3721c4f3): () Failed to commit 272 bytes this frame to 194.88.98.109:51648. This process is sending more data than the remote can receive!
     [exec] WARNING:     (3721c4f3): () Failed to commit 272 bytes this frame to 194.88.98.109:51648. This process is sending more data than the remote can receive!
     [exec] WARNING:     (3721c4f3): () Failed to commit 272 bytes this frame to 194.88.98.109:51648. This process is sending more data than the remote can receive!
     [exec] WARNING:     (3721c4f3): () Failed to commit 276 bytes this frame to 194.88.98.109:51648. This process is sending more data than the remote can receive!
     [exec] WARNING:     (3721c4f3): () Failed to commit 276 bytes this frame to 194.88.98.109:51648. This process is sending more data than the remote can receive!
     [exec] WARNING:     (3721c4f3): () Failed to commit 276 bytes this frame to 194.88.98.109:51648. This process is sending more data than the remote can receive!
     [exec] WARNING:     (3721c4f3): () Failed to commit 276 bytes this frame to 194.88.98.109:51648. This process is sending more data than the remote can receive!
     [exec] WARNING:     (3721c4f3): () Failed to commit 280 bytes this frame to 194.88.98.109:51648. This process is sending more data than the remote can receive!
     [exec] WARNING:     (3721c4f3): () Failed to commit 280 bytes this frame to 194.88.98.109:51648. This process is sending more data than the remote can receive!
     [exec] WARNING:     (3721c4f3): () Failed to commit 280 bytes this frame to 194.88.98.109:51648. This process is sending more data than the remote can receive!
     [exec] WARNING:     (3721c4f3): () Failed to commit 280 bytes this frame to 194.88.98.109:51648. This process is sending more data than the remote can receive!
     [exec] WARNING:     (3721c4f3): () Failed to commit 284 bytes this frame to 194.88.98.109:51648. This process is sending more data than the remote can receive!
     [exec] WARNING:     (3721c4f3): () Failed to commit 284 bytes this frame to 194.88.98.109:51648. This process is sending more data than the remote can receive!
     [exec] WARNING:     (3721c4f3): () Failed to commit 284 bytes this frame to 194.88.98.109:51648. This process is sending more data than the remote can receive!
     [exec] WARNING:     (3721c4f3): () Failed to commit 284 bytes this frame to 194.88.98.109:51648. This process is sending more data than the remote can receive!
     [exec]     (3721c4f3): () Failed to commit 260 bytes this frame to 194.88.98.109:51648. This process is sending more data than the remote can receive!
     [exec]     (3721c4f3): () Failed to commit 260 bytes this frame to 194.88.98.109:51648. This process is sending more data than the remote can receive!
     [exec]     (3721c4f3): () Failed to commit 260 bytes this frame to 194.88.98.109:51648. This process is sending more data than the remote can receive!
     [exec]     (3721c4f3): () Failed to commit 260 bytes this frame to 194.88.98.109:51648. This process is sending more data than the remote can receive!
     [exec]     (3721c4f3): () Failed to commit 264 bytes this frame to 194.88.98.109:51648. This process is sending more data than the remote can receive!
     [exec]     (3721c4f3): () Failed to commit 264 bytes this frame to 194.88.98.109:51648. This process is sending more data than the remote can receive!
     [exec]     (3721c4f3): () Failed to commit 264 bytes this frame to 194.88.98.109:51648. This process is sending more data than the remote can receive!
     [exec]     (3721c4f3): () Failed to commit 264 bytes this frame to 194.88.98.109:51648. This process is sending more data than the remote can receive!
     [exec]     (3721c4f3): () Failed to commit 268 bytes this frame to 194.88.98.109:51648. This process is sending more data than the remote can receive!
     [exec]     (3721c4f3): () Failed to commit 268 bytes this frame to 194.88.98.109:51648. This process is sending more data than the remote can receive!
     [exec]     (3721c4f3): () Failed to commit 268 bytes this frame to 194.88.98.109:51648. This process is sending more data than the remote can receive!
     [exec]     (3721c4f3): () Failed to commit 268 bytes this frame to 194.88.98.109:51648. This process is sending more data than the remote can receive!
     [exec]     (3721c4f3): () Failed to commit 272 bytes this frame to 194.88.98.109:51648. This process is sending more data than the remote can receive!
     [exec]     (3721c4f3): () Failed to commit 272 bytes this frame to 194.88.98.109:51648. This process is sending more data than the remote can receive!
     [exec]     (3721c4f3): () Failed to commit 272 bytes this frame to 194.88.98.109:51648. This process is sending more data than the remote can receive!
     [exec]     (3721c4f3): () Failed to commit 272 bytes this frame to 194.88.98.109:51648. This process is sending more data than the remote can receive!
     [exec]     (3721c4f3): () Failed to commit 276 bytes this frame to 194.88.98.109:51648. This process is sending more data than the remote can receive!
     [exec]     (3721c4f3): () Failed to commit 276 bytes this frame to 194.88.98.109:51648. This process is sending more data than the remote can receive!
     [exec]     (3721c4f3): () Failed to commit 276 bytes this frame to 194.88.98.109:51648. This process is sending more data than the remote can receive!
     [exec]     (3721c4f3): () Failed to commit 276 bytes this frame to 194.88.98.109:51648. This process is sending more data than the remote can receive!
     [exec]     (3721c4f3): () Failed to commit 280 bytes this frame to 194.88.98.109:51648. This process is sending more data than the remote can receive!
     [exec]     (3721c4f3): () Failed to commit 280 bytes this frame to 194.88.98.109:51648. This process is sending more data than the remote can receive!
     [exec]     (3721c4f3): () Failed to commit 280 bytes this frame to 194.88.98.109:51648. This process is sending more data than the remote can receive!
     [exec]     (3721c4f3): () Failed to commit 280 bytes this frame to 194.88.98.109:51648. This process is sending more data than the remote can receive!
     [exec]     (3721c4f3): () Failed to commit 284 bytes this frame to 194.88.98.109:51648. This process is sending more data than the remote can receive!
     [exec]     (3721c4f3): () Failed to commit 284 bytes this frame to 194.88.98.109:51648. This process is sending more data than the remote can receive!
     [exec]     (3721c4f3): () Failed to commit 284 bytes this frame to 194.88.98.109:51648. This process is sending more data than the remote can receive!
     [exec]     (3721c4f3): () Failed to commit 284 bytes this frame to 194.88.98.109:51648. This process is sending more data than the remote can receive!
     [exec] WARNING:     (3721c4f3): () Failed to commit 288 bytes this frame to 194.88.98.109:51648. This process is sending more data than the remote can receive!
     [exec] WARNING:     (3721c4f3): () Failed to commit 288 bytes this frame to 194.88.98.109:51648. This process is sending more data than the remote can receive!
     [exec] WARNING:     (3721c4f3): () Failed to commit 288 bytes this frame to 194.88.98.109:51648. This process is sending more data than the remote can receive!
     [exec] WARNING:     (3721c4f3): () Failed to commit 288 bytes this frame to 194.88.98.109:51648. This process is sending more data than the remote can receive!
     [exec] WARNING:     (3721c4f3): () Failed to commit 292 bytes this frame to 194.88.98.109:51648. This process is sending more data than the remote can receive!
     [exec] WARNING:     (3721c4f3): () Failed to commit 292 bytes this frame to 194.88.98.109:51648. This process is sending more data than the remote can receive!
     [exec] WARNING:     (3721c4f3): () Failed to commit 292 bytes this frame to 194.88.98.109:51648. This process is sending more data than the remote can receive!
     [exec] WARNING:     (3721c4f3): () Failed to commit 292 bytes this frame to 194.88.98.109:51648. This process is sending more data than the remote can receive!
     [exec] WARNING:     (3721c4f3): () Failed to commit 296 bytes this frame to 194.88.98.109:51648. This process is sending more data than the remote can receive!
     [exec] WARNING:     (3721c4f3): () Failed to commit 296 bytes this frame to 194.88.98.109:51648. This process is sending more data than the remote can receive!
     [exec] WARNING:     (3721c4f3): () Failed to commit 296 bytes this frame to 194.88.98.109:51648. This process is sending more data than the remote can receive!
     [exec] WARNING:     (3721c4f3): () Failed to commit 296 bytes this frame to 194.88.98.109:51648. This process is sending more data than the remote can receive!
     [exec] WARNING:     (3721c4f3): () Failed to commit 300 bytes this frame to 194.88.98.109:51648. This process is sending more data than the remote can receive!
     [exec] WARNING:     (3721c4f3): () Failed to commit 300 bytes this frame to 194.88.98.109:51648. This process is sending more data than the remote can receive!
     [exec] WARNING:     (3721c4f3): () Failed to commit 300 bytes this frame to 194.88.98.109:51648. This process is sending more data than the remote can receive!
     [exec] WARNING:     (3721c4f3): () Failed to commit 300 bytes this frame to 194.88.98.109:51648. This process is sending more data than the remote can receive!
     [exec] WARNING:     (3721c4f3): () Failed to commit 304 bytes this frame to 194.88.98.109:51648. This process is sending more data than the remote can receive!
     [exec] WARNING:     (3721c4f3): () Failed to commit 304 bytes this frame to 194.88.98.109:51648. This process is sending more data than the remote can receive!
     [exec] WARNING:     (3721c4f3): () Failed to commit 304 bytes this frame to 194.88.98.109:51648. This process is sending more data than the remote can receive!
     [exec] WARNING:     (3721c4f3): () Failed to commit 304 bytes this frame to 194.88.98.109:51648. This process is sending more data than the remote can receive!
     [exec] WARNING:     (3721c4f3): () Failed to commit 308 bytes this frame to 194.88.98.109:51648. This process is sending more data than the remote can receive!
     [exec] WARNING:     (3721c4f3): () Failed to commit 308 bytes this frame to 194.88.98.109:51648. This process is sending more data than the remote can receive!
     [exec] WARNING:     (3721c4f3): () Failed to commit 308 bytes this frame to 194.88.98.109:51648. This process is sending more data than the remote can receive!
     [exec] WARNING:     (3721c4f3): () Failed to commit 308 bytes this frame to 194.88.98.109:51648. This process is sending more data than the remote can receive!
     [exec] WARNING:     (3721c4f3): () Failed to commit 312 bytes this frame to 194.88.98.109:51648. This process is sending more data than the remote can receive!
     [exec] WARNING:     (3721c4f3): () Failed to commit 312 bytes this frame to 194.88.98.109:51648. This process is sending more data than the remote can receive!
     [exec] WARNING:     (3721c4f3): () Failed to commit 312 bytes this frame to 194.88.98.109:51648. This process is sending more data than the remote can receive!
     [exec] WARNING:     (3721c4f3): () Failed to commit 312 bytes this frame to 194.88.98.109:51648. This process is sending more data than the remote can receive!
     [exec] WARNING:     (3721c4f3): () Failed to commit 316 bytes this frame to 194.88.98.109:51648. This process is sending more data than the remote can receive!
     [exec]     (3721c4f3): () Failed to commit 288 bytes this frame to 194.88.98.109:51648. This process is sending more data than the remote can receive!
     [exec]     (3721c4f3): () Failed to commit 288 bytes this frame to 194.88.98.109:51648. This process is sending more data than the remote can receive!
     [exec]     (3721c4f3): () Failed to commit 288 bytes this frame to 194.88.98.109:51648. This process is sending more data than the remote can receive!
     [exec]     (3721c4f3): () Failed to commit 288 bytes this frame to 194.88.98.109:51648. This process is sending more data than the remote can receive!
     [exec]     (3721c4f3): () Failed to commit 292 bytes this frame to 194.88.98.109:51648. This process is sending more data than the remote can receive!
     [exec]     (3721c4f3): () Failed to commit 292 bytes this frame to 194.88.98.109:51648. This process is sending more data than the remote can receive!
     [exec]     (3721c4f3): () Failed to commit 292 bytes this frame to 194.88.98.109:51648. This process is sending more data than the remote can receive!
     [exec]     (3721c4f3): () Failed to commit 292 bytes this frame to 194.88.98.109:51648. This process is sending more data than the remote can receive!
     [exec]     (3721c4f3): () Failed to commit 296 bytes this frame to 194.88.98.109:51648. This process is sending more data than the remote can receive!
     [exec]     (3721c4f3): () Failed to commit 296 bytes this frame to 194.88.98.109:51648. This process is sending more data than the remote can receive!
     [exec]     (3721c4f3): () Failed to commit 296 bytes this frame to 194.88.98.109:51648. This process is sending more data than the remote can receive!
     [exec]     (3721c4f3): () Failed to commit 296 bytes this frame to 194.88.98.109:51648. This process is sending more data than the remote can receive!
     [exec]     (3721c4f3): () Failed to commit 300 bytes this frame to 194.88.98.109:51648. This process is sending more data than the remote can receive!
     [exec]     (3721c4f3): () Failed to commit 300 bytes this frame to 194.88.98.109:51648. This process is sending more data than the remote can receive!
     [exec]     (3721c4f3): () Failed to commit 300 bytes this frame to 194.88.98.109:51648. This process is sending more data than the remote can receive!
     [exec]     (3721c4f3): () Failed to commit 300 bytes this frame to 194.88.98.109:51648. This process is sending more data than the remote can receive!
     [exec]     (3721c4f3): () Failed to commit 304 bytes this frame to 194.88.98.109:51648. This process is sending more data than the remote can receive!
     [exec]     (3721c4f3): () Failed to commit 304 bytes this frame to 194.88.98.109:51648. This process is sending more data than the remote can receive!
     [exec]     (3721c4f3): () Failed to commit 304 bytes this frame to 194.88.98.109:51648. This process is sending more data than the remote can receive!
     [exec]     (3721c4f3): () Failed to commit 304 bytes this frame to 194.88.98.109:51648. This process is sending more data than the remote can receive!
     [exec]     (3721c4f3): () Failed to commit 308 bytes this frame to 194.88.98.109:51648. This process is sending more data than the remote can receive!
     [exec]     (3721c4f3): () Failed to commit 308 bytes this frame to 194.88.98.109:51648. This process is sending more data than the remote can receive!
     [exec]     (3721c4f3): () Failed to commit 308 bytes this frame to 194.88.98.109:51648. This process is sending more data than the remote can receive!
     [exec]     (3721c4f3): () Failed to commit 308 bytes this frame to 194.88.98.109:51648. This process is sending more data than the remote can receive!
     [exec]     (3721c4f3): () Failed to commit 312 bytes this frame to 194.88.98.109:51648. This process is sending more data than the remote can receive!
     [exec]     (3721c4f3): () Failed to commit 312 bytes this frame to 194.88.98.109:51648. This process is sending more data than the remote can receive!
     [exec]     (3721c4f3): () Failed to commit 312 bytes this frame to 194.88.98.109:51648. This process is sending more data than the remote can receive!
     [exec]     (3721c4f3): () Failed to commit 312 bytes this frame to 194.88.98.109:51648. This process is sending more data than the remote can receive!
     [exec]     (3721c4f3): () Failed to commit 316 bytes this frame to 194.88.98.109:51648. This process is sending more data than the remote can receive!
     [exec] WARNING:     (3721c4f3): () Failed to commit 316 bytes this frame to 194.88.98.109:51648. This process is sending more data than the remote can receive!
     [exec] WARNING:     (3721c4f3): () Failed to commit 316 bytes this frame to 194.88.98.109:51648. This process is sending more data than the remote can receive!
     [exec] WARNING:     (3721c4f3): () Failed to commit 316 bytes this frame to 194.88.98.109:51648. This process is sending more data than the remote can receive!
     [exec] WARNING:     (3721c4f3): () Failed to commit 320 bytes this frame to 194.88.98.109:51648. This process is sending more data than the remote can receive!
     [exec] WARNING:     (3721c4f3): () Failed to commit 320 bytes this frame to 194.88.98.109:51648. This process is sending more data than the remote can receive!
     [exec] WARNING:     (3721c4f3): () Failed to commit 320 bytes this frame to 194.88.98.109:51648. This process is sending more data than the remote can receive!
     [exec] WARNING:     (3721c4f3): () Failed to commit 320 bytes this frame to 194.88.98.109:51648. This process is sending more data than the remote can receive!
     [exec] WARNING:     (3721c4f3): () Failed to commit 324 bytes this frame to 194.88.98.109:51648. This process is sending more data than the remote can receive!
     [exec] WARNING:     (3721c4f3): () Failed to commit 324 bytes this frame to 194.88.98.109:51648. This process is sending more data than the remote can receive!
     [exec] WARNING:     (3721c4f3): () Failed to commit 324 bytes this frame to 194.88.98.109:51648. This process is sending more data than the remote can receive!
     [exec] WARNING:     (3721c4f3): () Failed to commit 324 bytes this frame to 194.88.98.109:51648. This process is sending more data than the remote can receive!
     [exec] WARNING:     (3721c4f3): () Failed to commit 328 bytes this frame to 194.88.98.109:51648. This process is sending more data than the remote can receive!
     [exec] WARNING:     (3721c4f3): () Failed to commit 328 bytes this frame to 194.88.98.109:51648. This process is sending more data than the remote can receive!
     [exec] WARNING:     (3721c4f3): () Failed to commit 328 bytes this frame to 194.88.98.109:51648. This process is sending more data than the remote can receive!
     [exec] WARNING:     (3721c4f3): () Failed to commit 328 bytes this frame to 194.88.98.109:51648. This process is sending more data than the remote can receive!
     [exec] WARNING:     (3721c4f3): () Failed to commit 332 bytes this frame to 194.88.98.109:51648. This process is sending more data than the remote can receive!
     [exec] WARNING:     (3721c4f3): () Failed to commit 332 bytes this frame to 194.88.98.109:51648. This process is sending more data than the remote can receive!
     [exec] WARNING:     (3721c4f3): () Failed to commit 332 bytes this frame to 194.88.98.109:51648. This process is sending more data than the remote can receive!
     [exec] WARNING:     (3721c4f3): () Failed to commit 332 bytes this frame to 194.88.98.109:51648. This process is sending more data than the remote can receive!
     [exec] WARNING:     (3721c4f3): () Failed to commit 336 bytes this frame to 194.88.98.109:51648. This process is sending more data than the remote can receive!
     [exec] WARNING:     (3721c4f3): () Failed to commit 336 bytes this frame to 194.88.98.109:51648. This process is sending more data than the remote can receive!
     [exec] WARNING:     (3721c4f3): () Failed to commit 336 bytes this frame to 194.88.98.109:51648. This process is sending more data than the remote can receive!
     [exec] WARNING:     (3721c4f3): () Failed to commit 336 bytes this frame to 194.88.98.109:51648. This process is sending more data than the remote can receive!
     [exec] WARNING:     (3721c4f3): () Failed to commit 340 bytes this frame to 194.88.98.109:51648. This process is sending more data than the remote can receive!
     [exec] WARNING:     (3721c4f3): () Failed to commit 340 bytes this frame to 194.88.98.109:51648. This process is sending more data than the remote can receive!
     [exec] WARNING:     (3721c4f3): () Failed to commit 340 bytes this frame to 194.88.98.109:51648. This process is sending more data than the remote can receive!
     [exec] WARNING:     (3721c4f3): () Failed to commit 340 bytes this frame to 194.88.98.109:51648. This process is sending more data than the remote can receive!
     [exec] WARNING:     (3721c4f3): () Failed to commit 344 bytes this frame to 194.88.98.109:51648. This process is sending more data than the remote can receive!
     [exec]     (3721c4f3): () Failed to commit 316 bytes this frame to 194.88.98.109:51648. This process is sending more data than the remote can receive!
     [exec]     (3721c4f3): () Failed to commit 316 bytes this frame to 194.88.98.109:51648. This process is sending more data than the remote can receive!
     [exec]     (3721c4f3): () Failed to commit 316 bytes this frame to 194.88.98.109:51648. This process is sending more data than the remote can receive!
     [exec]     (3721c4f3): () Failed to commit 320 bytes this frame to 194.88.98.109:51648. This process is sending more data than the remote can receive!
     [exec]     (3721c4f3): () Failed to commit 320 bytes this frame to 194.88.98.109:51648. This process is sending more data than the remote can receive!
     [exec]     (3721c4f3): () Failed to commit 320 bytes this frame to 194.88.98.109:51648. This process is sending more data than the remote can receive!
     [exec]     (3721c4f3): () Failed to commit 320 bytes this frame to 194.88.98.109:51648. This process is sending more data than the remote can receive!
     [exec]     (3721c4f3): () Failed to commit 324 bytes this frame to 194.88.98.109:51648. This process is sending more data than the remote can receive!
     [exec]     (3721c4f3): () Failed to commit 324 bytes this frame to 194.88.98.109:51648. This process is sending more data than the remote can receive!
     [exec]     (3721c4f3): () Failed to commit 324 bytes this frame to 194.88.98.109:51648. This process is sending more data than the remote can receive!
     [exec]     (3721c4f3): () Failed to commit 324 bytes this frame to 194.88.98.109:51648. This process is sending more data than the remote can receive!
     [exec]     (3721c4f3): () Failed to commit 328 bytes this frame to 194.88.98.109:51648. This process is sending more data than the remote can receive!
     [exec]     (3721c4f3): () Failed to commit 328 bytes this frame to 194.88.98.109:51648. This process is sending more data than the remote can receive!
     [exec]     (3721c4f3): () Failed to commit 328 bytes this frame to 194.88.98.109:51648. This process is sending more data than the remote can receive!
     [exec]     (3721c4f3): () Failed to commit 328 bytes this frame to 194.88.98.109:51648. This process is sending more data than the remote can receive!
     [exec]     (3721c4f3): () Failed to commit 332 bytes this frame to 194.88.98.109:51648. This process is sending more data than the remote can receive!
     [exec]     (3721c4f3): () Failed to commit 332 bytes this frame to 194.88.98.109:51648. This process is sending more data than the remote can receive!
     [exec]     (3721c4f3): () Failed to commit 332 bytes this frame to 194.88.98.109:51648. This process is sending more data than the remote can receive!
     [exec]     (3721c4f3): () Failed to commit 332 bytes this frame to 194.88.98.109:51648. This process is sending more data than the remote can receive!
     [exec]     (3721c4f3): () Failed to commit 336 bytes this frame to 194.88.98.109:51648. This process is sending more data than the remote can receive!
     [exec]     (3721c4f3): () Failed to commit 336 bytes this frame to 194.88.98.109:51648. This process is sending more data than the remote can receive!
     [exec]     (3721c4f3): () Failed to commit 336 bytes this frame to 194.88.98.109:51648. This process is sending more data than the remote can receive!
     [exec]     (3721c4f3): () Failed to commit 336 bytes this frame to 194.88.98.109:51648. This process is sending more data than the remote can receive!
     [exec]     (3721c4f3): () Failed to commit 340 bytes this frame to 194.88.98.109:51648. This process is sending more data than the remote can receive!
     [exec]     (3721c4f3): () Failed to commit 340 bytes this frame to 194.88.98.109:51648. This process is sending more data than the remote can receive!
     [exec]     (3721c4f3): () Failed to commit 340 bytes this frame to 194.88.98.109:51648. This process is sending more data than the remote can receive!
     [exec]     (3721c4f3): () Failed to commit 340 bytes this frame to 194.88.98.109:51648. This process is sending more data than the remote can receive!
     [exec]     (3721c4f3): () Failed to commit 344 bytes this frame to 194.88.98.109:51648. This process is sending more data than the remote can receive!
     [exec] WARNING:     (3721c4f3): () Failed to commit 344 bytes this frame to 194.88.98.109:51648. This process is sending more data than the remote can receive!
     [exec] WARNING:     (3721c4f3): () Failed to commit 344 bytes this frame to 194.88.98.109:51648. This process is sending more data than the remote can receive!
     [exec] WARNING:     (3721c4f3): () Failed to commit 344 bytes this frame to 194.88.98.109:51648. This process is sending more data than the remote can receive!
     [exec] WARNING:     (3721c4f3): () Failed to commit 348 bytes this frame to 194.88.98.109:51648. This process is sending more data than the remote can receive!
     [exec] WARNING:     (3721c4f3): () Failed to commit 348 bytes this frame to 194.88.98.109:51648. This process is sending more data than the remote can receive!
     [exec] WARNING:     (3721c4f3): () Failed to commit 348 bytes this frame to 194.88.98.109:51648. This process is sending more data than the remote can receive!
     [exec] WARNING:     (3721c4f3): () Failed to commit 348 bytes this frame to 194.88.98.109:51648. This process is sending more data than the remote can receive!
     [exec] WARNING:     (3721c4f3): () Failed to commit 352 bytes this frame to 194.88.98.109:51648. This process is sending more data than the remote can receive!
     [exec] WARNING:     (3721c4f3): () Failed to commit 352 bytes this frame to 194.88.98.109:51648. This process is sending more data than the remote can receive!
     [exec] WARNING:     (3721c4f3): () Failed to commit 352 bytes this frame to 194.88.98.109:51648. This process is sending more data than the remote can receive!
     [exec] WARNING:     (3721c4f3): () Failed to commit 352 bytes this frame to 194.88.98.109:51648. This process is sending more data than the remote can receive!
     [exec] WARNING:     (3721c4f3): () Failed to commit 356 bytes this frame to 194.88.98.109:51648. This process is sending more data than the remote can receive!
     [exec] WARNING:     (3721c4f3): () Failed to commit 356 bytes this frame to 194.88.98.109:51648. This process is sending more data than the remote can receive!
     [exec] WARNING:     (3721c4f3): () Failed to commit 356 bytes this frame to 194.88.98.109:51648. This process is sending more data than the remote can receive!
     [exec] WARNING:     (3721c4f3): () Failed to commit 356 bytes this frame to 194.88.98.109:51648. This process is sending more data than the remote can receive!
     [exec] WARNING:     (3721c4f3): () Failed to commit 360 bytes this frame to 194.88.98.109:51648. This process is sending more data than the remote can receive!
     [exec] WARNING:     (3721c4f3): () Failed to commit 360 bytes this frame to 194.88.98.109:51648. This process is sending more data than the remote can receive!
     [exec] WARNING:     (3721c4f3): () Failed to commit 360 bytes this frame to 194.88.98.109:51648. This process is sending more data than the remote can receive!
     [exec] WARNING:     (3721c4f3): () Failed to commit 360 bytes this frame to 194.88.98.109:51648. This process is sending more data than the remote can receive!
     [exec] WARNING:     (3721c4f3): () Failed to commit 364 bytes this frame to 194.88.98.109:51648. This process is sending more data than the remote can receive!
     [exec] WARNING:     (3721c4f3): () Failed to commit 364 bytes this frame to 194.88.98.109:51648. This process is sending more data than the remote can receive!
     [exec] WARNING:     (3721c4f3): () Failed to commit 364 bytes this frame to 194.88.98.109:51648. This process is sending more data than the remote can receive!
     [exec] WARNING:     (3721c4f3): () Failed to commit 364 bytes this frame to 194.88.98.109:51648. This process is sending more data than the remote can receive!
     [exec] WARNING:     (3721c4f3): () Failed to commit 368 bytes this frame to 194.88.98.109:51648. This process is sending more data than the remote can receive!
     [exec] WARNING:     (3721c4f3): () Failed to commit 368 bytes this frame to 194.88.98.109:51648. This process is sending more data than the remote can receive!
     [exec] WARNING:     (3721c4f3): () Failed to commit 368 bytes this frame to 194.88.98.109:51648. This process is sending more data than the remote can receive!
     [exec] WARNING:     (3721c4f3): () Failed to commit 368 bytes this frame to 194.88.98.109:51648. This process is sending more data than the remote can receive!
     [exec] WARNING:     (3721c4f3): () Failed to commit 372 bytes this frame to 194.88.98.109:51648. This process is sending more data than the remote can receive!
     [exec] WARNING:     (3721c4f3): () Failed to commit 372 bytes this frame to 194.88.98.109:51648. This process is sending more data than the remote can receive!
     [exec] WARNING:     (3721c4f3): () Failed to commit 372 bytes this frame to 194.88.98.109:51648. This process is sending more data than the remote can receive!
     [exec]     (3721c4f3): () Failed to commit 344 bytes this frame to 194.88.98.109:51648. This process is sending more data than the remote can receive!
     [exec]     (3721c4f3): () Failed to commit 344 bytes this frame to 194.88.98.109:51648. This process is sending more data than the remote can receive!
     [exec]     (3721c4f3): () Failed to commit 344 bytes this frame to 194.88.98.109:51648. This process is sending more data than the remote can receive!
     [exec]     (3721c4f3): () Failed to commit 348 bytes this frame to 194.88.98.109:51648. This process is sending more data than the remote can receive!
     [exec]     (3721c4f3): () Failed to commit 348 bytes this frame to 194.88.98.109:51648. This process is sending more data than the remote can receive!
     [exec]     (3721c4f3): () Failed to commit 348 bytes this frame to 194.88.98.109:51648. This process is sending more data than the remote can receive!
     [exec]     (3721c4f3): () Failed to commit 348 bytes this frame to 194.88.98.109:51648. This process is sending more data than the remote can receive!
     [exec]     (3721c4f3): () Failed to commit 352 bytes this frame to 194.88.98.109:51648. This process is sending more data than the remote can receive!
     [exec]     (3721c4f3): () Failed to commit 352 bytes this frame to 194.88.98.109:51648. This process is sending more data than the remote can receive!
     [exec]     (3721c4f3): () Failed to commit 352 bytes this frame to 194.88.98.109:51648. This process is sending more data than the remote can receive!
     [exec]     (3721c4f3): () Failed to commit 352 bytes this frame to 194.88.98.109:51648. This process is sending more data than the remote can receive!
     [exec]     (3721c4f3): () Failed to commit 356 bytes this frame to 194.88.98.109:51648. This process is sending more data than the remote can receive!
     [exec]     (3721c4f3): () Failed to commit 356 bytes this frame to 194.88.98.109:51648. This process is sending more data than the remote can receive!
     [exec]     (3721c4f3): () Failed to commit 356 bytes this frame to 194.88.98.109:51648. This process is sending more data than the remote can receive!
     [exec]     (3721c4f3): () Failed to commit 356 bytes this frame to 194.88.98.109:51648. This process is sending more data than the remote can receive!
     [exec]     (3721c4f3): () Failed to commit 360 bytes this frame to 194.88.98.109:51648. This process is sending more data than the remote can receive!
     [exec]     (3721c4f3): () Failed to commit 360 bytes this frame to 194.88.98.109:51648. This process is sending more data than the remote can receive!
     [exec]     (3721c4f3): () Failed to commit 360 bytes this frame to 194.88.98.109:51648. This process is sending more data than the remote can receive!
     [exec]     (3721c4f3): () Failed to commit 360 bytes this frame to 194.88.98.109:51648. This process is sending more data than the remote can receive!
     [exec]     (3721c4f3): () Failed to commit 364 bytes this frame to 194.88.98.109:51648. This process is sending more data than the remote can receive!
     [exec]     (3721c4f3): () Failed to commit 364 bytes this frame to 194.88.98.109:51648. This process is sending more data than the remote can receive!
     [exec]     (3721c4f3): () Failed to commit 364 bytes this frame to 194.88.98.109:51648. This process is sending more data than the remote can receive!
     [exec]     (3721c4f3): () Failed to commit 364 bytes this frame to 194.88.98.109:51648. This process is sending more data than the remote can receive!
     [exec]     (3721c4f3): () Failed to commit 368 bytes this frame to 194.88.98.109:51648. This process is sending more data than the remote can receive!
     [exec]     (3721c4f3): () Failed to commit 368 bytes this frame to 194.88.98.109:51648. This process is sending more data than the remote can receive!
     [exec]     (3721c4f3): () Failed to commit 368 bytes this frame to 194.88.98.109:51648. This process is sending more data than the remote can receive!
     [exec]     (3721c4f3): () Failed to commit 368 bytes this frame to 194.88.98.109:51648. This process is sending more data than the remote can receive!
     [exec]     (3721c4f3): () Failed to commit 372 bytes this frame to 194.88.98.109:51648. This process is sending more data than the remote can receive!
     [exec]     (3721c4f3): () Failed to commit 372 bytes this frame to 194.88.98.109:51648. This process is sending more data than the remote can receive!
     [exec] WARNING:     (3721c4f3): () Failed to commit 372 bytes this frame to 194.88.98.109:51648. This process is sending more data than the remote can receive!
     [exec] WARNING:     (3721c4f3): () Failed to commit 376 bytes this frame to 194.88.98.109:51648. This process is sending more data than the remote can receive!
     [exec] WARNING:     (3721c4f3): () Failed to commit 376 bytes this frame to 194.88.98.109:51648. This process is sending more data than the remote can receive!
     [exec] WARNING:     (3721c4f3): () Failed to commit 376 bytes this frame to 194.88.98.109:51648. This process is sending more data than the remote can receive!
     [exec] WARNING:     (3721c4f3): () Failed to commit 376 bytes this frame to 194.88.98.109:51648. This process is sending more data than the remote can receive!
     [exec] WARNING:     (3721c4f3): () Failed to commit 380 bytes this frame to 194.88.98.109:51648. This process is sending more data than the remote can receive!
     [exec] WARNING:     (3721c4f3): () Failed to commit 380 bytes this frame to 194.88.98.109:51648. This process is sending more data than the remote can receive!
     [exec] WARNING:     (3721c4f3): () Failed to commit 380 bytes this frame to 194.88.98.109:51648. This process is sending more data than the remote can receive!
     [exec] WARNING:     (3721c4f3): () Failed to commit 380 bytes this frame to 194.88.98.109:51648. This process is sending more data than the remote can receive!
     [exec] WARNING:     (3721c4f3): () Failed to commit 384 bytes this frame to 194.88.98.109:51648. This process is sending more data than the remote can receive!
     [exec] WARNING:     (3721c4f3): () Failed to commit 384 bytes this frame to 194.88.98.109:51648. This process is sending more data than the remote can receive!
     [exec] WARNING:     (3721c4f3): () Failed to commit 384 bytes this frame to 194.88.98.109:51648. This process is sending more data than the remote can receive!
     [exec] WARNING:     (3721c4f3): () Failed to commit 384 bytes this frame to 194.88.98.109:51648. This process is sending more data than the remote can receive!
     [exec] WARNING:     (3721c4f3): () Failed to commit 388 bytes this frame to 194.88.98.109:51648. This process is sending more data than the remote can receive!
     [exec] WARNING:     (3721c4f3): () Failed to commit 388 bytes this frame to 194.88.98.109:51648. This process is sending more data than the remote can receive!
     [exec] WARNING:     (3721c4f3): () Failed to commit 388 bytes this frame to 194.88.98.109:51648. This process is sending more data than the remote can receive!
     [exec] WARNING:     (3721c4f3): () Failed to commit 388 bytes this frame to 194.88.98.109:51648. This process is sending more data than the remote can receive!
     [exec] WARNING:     (3721c4f3): () Failed to commit 392 bytes this frame to 194.88.98.109:51648. This process is sending more data than the remote can receive!
     [exec] WARNING:     (3721c4f3): () Failed to commit 392 bytes this frame to 194.88.98.109:51648. This process is sending more data than the remote can receive!
     [exec] WARNING:     (3721c4f3): () Failed to commit 392 bytes this frame to 194.88.98.109:51648. This process is sending more data than the remote can receive!
     [exec] WARNING:     (3721c4f3): () Failed to commit 392 bytes this frame to 194.88.98.109:51648. This process is sending more data than the remote can receive!
     [exec] WARNING:     (3721c4f3): () Failed to commit 396 bytes this frame to 194.88.98.109:51648. This process is sending more data than the remote can receive!
     [exec] WARNING:     (3721c4f3): () Failed to commit 396 bytes this frame to 194.88.98.109:51648. This process is sending more data than the remote can receive!
     [exec] WARNING:     (3721c4f3): () Failed to commit 396 bytes this frame to 194.88.98.109:51648. This process is sending more data than the remote can receive!
     [exec] WARNING:     (3721c4f3): () Failed to commit 396 bytes this frame to 194.88.98.109:51648. This process is sending more data than the remote can receive!
     [exec] WARNING:     (3721c4f3): () Failed to commit 400 bytes this frame to 194.88.98.109:51648. This process is sending more data than the remote can receive!
     [exec] WARNING:     (3721c4f3): () Failed to commit 400 bytes this frame to 194.88.98.109:51648. This process is sending more data than the remote can receive!
     [exec]     (3721c4f3): () Failed to commit 372 bytes this frame to 194.88.98.109:51648. This process is sending more data than the remote can receive!
     [exec]     (3721c4f3): () Failed to commit 372 bytes this frame to 194.88.98.109:51648. This process is sending more data than the remote can receive!
     [exec]     (3721c4f3): () Failed to commit 376 bytes this frame to 194.88.98.109:51648. This process is sending more data than the remote can receive!
     [exec]     (3721c4f3): () Failed to commit 376 bytes this frame to 194.88.98.109:51648. This process is sending more data than the remote can receive!
     [exec]     (3721c4f3): () Failed to commit 376 bytes this frame to 194.88.98.109:51648. This process is sending more data than the remote can receive!
     [exec]     (3721c4f3): () Failed to commit 376 bytes this frame to 194.88.98.109:51648. This process is sending more data than the remote can receive!
     [exec]     (3721c4f3): () Failed to commit 380 bytes this frame to 194.88.98.109:51648. This process is sending more data than the remote can receive!
     [exec]     (3721c4f3): () Failed to commit 380 bytes this frame to 194.88.98.109:51648. This process is sending more data than the remote can receive!
     [exec]     (3721c4f3): () Failed to commit 380 bytes this frame to 194.88.98.109:51648. This process is sending more data than the remote can receive!
     [exec]     (3721c4f3): () Failed to commit 380 bytes this frame to 194.88.98.109:51648. This process is sending more data than the remote can receive!
     [exec]     (3721c4f3): () Failed to commit 384 bytes this frame to 194.88.98.109:51648. This process is sending more data than the remote can receive!
     [exec]     (3721c4f3): () Failed to commit 384 bytes this frame to 194.88.98.109:51648. This process is sending more data than the remote can receive!
     [exec]     (3721c4f3): () Failed to commit 384 bytes this frame to 194.88.98.109:51648. This process is sending more data than the remote can receive!
     [exec]     (3721c4f3): () Failed to commit 384 bytes this frame to 194.88.98.109:51648. This process is sending more data than the remote can receive!
     [exec]     (3721c4f3): () Failed to commit 388 bytes this frame to 194.88.98.109:51648. This process is sending more data than the remote can receive!
     [exec]     (3721c4f3): () Failed to commit 388 bytes this frame to 194.88.98.109:51648. This process is sending more data than the remote can receive!
     [exec]     (3721c4f3): () Failed to commit 388 bytes this frame to 194.88.98.109:51648. This process is sending more data than the remote can receive!
     [exec]     (3721c4f3): () Failed to commit 388 bytes this frame to 194.88.98.109:51648. This process is sending more data than the remote can receive!
     [exec]     (3721c4f3): () Failed to commit 392 bytes this frame to 194.88.98.109:51648. This process is sending more data than the remote can receive!
     [exec]     (3721c4f3): () Failed to commit 392 bytes this frame to 194.88.98.109:51648. This process is sending more data than the remote can receive!
     [exec]     (3721c4f3): () Failed to commit 392 bytes this frame to 194.88.98.109:51648. This process is sending more data than the remote can receive!
     [exec]     (3721c4f3): () Failed to commit 392 bytes this frame to 194.88.98.109:51648. This process is sending more data than the remote can receive!
     [exec]     (3721c4f3): () Failed to commit 396 bytes this frame to 194.88.98.109:51648. This process is sending more data than the remote can receive!
     [exec]     (3721c4f3): () Failed to commit 396 bytes this frame to 194.88.98.109:51648. This process is sending more data than the remote can receive!
     [exec]     (3721c4f3): () Failed to commit 396 bytes this frame to 194.88.98.109:51648. This process is sending more data than the remote can receive!
     [exec]     (3721c4f3): () Failed to commit 396 bytes this frame to 194.88.98.109:51648. This process is sending more data than the remote can receive!
     [exec]     (3721c4f3): () Failed to commit 400 bytes this frame to 194.88.98.109:51648. This process is sending more data than the remote can receive!
     [exec]     (3721c4f3): () Failed to commit 400 bytes this frame to 194.88.98.109:51648. This process is sending more data than the remote can receive!
     [exec] WARNING:     (3721c4f3): () Failed to commit 400 bytes this frame to 194.88.98.109:51648. This process is sending more data than the remote can receive!
     [exec] WARNING:     (3721c4f3): () Failed to commit 400 bytes this frame to 194.88.98.109:51648. This process is sending more data than the remote can receive!
     [exec] WARNING:     (3721c4f3): () Failed to commit 404 bytes this frame to 194.88.98.109:51648. This process is sending more data than the remote can receive!
     [exec] WARNING:     (3721c4f3): () Failed to commit 404 bytes this frame to 194.88.98.109:51648. This process is sending more data than the remote can receive!
     [exec] WARNING:     (3721c4f3): () Failed to commit 404 bytes this frame to 194.88.98.109:51648. This process is sending more data than the remote can receive!
     [exec] WARNING:     (3721c4f3): () Failed to commit 404 bytes this frame to 194.88.98.109:51648. This process is sending more data than the remote can receive!
     [exec] WARNING:     (3721c4f3): () Failed to commit 408 bytes this frame to 194.88.98.109:51648. This process is sending more data than the remote can receive!
     [exec] WARNING:     (3721c4f3): () Failed to commit 408 bytes this frame to 194.88.98.109:51648. This process is sending more data than the remote can receive!
     [exec] WARNING:     (3721c4f3): () Failed to commit 408 bytes this frame to 194.88.98.109:51648. This process is sending more data than the remote can receive!
     [exec] WARNING:     (3721c4f3): () Failed to commit 408 bytes this frame to 194.88.98.109:51648. This process is sending more data than the remote can receive!
     [exec] WARNING:     (3721c4f3): () Failed to commit 412 bytes this frame to 194.88.98.109:51648. This process is sending more data than the remote can receive!
     [exec] WARNING:     (3721c4f3): () Failed to commit 412 bytes this frame to 194.88.98.109:51648. This process is sending more data than the remote can receive!
     [exec] WARNING:     (3721c4f3): () Failed to commit 412 bytes this frame to 194.88.98.109:51648. This process is sending more data than the remote can receive!
     [exec] WARNING:     (3721c4f3): () Failed to commit 412 bytes this frame to 194.88.98.109:51648. This process is sending more data than the remote can receive!
     [exec] WARNING:     (3721c4f3): () Failed to commit 416 bytes this frame to 194.88.98.109:51648. This process is sending more data than the remote can receive!
     [exec] WARNING:     (3721c4f3): () Failed to commit 416 bytes this frame to 194.88.98.109:51648. This process is sending more data than the remote can receive!
     [exec] WARNING:     (3721c4f3): () Failed to commit 416 bytes this frame to 194.88.98.109:51648. This process is sending more data than the remote can receive!
     [exec] WARNING:     (3721c4f3): () Failed to commit 416 bytes this frame to 194.88.98.109:51648. This process is sending more data than the remote can receive!
     [exec] WARNING:     (3721c4f3): () Failed to commit 420 bytes this frame to 194.88.98.109:51648. This process is sending more data than the remote can receive!
     [exec] WARNING:     (3721c4f3): () Failed to commit 420 bytes this frame to 194.88.98.109:51648. This process is sending more data than the remote can receive!
     [exec] WARNING:     (3721c4f3): () Failed to commit 420 bytes this frame to 194.88.98.109:51648. This process is sending more data than the remote can receive!
     [exec] WARNING:     (3721c4f3): () Failed to commit 420 bytes this frame to 194.88.98.109:51648. This process is sending more data than the remote can receive!
     [exec] WARNING:     (3721c4f3): () Failed to commit 424 bytes this frame to 194.88.98.109:51648. This process is sending more data than the remote can receive!
     [exec] WARNING:     (3721c4f3): () Failed to commit 424 bytes this frame to 194.88.98.109:51648. This process is sending more data than the remote can receive!
     [exec] WARNING:     (3721c4f3): () Failed to commit 424 bytes this frame to 194.88.98.109:51648. This process is sending more data than the remote can receive!
     [exec] WARNING:     (3721c4f3): () Failed to commit 424 bytes this frame to 194.88.98.109:51648. This process is sending more data than the remote can receive!
     [exec] WARNING:     (3721c4f3): () Failed to commit 428 bytes this frame to 194.88.98.109:51648. This process is sending more data than the remote can receive!
     [exec] WARNING:     (3721c4f3): () Failed to commit 428 bytes this frame to 194.88.98.109:51648. This process is sending more data than the remote can receive!
     [exec]     (3721c4f3): () Failed to commit 400 bytes this frame to 194.88.98.109:51648. This process is sending more data than the remote can receive!
     [exec]     (3721c4f3): () Failed to commit 400 bytes this frame to 194.88.98.109:51648. This process is sending more data than the remote can receive!
     [exec]     (3721c4f3): () Failed to commit 404 bytes this frame to 194.88.98.109:51648. This process is sending more data than the remote can receive!
     [exec]     (3721c4f3): () Failed to commit 404 bytes this frame to 194.88.98.109:51648. This process is sending more data than the remote can receive!
     [exec]     (3721c4f3): () Failed to commit 404 bytes this frame to 194.88.98.109:51648. This process is sending more data than the remote can receive!
     [exec]     (3721c4f3): () Failed to commit 404 bytes this frame to 194.88.98.109:51648. This process is sending more data than the remote can receive!
     [exec]     (3721c4f3): () Failed to commit 408 bytes this frame to 194.88.98.109:51648. This process is sending more data than the remote can receive!
     [exec]     (3721c4f3): () Failed to commit 408 bytes this frame to 194.88.98.109:51648. This process is sending more data than the remote can receive!
     [exec]     (3721c4f3): () Failed to commit 408 bytes this frame to 194.88.98.109:51648. This process is sending more data than the remote can receive!
     [exec]     (3721c4f3): () Failed to commit 408 bytes this frame to 194.88.98.109:51648. This process is sending more data than the remote can receive!
     [exec]     (3721c4f3): () Failed to commit 412 bytes this frame to 194.88.98.109:51648. This process is sending more data than the remote can receive!
     [exec]     (3721c4f3): () Failed to commit 412 bytes this frame to 194.88.98.109:51648. This process is sending more data than the remote can receive!
     [exec]     (3721c4f3): () Failed to commit 412 bytes this frame to 194.88.98.109:51648. This process is sending more data than the remote can receive!
     [exec]     (3721c4f3): () Failed to commit 412 bytes this frame to 194.88.98.109:51648. This process is sending more data than the remote can receive!
     [exec]     (3721c4f3): () Failed to commit 416 bytes this frame to 194.88.98.109:51648. This process is sending more data than the remote can receive!
     [exec]     (3721c4f3): () Failed to commit 416 bytes this frame to 194.88.98.109:51648. This process is sending more data than the remote can receive!
     [exec]     (3721c4f3): () Failed to commit 416 bytes this frame to 194.88.98.109:51648. This process is sending more data than the remote can receive!
     [exec]     (3721c4f3): () Failed to commit 416 bytes this frame to 194.88.98.109:51648. This process is sending more data than the remote can receive!
     [exec]     (3721c4f3): () Failed to commit 420 bytes this frame to 194.88.98.109:51648. This process is sending more data than the remote can receive!
     [exec]     (3721c4f3): () Failed to commit 420 bytes this frame to 194.88.98.109:51648. This process is sending more data than the remote can receive!
     [exec]     (3721c4f3): () Failed to commit 420 bytes this frame to 194.88.98.109:51648. This process is sending more data than the remote can receive!
     [exec]     (3721c4f3): () Failed to commit 420 bytes this frame to 194.88.98.109:51648. This process is sending more data than the remote can receive!
     [exec]     (3721c4f3): () Failed to commit 424 bytes this frame to 194.88.98.109:51648. This process is sending more data than the remote can receive!
     [exec]     (3721c4f3): () Failed to commit 424 bytes this frame to 194.88.98.109:51648. This process is sending more data than the remote can receive!
     [exec]     (3721c4f3): () Failed to commit 424 bytes this frame to 194.88.98.109:51648. This process is sending more data than the remote can receive!
     [exec]     (3721c4f3): () Failed to commit 424 bytes this frame to 194.88.98.109:51648. This process is sending more data than the remote can receive!
     [exec]     (3721c4f3): () Failed to commit 428 bytes this frame to 194.88.98.109:51648. This process is sending more data than the remote can receive!
     [exec]     (3721c4f3): () Failed to commit 428 bytes this frame to 194.88.98.109:51648. This process is sending more data than the remote can receive!
     [exec] WARNING:     (3721c4f3): () Failed to commit 428 bytes this frame to 194.88.98.109:51648. This process is sending more data than the remote can receive!
     [exec] WARNING:     (3721c4f3): () Failed to commit 428 bytes this frame to 194.88.98.109:51648. This process is sending more data than the remote can receive!
     [exec] WARNING:     (3721c4f3): () Failed to commit 432 bytes this frame to 194.88.98.109:51648. This process is sending more data than the remote can receive!
     [exec] WARNING:     (3721c4f3): () Failed to commit 432 bytes this frame to 194.88.98.109:51648. This process is sending more data than the remote can receive!
     [exec] WARNING:     (3721c4f3): () Failed to commit 432 bytes this frame to 194.88.98.109:51648. This process is sending more data than the remote can receive!
     [exec] WARNING:     (3721c4f3): () Failed to commit 432 bytes this frame to 194.88.98.109:51648. This process is sending more data than the remote can receive!
     [exec] WARNING:     (3721c4f3): () Failed to commit 436 bytes this frame to 194.88.98.109:51648. This process is sending more data than the remote can receive!
     [exec] WARNING:     (3721c4f3): () Failed to commit 436 bytes this frame to 194.88.98.109:51648. This process is sending more data than the remote can receive!
     [exec] WARNING:     (3721c4f3): () Failed to commit 436 bytes this frame to 194.88.98.109:51648. This process is sending more data than the remote can receive!
     [exec] WARNING:     (3721c4f3): () Failed to commit 436 bytes this frame to 194.88.98.109:51648. This process is sending more data than the remote can receive!
     [exec] WARNING:     (3721c4f3): () Failed to commit 440 bytes this frame to 194.88.98.109:51648. This process is sending more data than the remote can receive!
     [exec] WARNING:     (3721c4f3): () Failed to commit 440 bytes this frame to 194.88.98.109:51648. This process is sending more data than the remote can receive!
     [exec] WARNING:     (3721c4f3): () Failed to commit 440 bytes this frame to 194.88.98.109:51648. This process is sending more data than the remote can receive!
     [exec] WARNING:     (3721c4f3): () Failed to commit 440 bytes this frame to 194.88.98.109:51648. This process is sending more data than the remote can receive!
     [exec] WARNING:     (3721c4f3): () Failed to commit 444 bytes this frame to 194.88.98.109:51648. This process is sending more data than the remote can receive!
     [exec] WARNING:     (3721c4f3): () Failed to commit 444 bytes this frame to 194.88.98.109:51648. This process is sending more data than the remote can receive!
     [exec] WARNING:     (3721c4f3): () Failed to commit 444 bytes this frame to 194.88.98.109:51648. This process is sending more data than the remote can receive!
     [exec] WARNING:     (3721c4f3): () Failed to commit 444 bytes this frame to 194.88.98.109:51648. This process is sending more data than the remote can receive!
     [exec] WARNING:     (3721c4f3): () Failed to commit 448 bytes this frame to 194.88.98.109:51648. This process is sending more data than the remote can receive!
     [exec] WARNING:     (3721c4f3): () Failed to commit 448 bytes this frame to 194.88.98.109:51648. This process is sending more data than the remote can receive!
     [exec] WARNING:     (3721c4f3): () Failed to commit 448 bytes this frame to 194.88.98.109:51648. This process is sending more data than the remote can receive!
     [exec] WARNING:     (3721c4f3): () Failed to commit 448 bytes this frame to 194.88.98.109:51648. This process is sending more data than the remote can receive!
     [exec] WARNING:     (3721c4f3): () Failed to commit 452 bytes this frame to 194.88.98.109:51648. This process is sending more data than the remote can receive!
     [exec] WARNING:     (3721c4f3): () Failed to commit 452 bytes this frame to 194.88.98.109:51648. This process is sending more data than the remote can receive!
     [exec] WARNING:     (3721c4f3): () Failed to commit 452 bytes this frame to 194.88.98.109:51648. This process is sending more data than the remote can receive!
     [exec] WARNING:     (3721c4f3): () Failed to commit 452 bytes this frame to 194.88.98.109:51648. This process is sending more data than the remote can receive!
     [exec] WARNING:     (3721c4f3): () Failed to commit 456 bytes this frame to 194.88.98.109:51648. This process is sending more data than the remote can receive!
     [exec] WARNING:     (3721c4f3): () Failed to commit 456 bytes this frame to 194.88.98.109:51648. This process is sending more data than the remote can receive!
     [exec] WARNING:     (3721c4f3): () Failed to commit 456 bytes this frame to 194.88.98.109:51648. This process is sending more data than the remote can receive!
     [exec] WARNING:     (3721c4f3): () Failed to commit 456 bytes this frame to 194.88.98.109:51648. This process is sending more data than the remote can receive!
     [exec]     (3721c4f3): () Failed to commit 428 bytes this frame to 194.88.98.109:51648. This process is sending more data than the remote can receive!
     [exec]     (3721c4f3): () Failed to commit 428 bytes this frame to 194.88.98.109:51648. This process is sending more data than the remote can receive!
     [exec]     (3721c4f3): () Failed to commit 432 bytes this frame to 194.88.98.109:51648. This process is sending more data than the remote can receive!
     [exec]     (3721c4f3): () Failed to commit 432 bytes this frame to 194.88.98.109:51648. This process is sending more data than the remote can receive!
     [exec]     (3721c4f3): () Failed to commit 432 bytes this frame to 194.88.98.109:51648. This process is sending more data than the remote can receive!
     [exec]     (3721c4f3): () Failed to commit 432 bytes this frame to 194.88.98.109:51648. This process is sending more data than the remote can receive!
     [exec]     (3721c4f3): () Failed to commit 436 bytes this frame to 194.88.98.109:51648. This process is sending more data than the remote can receive!
     [exec]     (3721c4f3): () Failed to commit 436 bytes this frame to 194.88.98.109:51648. This process is sending more data than the remote can receive!
     [exec]     (3721c4f3): () Failed to commit 436 bytes this frame to 194.88.98.109:51648. This process is sending more data than the remote can receive!
     [exec]     (3721c4f3): () Failed to commit 436 bytes this frame to 194.88.98.109:51648. This process is sending more data than the remote can receive!
     [exec]     (3721c4f3): () Failed to commit 440 bytes this frame to 194.88.98.109:51648. This process is sending more data than the remote can receive!
     [exec]     (3721c4f3): () Failed to commit 440 bytes this frame to 194.88.98.109:51648. This process is sending more data than the remote can receive!
     [exec]     (3721c4f3): () Failed to commit 440 bytes this frame to 194.88.98.109:51648. This process is sending more data than the remote can receive!
     [exec]     (3721c4f3): () Failed to commit 440 bytes this frame to 194.88.98.109:51648. This process is sending more data than the remote can receive!
     [exec]     (3721c4f3): () Failed to commit 444 bytes this frame to 194.88.98.109:51648. This process is sending more data than the remote can receive!
     [exec]     (3721c4f3): () Failed to commit 444 bytes this frame to 194.88.98.109:51648. This process is sending more data than the remote can receive!
     [exec]     (3721c4f3): () Failed to commit 444 bytes this frame to 194.88.98.109:51648. This process is sending more data than the remote can receive!
     [exec]     (3721c4f3): () Failed to commit 444 bytes this frame to 194.88.98.109:51648. This process is sending more data than the remote can receive!
     [exec]     (3721c4f3): () Failed to commit 448 bytes this frame to 194.88.98.109:51648. This process is sending more data than the remote can receive!
     [exec]     (3721c4f3): () Failed to commit 448 bytes this frame to 194.88.98.109:51648. This process is sending more data than the remote can receive!
     [exec]     (3721c4f3): () Failed to commit 448 bytes this frame to 194.88.98.109:51648. This process is sending more data than the remote can receive!
     [exec]     (3721c4f3): () Failed to commit 448 bytes this frame to 194.88.98.109:51648. This process is sending more data than the remote can receive!
     [exec]     (3721c4f3): () Failed to commit 452 bytes this frame to 194.88.98.109:51648. This process is sending more data than the remote can receive!
     [exec]     (3721c4f3): () Failed to commit 452 bytes this frame to 194.88.98.109:51648. This process is sending more data than the remote can receive!
     [exec]     (3721c4f3): () Failed to commit 452 bytes this frame to 194.88.98.109:51648. This process is sending more data than the remote can receive!
     [exec]     (3721c4f3): () Failed to commit 452 bytes this frame to 194.88.98.109:51648. This process is sending more data than the remote can receive!
     [exec]     (3721c4f3): () Failed to commit 456 bytes this frame to 194.88.98.109:51648. This process is sending more data than the remote can receive!
     [exec]     (3721c4f3): () Failed to commit 456 bytes this frame to 194.88.98.109:51648. This process is sending more data than the remote can receive!
     [exec]     (3721c4f3): () Failed to commit 456 bytes this frame to 194.88.98.109:51648. This process is sending more data than the remote can receive!
     [exec] WARNING:     (3721c4f3): () Failed to commit 460 bytes this frame to 194.88.98.109:51648. This process is sending more data than the remote can receive!
     [exec] WARNING:     (3721c4f3): () Failed to commit 460 bytes this frame to 194.88.98.109:51648. This process is sending more data than the remote can receive!
     [exec] WARNING:     (3721c4f3): () Failed to commit 460 bytes this frame to 194.88.98.109:51648. This process is sending more data than the remote can receive!
     [exec] WARNING:     (3721c4f3): () Failed to commit 460 bytes this frame to 194.88.98.109:51648. This process is sending more data than the remote can receive!
     [exec] WARNING:     (3721c4f3): () Failed to commit 464 bytes this frame to 194.88.98.109:51648. This process is sending more data than the remote can receive!
     [exec] WARNING:     (3721c4f3): () Failed to commit 464 bytes this frame to 194.88.98.109:51648. This process is sending more data than the remote can receive!
     [exec] WARNING:     (3721c4f3): () Failed to commit 464 bytes this frame to 194.88.98.109:51648. This process is sending more data than the remote can receive!
     [exec] WARNING:     (3721c4f3): () Failed to commit 464 bytes this frame to 194.88.98.109:51648. This process is sending more data than the remote can receive!
     [exec] WARNING:     (3721c4f3): () Failed to commit 468 bytes this frame to 194.88.98.109:51648. This process is sending more data than the remote can receive!
     [exec] WARNING:     (3721c4f3): () Failed to commit 468 bytes this frame to 194.88.98.109:51648. This process is sending more data than the remote can receive!
     [exec] WARNING:     (3721c4f3): () Failed to commit 468 bytes this frame to 194.88.98.109:51648. This process is sending more data than the remote can receive!
     [exec] WARNING:     (3721c4f3): () Failed to commit 468 bytes this frame to 194.88.98.109:51648. This process is sending more data than the remote can receive!
     [exec] WARNING:     (3721c4f3): () Failed to commit 472 bytes this frame to 194.88.98.109:51648. This process is sending more data than the remote can receive!
     [exec] WARNING:     (3721c4f3): () Failed to commit 472 bytes this frame to 194.88.98.109:51648. This process is sending more data than the remote can receive!
     [exec] WARNING:     (3721c4f3): () Failed to commit 472 bytes this frame to 194.88.98.109:51648. This process is sending more data than the remote can receive!
     [exec] WARNING:     (3721c4f3): () Failed to commit 472 bytes this frame to 194.88.98.109:51648. This process is sending more data than the remote can receive!
     [exec] WARNING:     (3721c4f3): () Failed to commit 476 bytes this frame to 194.88.98.109:51648. This process is sending more data than the remote can receive!
     [exec] WARNING:     (3721c4f3): () Failed to commit 476 bytes this frame to 194.88.98.109:51648. This process is sending more data than the remote can receive!
     [exec] WARNING:     (3721c4f3): () Failed to commit 476 bytes this frame to 194.88.98.109:51648. This process is sending more data than the remote can receive!
     [exec] WARNING:     (3721c4f3): () Failed to commit 476 bytes this frame to 194.88.98.109:51648. This process is sending more data than the remote can receive!
     [exec] WARNING:     (3721c4f3): () Failed to commit 480 bytes this frame to 194.88.98.109:51648. This process is sending more data than the remote can receive!
     [exec] WARNING:     (3721c4f3): () Failed to commit 480 bytes this frame to 194.88.98.109:51648. This process is sending more data than the remote can receive!
     [exec] WARNING:     (3721c4f3): () Failed to commit 480 bytes this frame to 194.88.98.109:51648. This process is sending more data than the remote can receive!
     [exec] WARNING:     (3721c4f3): () Failed to commit 480 bytes this frame to 194.88.98.109:51648. This process is sending more data than the remote can receive!
     [exec] WARNING:     (3721c4f3): () Failed to commit 484 bytes this frame to 194.88.98.109:51648. This process is sending more data than the remote can receive!
     [exec] WARNING:     (3721c4f3): () Failed to commit 484 bytes this frame to 194.88.98.109:51648. This process is sending more data than the remote can receive!
     [exec] WARNING:     (3721c4f3): () Failed to commit 484 bytes this frame to 194.88.98.109:51648. This process is sending more data than the remote can receive!
     [exec] WARNING:     (3721c4f3): () Failed to commit 484 bytes this frame to 194.88.98.109:51648. This process is sending more data than the remote can receive!
     [exec]     (3721c4f3): () Failed to commit 456 bytes this frame to 194.88.98.109:51648. This process is sending more data than the remote can receive!
     [exec]     (3721c4f3): () Failed to commit 460 bytes this frame to 194.88.98.109:51648. This process is sending more data than the remote can receive!
     [exec]     (3721c4f3): () Failed to commit 460 bytes this frame to 194.88.98.109:51648. This process is sending more data than the remote can receive!
     [exec]     (3721c4f3): () Failed to commit 460 bytes this frame to 194.88.98.109:51648. This process is sending more data than the remote can receive!
     [exec]     (3721c4f3): () Failed to commit 460 bytes this frame to 194.88.98.109:51648. This process is sending more data than the remote can receive!
     [exec]     (3721c4f3): () Failed to commit 464 bytes this frame to 194.88.98.109:51648. This process is sending more data than the remote can receive!
     [exec]     (3721c4f3): () Failed to commit 464 bytes this frame to 194.88.98.109:51648. This process is sending more data than the remote can receive!
     [exec]     (3721c4f3): () Failed to commit 464 bytes this frame to 194.88.98.109:51648. This process is sending more data than the remote can receive!
     [exec]     (3721c4f3): () Failed to commit 464 bytes this frame to 194.88.98.109:51648. This process is sending more data than the remote can receive!
     [exec]     (3721c4f3): () Failed to commit 468 bytes this frame to 194.88.98.109:51648. This process is sending more data than the remote can receive!
     [exec]     (3721c4f3): () Failed to commit 468 bytes this frame to 194.88.98.109:51648. This process is sending more data than the remote can receive!
     [exec]     (3721c4f3): () Failed to commit 468 bytes this frame to 194.88.98.109:51648. This process is sending more data than the remote can receive!
     [exec]     (3721c4f3): () Failed to commit 468 bytes this frame to 194.88.98.109:51648. This process is sending more data than the remote can receive!
     [exec]     (3721c4f3): () Failed to commit 472 bytes this frame to 194.88.98.109:51648. This process is sending more data than the remote can receive!
     [exec]     (3721c4f3): () Failed to commit 472 bytes this frame to 194.88.98.109:51648. This process is sending more data than the remote can receive!
     [exec]     (3721c4f3): () Failed to commit 472 bytes this frame to 194.88.98.109:51648. This process is sending more data than the remote can receive!
     [exec]     (3721c4f3): () Failed to commit 472 bytes this frame to 194.88.98.109:51648. This process is sending more data than the remote can receive!
     [exec]     (3721c4f3): () Failed to commit 476 bytes this frame to 194.88.98.109:51648. This process is sending more data than the remote can receive!
     [exec]     (3721c4f3): () Failed to commit 476 bytes this frame to 194.88.98.109:51648. This process is sending more data than the remote can receive!
     [exec]     (3721c4f3): () Failed to commit 476 bytes this frame to 194.88.98.109:51648. This process is sending more data than the remote can receive!
     [exec]     (3721c4f3): () Failed to commit 476 bytes this frame to 194.88.98.109:51648. This process is sending more data than the remote can receive!
     [exec]     (3721c4f3): () Failed to commit 480 bytes this frame to 194.88.98.109:51648. This process is sending more data than the remote can receive!
     [exec]     (3721c4f3): () Failed to commit 480 bytes this frame to 194.88.98.109:51648. This process is sending more data than the remote can receive!
     [exec]     (3721c4f3): () Failed to commit 480 bytes this frame to 194.88.98.109:51648. This process is sending more data than the remote can receive!
     [exec]     (3721c4f3): () Failed to commit 480 bytes this frame to 194.88.98.109:51648. This process is sending more data than the remote can receive!
     [exec]     (3721c4f3): () Failed to commit 484 bytes this frame to 194.88.98.109:51648. This process is sending more data than the remote can receive!
     [exec]     (3721c4f3): () Failed to commit 484 bytes this frame to 194.88.98.109:51648. This process is sending more data than the remote can receive!
     [exec]     (3721c4f3): () Failed to commit 484 bytes this frame to 194.88.98.109:51648. This process is sending more data than the remote can receive!
     [exec] WARNING:     (3721c4f3): () Failed to commit 488 bytes this frame to 194.88.98.109:51648. This process is sending more data than the remote can receive!
     [exec] WARNING:     (3721c4f3): () Failed to commit 488 bytes this frame to 194.88.98.109:51648. This process is sending more data than the remote can receive!
     [exec] WARNING:     (3721c4f3): () Failed to commit 488 bytes this frame to 194.88.98.109:51648. This process is sending more data than the remote can receive!
     [exec] WARNING:     (3721c4f3): () Failed to commit 488 bytes this frame to 194.88.98.109:51648. This process is sending more data than the remote can receive!
     [exec] WARNING:     (3721c4f3): () Failed to commit 492 bytes this frame to 194.88.98.109:51648. This process is sending more data than the remote can receive!
     [exec] WARNING:     (3721c4f3): () Failed to commit 492 bytes this frame to 194.88.98.109:51648. This process is sending more data than the remote can receive!
     [exec] WARNING:     (3721c4f3): () Failed to commit 492 bytes this frame to 194.88.98.109:51648. This process is sending more data than the remote can receive!
     [exec] WARNING:     (3721c4f3): () Failed to commit 492 bytes this frame to 194.88.98.109:51648. This process is sending more data than the remote can receive!
     [exec] WARNING:     (3721c4f3): () Failed to commit 496 bytes this frame to 194.88.98.109:51648. This process is sending more data than the remote can receive!
     [exec] WARNING:     (3721c4f3): () Failed to commit 496 bytes this frame to 194.88.98.109:51648. This process is sending more data than the remote can receive!
     [exec] WARNING:     (3721c4f3): () Failed to commit 496 bytes this frame to 194.88.98.109:51648. This process is sending more data than the remote can receive!
     [exec] WARNING:     (3721c4f3): () Failed to commit 496 bytes this frame to 194.88.98.109:51648. This process is sending more data than the remote can receive!
     [exec] WARNING:     (3721c4f3): () Failed to commit 500 bytes this frame to 194.88.98.109:51648. This process is sending more data than the remote can receive!
     [exec] WARNING:     (3721c4f3): () Failed to commit 500 bytes this frame to 194.88.98.109:51648. This process is sending more data than the remote can receive!
     [exec] WARNING:     (3721c4f3): () Failed to commit 500 bytes this frame to 194.88.98.109:51648. This process is sending more data than the remote can receive!
     [exec] WARNING:     (3721c4f3): () Failed to commit 500 bytes this frame to 194.88.98.109:51648. This process is sending more data than the remote can receive!
     [exec] WARNING:     (3721c4f3): () Failed to commit 504 bytes this frame to 194.88.98.109:51648. This process is sending more data than the remote can receive!
     [exec] WARNING:     (3721c4f3): () Failed to commit 504 bytes this frame to 194.88.98.109:51648. This process is sending more data than the remote can receive!
     [exec] WARNING:     (3721c4f3): () Failed to commit 504 bytes this frame to 194.88.98.109:51648. This process is sending more data than the remote can receive!
     [exec] WARNING:     (3721c4f3): () Failed to commit 504 bytes this frame to 194.88.98.109:51648. This process is sending more data than the remote can receive!
     [exec] WARNING:     (3721c4f3): () Failed to commit 508 bytes this frame to 194.88.98.109:51648. This process is sending more data than the remote can receive!
     [exec] WARNING:     (3721c4f3): () Failed to commit 508 bytes this frame to 194.88.98.109:51648. This process is sending more data than the remote can receive!
     [exec] WARNING:     (3721c4f3): () Failed to commit 508 bytes this frame to 194.88.98.109:51648. This process is sending more data than the remote can receive!
     [exec] WARNING:     (3721c4f3): () Failed to commit 508 bytes this frame to 194.88.98.109:51648. This process is sending more data than the remote can receive!
     [exec] WARNING:     (3721c4f3): () Failed to commit 512 bytes this frame to 194.88.98.109:51648. This process is sending more data than the remote can receive!
     [exec] WARNING:     (3721c4f3): () Failed to commit 512 bytes this frame to 194.88.98.109:51648. This process is sending more data than the remote can receive!
     [exec] WARNING:     (3721c4f3): () Failed to commit 512 bytes this frame to 194.88.98.109:51648. This process is sending more data than the remote can receive!
     [exec] WARNING:     (3721c4f3): () Failed to commit 512 bytes this frame to 194.88.98.109:51648. This process is sending more data than the remote can receive!
     [exec]     (3721c4f3): () Failed to commit 484 bytes this frame to 194.88.98.109:51648. This process is sending more data than the remote can receive!
     [exec]     (3721c4f3): () Failed to commit 488 bytes this frame to 194.88.98.109:51648. This process is sending more data than the remote can receive!
     [exec]     (3721c4f3): () Failed to commit 488 bytes this frame to 194.88.98.109:51648. This process is sending more data than the remote can receive!
     [exec]     (3721c4f3): () Failed to commit 488 bytes this frame to 194.88.98.109:51648. This process is sending more data than the remote can receive!
     [exec]     (3721c4f3): () Failed to commit 488 bytes this frame to 194.88.98.109:51648. This process is sending more data than the remote can receive!
     [exec]     (3721c4f3): () Failed to commit 492 bytes this frame to 194.88.98.109:51648. This process is sending more data than the remote can receive!
     [exec]     (3721c4f3): () Failed to commit 492 bytes this frame to 194.88.98.109:51648. This process is sending more data than the remote can receive!
     [exec]     (3721c4f3): () Failed to commit 492 bytes this frame to 194.88.98.109:51648. This process is sending more data than the remote can receive!
     [exec]     (3721c4f3): () Failed to commit 492 bytes this frame to 194.88.98.109:51648. This process is sending more data than the remote can receive!
     [exec]     (3721c4f3): () Failed to commit 496 bytes this frame to 194.88.98.109:51648. This process is sending more data than the remote can receive!
     [exec]     (3721c4f3): () Failed to commit 496 bytes this frame to 194.88.98.109:51648. This process is sending more data than the remote can receive!
     [exec]     (3721c4f3): () Failed to commit 496 bytes this frame to 194.88.98.109:51648. This process is sending more data than the remote can receive!
     [exec]     (3721c4f3): () Failed to commit 496 bytes this frame to 194.88.98.109:51648. This process is sending more data than the remote can receive!
     [exec]     (3721c4f3): () Failed to commit 500 bytes this frame to 194.88.98.109:51648. This process is sending more data than the remote can receive!
     [exec]     (3721c4f3): () Failed to commit 500 bytes this frame to 194.88.98.109:51648. This process is sending more data than the remote can receive!
     [exec]     (3721c4f3): () Failed to commit 500 bytes this frame to 194.88.98.109:51648. This process is sending more data than the remote can receive!
     [exec]     (3721c4f3): () Failed to commit 500 bytes this frame to 194.88.98.109:51648. This process is sending more data than the remote can receive!
     [exec]     (3721c4f3): () Failed to commit 504 bytes this frame to 194.88.98.109:51648. This process is sending more data than the remote can receive!
     [exec]     (3721c4f3): () Failed to commit 504 bytes this frame to 194.88.98.109:51648. This process is sending more data than the remote can receive!
     [exec]     (3721c4f3): () Failed to commit 504 bytes this frame to 194.88.98.109:51648. This process is sending more data than the remote can receive!
     [exec]     (3721c4f3): () Failed to commit 504 bytes this frame to 194.88.98.109:51648. This process is sending more data than the remote can receive!
     [exec]     (3721c4f3): () Failed to commit 508 bytes this frame to 194.88.98.109:51648. This process is sending more data than the remote can receive!
     [exec]     (3721c4f3): () Failed to commit 508 bytes this frame to 194.88.98.109:51648. This process is sending more data than the remote can receive!
     [exec]     (3721c4f3): () Failed to commit 508 bytes this frame to 194.88.98.109:51648. This process is sending more data than the remote can receive!
     [exec]     (3721c4f3): () Failed to commit 508 bytes this frame to 194.88.98.109:51648. This process is sending more data than the remote can receive!
     [exec]     (3721c4f3): () Failed to commit 512 bytes this frame to 194.88.98.109:51648. This process is sending more data than the remote can receive!
     [exec]     (3721c4f3): () Failed to commit 512 bytes this frame to 194.88.98.109:51648. This process is sending more data than the remote can receive!
     [exec]     (3721c4f3): () Failed to commit 512 bytes this frame to 194.88.98.109:51648. This process is sending more data than the remote can receive!
     [exec]     (3721c4f3): () Failed to commit 512 bytes this frame to 194.88.98.109:51648. This process is sending more data than the remote can receive!
     [exec] WARNING:     (3721c4f3): () Failed to commit 516 bytes this frame to 194.88.98.109:51648. This process is sending more data than the remote can receive!
     [exec] WARNING:     (3721c4f3): () Failed to commit 516 bytes this frame to 194.88.98.109:51648. This process is sending more data than the remote can receive!
     [exec] WARNING:     (3721c4f3): () Failed to commit 516 bytes this frame to 194.88.98.109:51648. This process is sending more data than the remote can receive!
     [exec] WARNING:     (3721c4f3): () Failed to commit 516 bytes this frame to 194.88.98.109:51648. This process is sending more data than the remote can receive!
     [exec] WARNING:     (3721c4f3): () Failed to commit 520 bytes this frame to 194.88.98.109:51648. This process is sending more data than the remote can receive!
     [exec] WARNING:     (3721c4f3): () Failed to commit 520 bytes this frame to 194.88.98.109:51648. This process is sending more data than the remote can receive!
     [exec] WARNING:     (3721c4f3): () Failed to commit 520 bytes this frame to 194.88.98.109:51648. This process is sending more data than the remote can receive!
     [exec] WARNING:     (3721c4f3): () Failed to commit 520 bytes this frame to 194.88.98.109:51648. This process is sending more data than the remote can receive!
     [exec] WARNING:     (3721c4f3): () Failed to commit 524 bytes this frame to 194.88.98.109:51648. This process is sending more data than the remote can receive!
     [exec] WARNING:     (3721c4f3): () Failed to commit 524 bytes this frame to 194.88.98.109:51648. This process is sending more data than the remote can receive!
     [exec] WARNING:     (3721c4f3): () Failed to commit 524 bytes this frame to 194.88.98.109:51648. This process is sending more data than the remote can receive!
     [exec] WARNING:     (3721c4f3): () Failed to commit 524 bytes this frame to 194.88.98.109:51648. This process is sending more data than the remote can receive!
     [exec] WARNING:     (3721c4f3): () Failed to commit 528 bytes this frame to 194.88.98.109:51648. This process is sending more data than the remote can receive!
     [exec] WARNING:     (3721c4f3): () Failed to commit 528 bytes this frame to 194.88.98.109:51648. This process is sending more data than the remote can receive!
     [exec] WARNING:     (3721c4f3): () Failed to commit 528 bytes this frame to 194.88.98.109:51648. This process is sending more data than the remote can receive!
     [exec] WARNING:     (3721c4f3): () Failed to commit 528 bytes this frame to 194.88.98.109:51648. This process is sending more data than the remote can receive!
     [exec] WARNING:     (3721c4f3): () Failed to commit 532 bytes this frame to 194.88.98.109:51648. This process is sending more data than the remote can receive!
     [exec] WARNING:     (3721c4f3): () Failed to commit 532 bytes this frame to 194.88.98.109:51648. This process is sending more data than the remote can receive!
     [exec] WARNING:     (3721c4f3): () Failed to commit 532 bytes this frame to 194.88.98.109:51648. This process is sending more data than the remote can receive!
     [exec] WARNING:     (3721c4f3): () Failed to commit 532 bytes this frame to 194.88.98.109:51648. This process is sending more data than the remote can receive!
     [exec] WARNING:     (3721c4f3): () Failed to commit 536 bytes this frame to 194.88.98.109:51648. This process is sending more data than the remote can receive!
     [exec] WARNING:     (3721c4f3): () Failed to commit 536 bytes this frame to 194.88.98.109:51648. This process is sending more data than the remote can receive!
     [exec] WARNING:     (3721c4f3): () Failed to commit 536 bytes this frame to 194.88.98.109:51648. This process is sending more data than the remote can receive!
     [exec] WARNING:     (3721c4f3): () Failed to commit 536 bytes this frame to 194.88.98.109:51648. This process is sending more data than the remote can receive!
     [exec] WARNING:     (3721c4f3): () Failed to commit 540 bytes this frame to 194.88.98.109:51648. This process is sending more data than the remote can receive!
     [exec] WARNING:     (3721c4f3): () Failed to commit 540 bytes this frame to 194.88.98.109:51648. This process is sending more data than the remote can receive!
     [exec] WARNING:     (3721c4f3): () Failed to commit 540 bytes this frame to 194.88.98.109:51648. This process is sending more data than the remote can receive!
     [exec] WARNING:     (3721c4f3): () Failed to commit 540 bytes this frame to 194.88.98.109:51648. This process is sending more data than the remote can receive!
     [exec] WARNING:     (3721c4f3): () Failed to commit 544 bytes this frame to 194.88.98.109:51648. This process is sending more data than the remote can receive!
     [exec]     (3721c4f3): () Failed to commit 516 bytes this frame to 194.88.98.109:51648. This process is sending more data than the remote can receive!
     [exec]     (3721c4f3): () Failed to commit 516 bytes this frame to 194.88.98.109:51648. This process is sending more data than the remote can receive!
     [exec]     (3721c4f3): () Failed to commit 516 bytes this frame to 194.88.98.109:51648. This process is sending more data than the remote can receive!
     [exec]     (3721c4f3): () Failed to commit 516 bytes this frame to 194.88.98.109:51648. This process is sending more data than the remote can receive!
     [exec]     (3721c4f3): () Failed to commit 520 bytes this frame to 194.88.98.109:51648. This process is sending more data than the remote can receive!
     [exec]     (3721c4f3): () Failed to commit 520 bytes this frame to 194.88.98.109:51648. This process is sending more data than the remote can receive!
     [exec]     (3721c4f3): () Failed to commit 520 bytes this frame to 194.88.98.109:51648. This process is sending more data than the remote can receive!
     [exec]     (3721c4f3): () Failed to commit 520 bytes this frame to 194.88.98.109:51648. This process is sending more data than the remote can receive!
     [exec]     (3721c4f3): () Failed to commit 524 bytes this frame to 194.88.98.109:51648. This process is sending more data than the remote can receive!
     [exec]     (3721c4f3): () Failed to commit 524 bytes this frame to 194.88.98.109:51648. This process is sending more data than the remote can receive!
     [exec]     (3721c4f3): () Failed to commit 524 bytes this frame to 194.88.98.109:51648. This process is sending more data than the remote can receive!
     [exec]     (3721c4f3): () Failed to commit 524 bytes this frame to 194.88.98.109:51648. This process is sending more data than the remote can receive!
     [exec]     (3721c4f3): () Failed to commit 528 bytes this frame to 194.88.98.109:51648. This process is sending more data than the remote can receive!
     [exec]     (3721c4f3): () Failed to commit 528 bytes this frame to 194.88.98.109:51648. This process is sending more data than the remote can receive!
     [exec]     (3721c4f3): () Failed to commit 528 bytes this frame to 194.88.98.109:51648. This process is sending more data than the remote can receive!
     [exec]     (3721c4f3): () Failed to commit 528 bytes this frame to 194.88.98.109:51648. This process is sending more data than the remote can receive!
     [exec]     (3721c4f3): () Failed to commit 532 bytes this frame to 194.88.98.109:51648. This process is sending more data than the remote can receive!
     [exec]     (3721c4f3): () Failed to commit 532 bytes this frame to 194.88.98.109:51648. This process is sending more data than the remote can receive!
     [exec]     (3721c4f3): () Failed to commit 532 bytes this frame to 194.88.98.109:51648. This process is sending more data than the remote can receive!
     [exec]     (3721c4f3): () Failed to commit 532 bytes this frame to 194.88.98.109:51648. This process is sending more data than the remote can receive!
     [exec]     (3721c4f3): () Failed to commit 536 bytes this frame to 194.88.98.109:51648. This process is sending more data than the remote can receive!
     [exec]     (3721c4f3): () Failed to commit 536 bytes this frame to 194.88.98.109:51648. This process is sending more data than the remote can receive!
     [exec]     (3721c4f3): () Failed to commit 536 bytes this frame to 194.88.98.109:51648. This process is sending more data than the remote can receive!
     [exec]     (3721c4f3): () Failed to commit 536 bytes this frame to 194.88.98.109:51648. This process is sending more data than the remote can receive!
     [exec]     (3721c4f3): () Failed to commit 540 bytes this frame to 194.88.98.109:51648. This process is sending more data than the remote can receive!
     [exec]     (3721c4f3): () Failed to commit 540 bytes this frame to 194.88.98.109:51648. This process is sending more data than the remote can receive!
     [exec]     (3721c4f3): () Failed to commit 540 bytes this frame to 194.88.98.109:51648. This process is sending more data than the remote can receive!
     [exec]     (3721c4f3): () Failed to commit 540 bytes this frame to 194.88.98.109:51648. This process is sending more data than the remote can receive!
     [exec] WARNING:     (3721c4f3): () Failed to commit 544 bytes this frame to 194.88.98.109:51648. This process is sending more data than the remote can receive!
     [exec] WARNING:     (3721c4f3): () Failed to commit 544 bytes this frame to 194.88.98.109:51648. This process is sending more data than the remote can receive!
     [exec] WARNING:     (3721c4f3): () Failed to commit 544 bytes this frame to 194.88.98.109:51648. This process is sending more data than the remote can receive!
     [exec] WARNING:     (3721c4f3): () Failed to commit 548 bytes this frame to 194.88.98.109:51648. This process is sending more data than the remote can receive!
     [exec] WARNING:     (3721c4f3): () Failed to commit 548 bytes this frame to 194.88.98.109:51648. This process is sending more data than the remote can receive!
     [exec] WARNING:     (3721c4f3): () Failed to commit 548 bytes this frame to 194.88.98.109:51648. This process is sending more data than the remote can receive!
     [exec] WARNING:     (3721c4f3): () Failed to commit 548 bytes this frame to 194.88.98.109:51648. This process is sending more data than the remote can receive!
     [exec] WARNING:     (3721c4f3): () Failed to commit 552 bytes this frame to 194.88.98.109:51648. This process is sending more data than the remote can receive!
     [exec] WARNING:     (3721c4f3): () Failed to commit 552 bytes this frame to 194.88.98.109:51648. This process is sending more data than the remote can receive!
     [exec] WARNING:     (3721c4f3): () Failed to commit 552 bytes this frame to 194.88.98.109:51648. This process is sending more data than the remote can receive!
     [exec] WARNING:     (3721c4f3): () Failed to commit 552 bytes this frame to 194.88.98.109:51648. This process is sending more data than the remote can receive!
     [exec] WARNING:     (3721c4f3): () Failed to commit 556 bytes this frame to 194.88.98.109:51648. This process is sending more data than the remote can receive!
     [exec] WARNING:     (3721c4f3): () Failed to commit 556 bytes this frame to 194.88.98.109:51648. This process is sending more data than the remote can receive!
     [exec] WARNING:     (3721c4f3): () Failed to commit 556 bytes this frame to 194.88.98.109:51648. This process is sending more data than the remote can receive!
     [exec] WARNING:     (3721c4f3): () Failed to commit 556 bytes this frame to 194.88.98.109:51648. This process is sending more data than the remote can receive!
     [exec] WARNING:     (3721c4f3): () Failed to commit 560 bytes this frame to 194.88.98.109:51648. This process is sending more data than the remote can receive!
     [exec] WARNING:     (3721c4f3): () Failed to commit 560 bytes this frame to 194.88.98.109:51648. This process is sending more data than the remote can receive!
     [exec] WARNING:     (3721c4f3): () Failed to commit 560 bytes this frame to 194.88.98.109:51648. This process is sending more data than the remote can receive!
     [exec] WARNING:     (3721c4f3): () Failed to commit 560 bytes this frame to 194.88.98.109:51648. This process is sending more data than the remote can receive!
     [exec] WARNING:     (3721c4f3): () Failed to commit 564 bytes this frame to 194.88.98.109:51648. This process is sending more data than the remote can receive!
     [exec] WARNING:     (3721c4f3): () Failed to commit 564 bytes this frame to 194.88.98.109:51648. This process is sending more data than the remote can receive!
     [exec] WARNING:     (3721c4f3): () Failed to commit 564 bytes this frame to 194.88.98.109:51648. This process is sending more data than the remote can receive!
     [exec] WARNING:     (3721c4f3): () Failed to commit 564 bytes this frame to 194.88.98.109:51648. This process is sending more data than the remote can receive!
     [exec] WARNING:     (3721c4f3): () Failed to commit 568 bytes this frame to 194.88.98.109:51648. This process is sending more data than the remote can receive!
     [exec] WARNING:     (3721c4f3): () Failed to commit 568 bytes this frame to 194.88.98.109:51648. This process is sending more data than the remote can receive!
     [exec] WARNING:     (3721c4f3): () Failed to commit 568 bytes this frame to 194.88.98.109:51648. This process is sending more data than the remote can receive!
     [exec] WARNING:     (3721c4f3): () Failed to commit 568 bytes this frame to 194.88.98.109:51648. This process is sending more data than the remote can receive!
     [exec] WARNING:     (3721c4f3): () Failed to commit 572 bytes this frame to 194.88.98.109:51648. This process is sending more data than the remote can receive!
     [exec]     (3721c4f3): () Failed to commit 544 bytes this frame to 194.88.98.109:51648. This process is sending more data than the remote can receive!
     [exec]     (3721c4f3): () Failed to commit 544 bytes this frame to 194.88.98.109:51648. This process is sending more data than the remote can receive!
     [exec]     (3721c4f3): () Failed to commit 544 bytes this frame to 194.88.98.109:51648. This process is sending more data than the remote can receive!
     [exec]     (3721c4f3): () Failed to commit 544 bytes this frame to 194.88.98.109:51648. This process is sending more data than the remote can receive!
     [exec]     (3721c4f3): () Failed to commit 548 bytes this frame to 194.88.98.109:51648. This process is sending more data than the remote can receive!
     [exec]     (3721c4f3): () Failed to commit 548 bytes this frame to 194.88.98.109:51648. This process is sending more data than the remote can receive!
     [exec]     (3721c4f3): () Failed to commit 548 bytes this frame to 194.88.98.109:51648. This process is sending more data than the remote can receive!
     [exec]     (3721c4f3): () Failed to commit 548 bytes this frame to 194.88.98.109:51648. This process is sending more data than the remote can receive!
     [exec]     (3721c4f3): () Failed to commit 552 bytes this frame to 194.88.98.109:51648. This process is sending more data than the remote can receive!
     [exec]     (3721c4f3): () Failed to commit 552 bytes this frame to 194.88.98.109:51648. This process is sending more data than the remote can receive!
     [exec]     (3721c4f3): () Failed to commit 552 bytes this frame to 194.88.98.109:51648. This process is sending more data than the remote can receive!
     [exec]     (3721c4f3): () Failed to commit 552 bytes this frame to 194.88.98.109:51648. This process is sending more data than the remote can receive!
     [exec]     (3721c4f3): () Failed to commit 556 bytes this frame to 194.88.98.109:51648. This process is sending more data than the remote can receive!
     [exec]     (3721c4f3): () Failed to commit 556 bytes this frame to 194.88.98.109:51648. This process is sending more data than the remote can receive!
     [exec]     (3721c4f3): () Failed to commit 556 bytes this frame to 194.88.98.109:51648. This process is sending more data than the remote can receive!
     [exec]     (3721c4f3): () Failed to commit 556 bytes this frame to 194.88.98.109:51648. This process is sending more data than the remote can receive!
     [exec]     (3721c4f3): () Failed to commit 560 bytes this frame to 194.88.98.109:51648. This process is sending more data than the remote can receive!
     [exec]     (3721c4f3): () Failed to commit 560 bytes this frame to 194.88.98.109:51648. This process is sending more data than the remote can receive!
     [exec]     (3721c4f3): () Failed to commit 560 bytes this frame to 194.88.98.109:51648. This process is sending more data than the remote can receive!
     [exec]     (3721c4f3): () Failed to commit 560 bytes this frame to 194.88.98.109:51648. This process is sending more data than the remote can receive!
     [exec]     (3721c4f3): () Failed to commit 564 bytes this frame to 194.88.98.109:51648. This process is sending more data than the remote can receive!
     [exec]     (3721c4f3): () Failed to commit 564 bytes this frame to 194.88.98.109:51648. This process is sending more data than the remote can receive!
     [exec]     (3721c4f3): () Failed to commit 564 bytes this frame to 194.88.98.109:51648. This process is sending more data than the remote can receive!
     [exec]     (3721c4f3): () Failed to commit 564 bytes this frame to 194.88.98.109:51648. This process is sending more data than the remote can receive!
     [exec]     (3721c4f3): () Failed to commit 568 bytes this frame to 194.88.98.109:51648. This process is sending more data than the remote can receive!
     [exec]     (3721c4f3): () Failed to commit 568 bytes this frame to 194.88.98.109:51648. This process is sending more data than the remote can receive!
     [exec]     (3721c4f3): () Failed to commit 568 bytes this frame to 194.88.98.109:51648. This process is sending more data than the remote can receive!
     [exec]     (3721c4f3): () Failed to commit 568 bytes this frame to 194.88.98.109:51648. This process is sending more data than the remote can receive!
     [exec]     (3721c4f3): () Failed to commit 572 bytes this frame to 194.88.98.109:51648. This process is sending more data than the remote can receive!
     [exec] WARNING:     (3721c4f3): () Failed to commit 572 bytes this frame to 194.88.98.109:51648. This process is sending more data than the remote can receive!
     [exec] WARNING:     (3721c4f3): () Failed to commit 572 bytes this frame to 194.88.98.109:51648. This process is sending more data than the remote can receive!
     [exec] WARNING:     (3721c4f3): () Failed to commit 572 bytes this frame to 194.88.98.109:51648. This process is sending more data than the remote can receive!
     [exec] WARNING:     (3721c4f3): () Failed to commit 576 bytes this frame to 194.88.98.109:51648. This process is sending more data than the remote can receive!
     [exec] WARNING:     (3721c4f3): () Failed to commit 576 bytes this frame to 194.88.98.109:51648. This process is sending more data than the remote can receive!
     [exec] WARNING:     (3721c4f3): () Failed to commit 576 bytes this frame to 194.88.98.109:51648. This process is sending more data than the remote can receive!
     [exec] WARNING:     (3721c4f3): () Failed to commit 576 bytes this frame to 194.88.98.109:51648. This process is sending more data than the remote can receive!
     [exec] WARNING:     (3721c4f3): () Failed to commit 580 bytes this frame to 194.88.98.109:51648. This process is sending more data than the remote can receive!
     [exec] WARNING:     (3721c4f3): () Failed to commit 580 bytes this frame to 194.88.98.109:51648. This process is sending more data than the remote can receive!
     [exec] WARNING:     (3721c4f3): () Failed to commit 580 bytes this frame to 194.88.98.109:51648. This process is sending more data than the remote can receive!
     [exec] WARNING:     (3721c4f3): () Failed to commit 580 bytes this frame to 194.88.98.109:51648. This process is sending more data than the remote can receive!
     [exec] WARNING:     (3721c4f3): () Failed to commit 584 bytes this frame to 194.88.98.109:51648. This process is sending more data than the remote can receive!
     [exec] WARNING:     (3721c4f3): () Failed to commit 584 bytes this frame to 194.88.98.109:51648. This process is sending more data than the remote can receive!
     [exec] WARNING:     (3721c4f3): () Failed to commit 584 bytes this frame to 194.88.98.109:51648. This process is sending more data than the remote can receive!
     [exec] WARNING:     (3721c4f3): () Failed to commit 584 bytes this frame to 194.88.98.109:51648. This process is sending more data than the remote can receive!
     [exec] WARNING:     (3721c4f3): () Failed to commit 588 bytes this frame to 194.88.98.109:51648. This process is sending more data than the remote can receive!
     [exec] WARNING:     (3721c4f3): () Failed to commit 588 bytes this frame to 194.88.98.109:51648. This process is sending more data than the remote can receive!
     [exec] WARNING:     (3721c4f3): () Failed to commit 588 bytes this frame to 194.88.98.109:51648. This process is sending more data than the remote can receive!
     [exec] WARNING:     (3721c4f3): () Failed to commit 588 bytes this frame to 194.88.98.109:51648. This process is sending more data than the remote can receive!
     [exec] WARNING:     (3721c4f3): () Failed to commit 592 bytes this frame to 194.88.98.109:51648. This process is sending more data than the remote can receive!
     [exec] WARNING:     (3721c4f3): () Failed to commit 592 bytes this frame to 194.88.98.109:51648. This process is sending more data than the remote can receive!
     [exec] WARNING:     (3721c4f3): () Failed to commit 592 bytes this frame to 194.88.98.109:51648. This process is sending more data than the remote can receive!
     [exec] WARNING:     (3721c4f3): () Failed to commit 592 bytes this frame to 194.88.98.109:51648. This process is sending more data than the remote can receive!
     [exec] WARNING:     (3721c4f3): () Failed to commit 596 bytes this frame to 194.88.98.109:51648. This process is sending more data than the remote can receive!
     [exec] WARNING:     (3721c4f3): () Failed to commit 596 bytes this frame to 194.88.98.109:51648. This process is sending more data than the remote can receive!
     [exec] WARNING:     (3721c4f3): () Failed to commit 596 bytes this frame to 194.88.98.109:51648. This process is sending more data than the remote can receive!
     [exec] WARNING:     (3721c4f3): () Failed to commit 596 bytes this frame to 194.88.98.109:51648. This process is sending more data than the remote can receive!
     [exec] WARNING:     (3721c4f3): () Failed to commit 600 bytes this frame to 194.88.98.109:51648. This process is sending more data than the remote can receive!
     [exec]     (3721c4f3): () Failed to commit 572 bytes this frame to 194.88.98.109:51648. This process is sending more data than the remote can receive!
     [exec]     (3721c4f3): () Failed to commit 572 bytes this frame to 194.88.98.109:51648. This process is sending more data than the remote can receive!
     [exec]     (3721c4f3): () Failed to commit 572 bytes this frame to 194.88.98.109:51648. This process is sending more data than the remote can receive!
     [exec]     (3721c4f3): () Failed to commit 576 bytes this frame to 194.88.98.109:51648. This process is sending more data than the remote can receive!
     [exec]     (3721c4f3): () Failed to commit 576 bytes this frame to 194.88.98.109:51648. This process is sending more data than the remote can receive!
     [exec]     (3721c4f3): () Failed to commit 576 bytes this frame to 194.88.98.109:51648. This process is sending more data than the remote can receive!
     [exec]     (3721c4f3): () Failed to commit 576 bytes this frame to 194.88.98.109:51648. This process is sending more data than the remote can receive!
     [exec]     (3721c4f3): () Failed to commit 580 bytes this frame to 194.88.98.109:51648. This process is sending more data than the remote can receive!
     [exec]     (3721c4f3): () Failed to commit 580 bytes this frame to 194.88.98.109:51648. This process is sending more data than the remote can receive!
     [exec]     (3721c4f3): () Failed to commit 580 bytes this frame to 194.88.98.109:51648. This process is sending more data than the remote can receive!
     [exec]     (3721c4f3): () Failed to commit 580 bytes this frame to 194.88.98.109:51648. This process is sending more data than the remote can receive!
     [exec]     (3721c4f3): () Failed to commit 584 bytes this frame to 194.88.98.109:51648. This process is sending more data than the remote can receive!
     [exec]     (3721c4f3): () Failed to commit 584 bytes this frame to 194.88.98.109:51648. This process is sending more data than the remote can receive!
     [exec]     (3721c4f3): () Failed to commit 584 bytes this frame to 194.88.98.109:51648. This process is sending more data than the remote can receive!
     [exec]     (3721c4f3): () Failed to commit 584 bytes this frame to 194.88.98.109:51648. This process is sending more data than the remote can receive!
     [exec]     (3721c4f3): () Failed to commit 588 bytes this frame to 194.88.98.109:51648. This process is sending more data than the remote can receive!
     [exec]     (3721c4f3): () Failed to commit 588 bytes this frame to 194.88.98.109:51648. This process is sending more data than the remote can receive!
     [exec]     (3721c4f3): () Failed to commit 588 bytes this frame to 194.88.98.109:51648. This process is sending more data than the remote can receive!
     [exec]     (3721c4f3): () Failed to commit 588 bytes this frame to 194.88.98.109:51648. This process is sending more data than the remote can receive!
     [exec]     (3721c4f3): () Failed to commit 592 bytes this frame to 194.88.98.109:51648. This process is sending more data than the remote can receive!
     [exec]     (3721c4f3): () Failed to commit 592 bytes this frame to 194.88.98.109:51648. This process is sending more data than the remote can receive!
     [exec]     (3721c4f3): () Failed to commit 592 bytes this frame to 194.88.98.109:51648. This process is sending more data than the remote can receive!
     [exec]     (3721c4f3): () Failed to commit 592 bytes this frame to 194.88.98.109:51648. This process is sending more data than the remote can receive!
     [exec]     (3721c4f3): () Failed to commit 596 bytes this frame to 194.88.98.109:51648. This process is sending more data than the remote can receive!
     [exec]     (3721c4f3): () Failed to commit 596 bytes this frame to 194.88.98.109:51648. This process is sending more data than the remote can receive!
     [exec]     (3721c4f3): () Failed to commit 596 bytes this frame to 194.88.98.109:51648. This process is sending more data than the remote can receive!
     [exec]     (3721c4f3): () Failed to commit 596 bytes this frame to 194.88.98.109:51648. This process is sending more data than the remote can receive!
     [exec]     (3721c4f3): () Failed to commit 600 bytes this frame to 194.88.98.109:51648. This process is sending more data than the remote can receive!
     [exec] WARNING:     (3721c4f3): () Failed to commit 600 bytes this frame to 194.88.98.109:51648. This process is sending more data than the remote can receive!
     [exec] WARNING:     (3721c4f3): () Failed to commit 600 bytes this frame to 194.88.98.109:51648. This process is sending more data than the remote can receive!
     [exec] WARNING:     (3721c4f3): () Failed to commit 600 bytes this frame to 194.88.98.109:51648. This process is sending more data than the remote can receive!
     [exec] WARNING:     (3721c4f3): () Failed to commit 604 bytes this frame to 194.88.98.109:51648. This process is sending more data than the remote can receive!
     [exec] WARNING:     (3721c4f3): () Failed to commit 604 bytes this frame to 194.88.98.109:51648. This process is sending more data than the remote can receive!
     [exec] WARNING:     (3721c4f3): () Failed to commit 604 bytes this frame to 194.88.98.109:51648. This process is sending more data than the remote can receive!
     [exec] WARNING:     (3721c4f3): () Failed to commit 604 bytes this frame to 194.88.98.109:51648. This process is sending more data than the remote can receive!
     [exec] WARNING:     (3721c4f3): () Failed to commit 608 bytes this frame to 194.88.98.109:51648. This process is sending more data than the remote can receive!
     [exec] WARNING:     (3721c4f3): () Failed to commit 608 bytes this frame to 194.88.98.109:51648. This process is sending more data than the remote can receive!
     [exec] WARNING:     (3721c4f3): () Failed to commit 608 bytes this frame to 194.88.98.109:51648. This process is sending more data than the remote can receive!
     [exec] WARNING:     (3721c4f3): () Failed to commit 608 bytes this frame to 194.88.98.109:51648. This process is sending more data than the remote can receive!
     [exec] WARNING:     (3721c4f3): () Failed to commit 612 bytes this frame to 194.88.98.109:51648. This process is sending more data than the remote can receive!
     [exec] WARNING:     (3721c4f3): () Failed to commit 612 bytes this frame to 194.88.98.109:51648. This process is sending more data than the remote can receive!
     [exec] WARNING:     (3721c4f3): () Failed to commit 612 bytes this frame to 194.88.98.109:51648. This process is sending more data than the remote can receive!
     [exec] WARNING:     (3721c4f3): () Failed to commit 612 bytes this frame to 194.88.98.109:51648. This process is sending more data than the remote can receive!
     [exec] WARNING:     (3721c4f3): () Failed to commit 616 bytes this frame to 194.88.98.109:51648. This process is sending more data than the remote can receive!
     [exec] WARNING:     (3721c4f3): () Failed to commit 616 bytes this frame to 194.88.98.109:51648. This process is sending more data than the remote can receive!
     [exec] WARNING:     (3721c4f3): () Failed to commit 616 bytes this frame to 194.88.98.109:51648. This process is sending more data than the remote can receive!
     [exec] WARNING:     (3721c4f3): () Failed to commit 616 bytes this frame to 194.88.98.109:51648. This process is sending more data than the remote can receive!
     [exec] WARNING:     (3721c4f3): () Failed to commit 620 bytes this frame to 194.88.98.109:51648. This process is sending more data than the remote can receive!
     [exec] WARNING:     (3721c4f3): () Failed to commit 620 bytes this frame to 194.88.98.109:51648. This process is sending more data than the remote can receive!
     [exec] WARNING:     (3721c4f3): () Failed to commit 620 bytes this frame to 194.88.98.109:51648. This process is sending more data than the remote can receive!
     [exec] WARNING:     (3721c4f3): () Failed to commit 620 bytes this frame to 194.88.98.109:51648. This process is sending more data than the remote can receive!
     [exec] WARNING:     (3721c4f3): () Failed to commit 624 bytes this frame to 194.88.98.109:51648. This process is sending more data than the remote can receive!
     [exec] WARNING:     (3721c4f3): () Failed to commit 624 bytes this frame to 194.88.98.109:51648. This process is sending more data than the remote can receive!
     [exec] WARNING:     (3721c4f3): () Failed to commit 624 bytes this frame to 194.88.98.109:51648. This process is sending more data than the remote can receive!
     [exec] WARNING:     (3721c4f3): () Failed to commit 624 bytes this frame to 194.88.98.109:51648. This process is sending more data than the remote can receive!
     [exec] WARNING:     (3721c4f3): () Failed to commit 628 bytes this frame to 194.88.98.109:51648. This process is sending more data than the remote can receive!
     [exec] WARNING:     (3721c4f3): () Failed to commit 628 bytes this frame to 194.88.98.109:51648. This process is sending more data than the remote can receive!
     [exec] WARNING:     (3721c4f3): () Failed to commit 628 bytes this frame to 194.88.98.109:51648. This process is sending more data than the remote can receive!
     [exec]     (3721c4f3): () Failed to commit 600 bytes this frame to 194.88.98.109:51648. This process is sending more data than the remote can receive!
     [exec]     (3721c4f3): () Failed to commit 600 bytes this frame to 194.88.98.109:51648. This process is sending more data than the remote can receive!
     [exec]     (3721c4f3): () Failed to commit 600 bytes this frame to 194.88.98.109:51648. This process is sending more data than the remote can receive!
     [exec]     (3721c4f3): () Failed to commit 604 bytes this frame to 194.88.98.109:51648. This process is sending more data than the remote can receive!
     [exec]     (3721c4f3): () Failed to commit 604 bytes this frame to 194.88.98.109:51648. This process is sending more data than the remote can receive!
     [exec]     (3721c4f3): () Failed to commit 604 bytes this frame to 194.88.98.109:51648. This process is sending more data than the remote can receive!
     [exec]     (3721c4f3): () Failed to commit 604 bytes this frame to 194.88.98.109:51648. This process is sending more data than the remote can receive!
     [exec]     (3721c4f3): () Failed to commit 608 bytes this frame to 194.88.98.109:51648. This process is sending more data than the remote can receive!
     [exec]     (3721c4f3): () Failed to commit 608 bytes this frame to 194.88.98.109:51648. This process is sending more data than the remote can receive!
     [exec]     (3721c4f3): () Failed to commit 608 bytes this frame to 194.88.98.109:51648. This process is sending more data than the remote can receive!
     [exec]     (3721c4f3): () Failed to commit 608 bytes this frame to 194.88.98.109:51648. This process is sending more data than the remote can receive!
     [exec]     (3721c4f3): () Failed to commit 612 bytes this frame to 194.88.98.109:51648. This process is sending more data than the remote can receive!
     [exec]     (3721c4f3): () Failed to commit 612 bytes this frame to 194.88.98.109:51648. This process is sending more data than the remote can receive!
     [exec]     (3721c4f3): () Failed to commit 612 bytes this frame to 194.88.98.109:51648. This process is sending more data than the remote can receive!
     [exec]     (3721c4f3): () Failed to commit 612 bytes this frame to 194.88.98.109:51648. This process is sending more data than the remote can receive!
     [exec]     (3721c4f3): () Failed to commit 616 bytes this frame to 194.88.98.109:51648. This process is sending more data than the remote can receive!
     [exec]     (3721c4f3): () Failed to commit 616 bytes this frame to 194.88.98.109:51648. This process is sending more data than the remote can receive!
     [exec]     (3721c4f3): () Failed to commit 616 bytes this frame to 194.88.98.109:51648. This process is sending more data than the remote can receive!
     [exec]     (3721c4f3): () Failed to commit 616 bytes this frame to 194.88.98.109:51648. This process is sending more data than the remote can receive!
     [exec]     (3721c4f3): () Failed to commit 620 bytes this frame to 194.88.98.109:51648. This process is sending more data than the remote can receive!
     [exec]     (3721c4f3): () Failed to commit 620 bytes this frame to 194.88.98.109:51648. This process is sending more data than the remote can receive!
     [exec]     (3721c4f3): () Failed to commit 620 bytes this frame to 194.88.98.109:51648. This process is sending more data than the remote can receive!
     [exec]     (3721c4f3): () Failed to commit 620 bytes this frame to 194.88.98.109:51648. This process is sending more data than the remote can receive!
     [exec]     (3721c4f3): () Failed to commit 624 bytes this frame to 194.88.98.109:51648. This process is sending more data than the remote can receive!
     [exec]     (3721c4f3): () Failed to commit 624 bytes this frame to 194.88.98.109:51648. This process is sending more data than the remote can receive!
     [exec]     (3721c4f3): () Failed to commit 624 bytes this frame to 194.88.98.109:51648. This process is sending more data than the remote can receive!
     [exec]     (3721c4f3): () Failed to commit 624 bytes this frame to 194.88.98.109:51648. This process is sending more data than the remote can receive!
     [exec]     (3721c4f3): () Failed to commit 628 bytes this frame to 194.88.98.109:51648. This process is sending more data than the remote can receive!
     [exec]     (3721c4f3): () Failed to commit 628 bytes this frame to 194.88.98.109:51648. This process is sending more data than the remote can receive!
     [exec] WARNING:     (3721c4f3): () Failed to commit 628 bytes this frame to 194.88.98.109:51648. This process is sending more data than the remote can receive!
     [exec] WARNING:     (3721c4f3): () Failed to commit 632 bytes this frame to 194.88.98.109:51648. This process is sending more data than the remote can receive!
     [exec] WARNING:     (3721c4f3): () Failed to commit 632 bytes this frame to 194.88.98.109:51648. This process is sending more data than the remote can receive!
     [exec] WARNING:     (3721c4f3): () Failed to commit 632 bytes this frame to 194.88.98.109:51648. This process is sending more data than the remote can receive!
     [exec] WARNING:     (3721c4f3): () Failed to commit 632 bytes this frame to 194.88.98.109:51648. This process is sending more data than the remote can receive!
     [exec] WARNING:     (3721c4f3): () Failed to commit 636 bytes this frame to 194.88.98.109:51648. This process is sending more data than the remote can receive!
     [exec] WARNING:     (3721c4f3): () Failed to commit 636 bytes this frame to 194.88.98.109:51648. This process is sending more data than the remote can receive!
     [exec] WARNING:     (3721c4f3): () Failed to commit 636 bytes this frame to 194.88.98.109:51648. This process is sending more data than the remote can receive!
     [exec] WARNING:     (3721c4f3): () Failed to commit 636 bytes this frame to 194.88.98.109:51648. This process is sending more data than the remote can receive!
     [exec] WARNING:     (3721c4f3): () Failed to commit 640 bytes this frame to 194.88.98.109:51648. This process is sending more data than the remote can receive!
     [exec] WARNING:     (3721c4f3): () Failed to commit 640 bytes this frame to 194.88.98.109:51648. This process is sending more data than the remote can receive!
     [exec] WARNING:     (3721c4f3): () Failed to commit 640 bytes this frame to 194.88.98.109:51648. This process is sending more data than the remote can receive!
     [exec] WARNING:     (3721c4f3): () Failed to commit 640 bytes this frame to 194.88.98.109:51648. This process is sending more data than the remote can receive!
     [exec] WARNING:     (3721c4f3): () Failed to commit 644 bytes this frame to 194.88.98.109:51648. This process is sending more data than the remote can receive!
     [exec] WARNING:     (3721c4f3): () Failed to commit 644 bytes this frame to 194.88.98.109:51648. This process is sending more data than the remote can receive!
     [exec] WARNING:     (3721c4f3): () Failed to commit 644 bytes this frame to 194.88.98.109:51648. This process is sending more data than the remote can receive!
     [exec] WARNING:     (3721c4f3): () Failed to commit 644 bytes this frame to 194.88.98.109:51648. This process is sending more data than the remote can receive!
     [exec] WARNING:     (3721c4f3): () Failed to commit 648 bytes this frame to 194.88.98.109:51648. This process is sending more data than the remote can receive!
     [exec] WARNING:     (3721c4f3): () Failed to commit 648 bytes this frame to 194.88.98.109:51648. This process is sending more data than the remote can receive!
     [exec] WARNING:     (3721c4f3): () Failed to commit 648 bytes this frame to 194.88.98.109:51648. This process is sending more data than the remote can receive!
     [exec] WARNING:     (3721c4f3): () Failed to commit 648 bytes this frame to 194.88.98.109:51648. This process is sending more data than the remote can receive!
     [exec] WARNING:     (3721c4f3): () Failed to commit 652 bytes this frame to 194.88.98.109:51648. This process is sending more data than the remote can receive!
     [exec] WARNING:     (3721c4f3): () Failed to commit 652 bytes this frame to 194.88.98.109:51648. This process is sending more data than the remote can receive!
     [exec] WARNING:     (3721c4f3): () Failed to commit 652 bytes this frame to 194.88.98.109:51648. This process is sending more data than the remote can receive!
     [exec] WARNING:     (3721c4f3): () Failed to commit 652 bytes this frame to 194.88.98.109:51648. This process is sending more data than the remote can receive!
     [exec] WARNING:     (3721c4f3): () Failed to commit 656 bytes this frame to 194.88.98.109:51648. This process is sending more data than the remote can receive!
     [exec] WARNING:     (3721c4f3): () Failed to commit 656 bytes this frame to 194.88.98.109:51648. This process is sending more data than the remote can receive!
     [exec]     (3721c4f3): () Failed to commit 628 bytes this frame to 194.88.98.109:51648. This process is sending more data than the remote can receive!
     [exec]     (3721c4f3): () Failed to commit 628 bytes this frame to 194.88.98.109:51648. This process is sending more data than the remote can receive!
     [exec]     (3721c4f3): () Failed to commit 632 bytes this frame to 194.88.98.109:51648. This process is sending more data than the remote can receive!
     [exec]     (3721c4f3): () Failed to commit 632 bytes this frame to 194.88.98.109:51648. This process is sending more data than the remote can receive!
     [exec]     (3721c4f3): () Failed to commit 632 bytes this frame to 194.88.98.109:51648. This process is sending more data than the remote can receive!
     [exec]     (3721c4f3): () Failed to commit 632 bytes this frame to 194.88.98.109:51648. This process is sending more data than the remote can receive!
     [exec]     (3721c4f3): () Failed to commit 636 bytes this frame to 194.88.98.109:51648. This process is sending more data than the remote can receive!
     [exec]     (3721c4f3): () Failed to commit 636 bytes this frame to 194.88.98.109:51648. This process is sending more data than the remote can receive!
     [exec]     (3721c4f3): () Failed to commit 636 bytes this frame to 194.88.98.109:51648. This process is sending more data than the remote can receive!
     [exec]     (3721c4f3): () Failed to commit 636 bytes this frame to 194.88.98.109:51648. This process is sending more data than the remote can receive!
     [exec]     (3721c4f3): () Failed to commit 640 bytes this frame to 194.88.98.109:51648. This process is sending more data than the remote can receive!
     [exec]     (3721c4f3): () Failed to commit 640 bytes this frame to 194.88.98.109:51648. This process is sending more data than the remote can receive!
     [exec]     (3721c4f3): () Failed to commit 640 bytes this frame to 194.88.98.109:51648. This process is sending more data than the remote can receive!
     [exec]     (3721c4f3): () Failed to commit 640 bytes this frame to 194.88.98.109:51648. This process is sending more data than the remote can receive!
     [exec]     (3721c4f3): () Failed to commit 644 bytes this frame to 194.88.98.109:51648. This process is sending more data than the remote can receive!
     [exec]     (3721c4f3): () Failed to commit 644 bytes this frame to 194.88.98.109:51648. This process is sending more data than the remote can receive!
     [exec]     (3721c4f3): () Failed to commit 644 bytes this frame to 194.88.98.109:51648. This process is sending more data than the remote can receive!
     [exec]     (3721c4f3): () Failed to commit 644 bytes this frame to 194.88.98.109:51648. This process is sending more data than the remote can receive!
     [exec]     (3721c4f3): () Failed to commit 648 bytes this frame to 194.88.98.109:51648. This process is sending more data than the remote can receive!
     [exec]     (3721c4f3): () Failed to commit 648 bytes this frame to 194.88.98.109:51648. This process is sending more data than the remote can receive!
     [exec]     (3721c4f3): () Failed to commit 648 bytes this frame to 194.88.98.109:51648. This process is sending more data than the remote can receive!
     [exec]     (3721c4f3): () Failed to commit 648 bytes this frame to 194.88.98.109:51648. This process is sending more data than the remote can receive!
     [exec]     (3721c4f3): () Failed to commit 652 bytes this frame to 194.88.98.109:51648. This process is sending more data than the remote can receive!
     [exec]     (3721c4f3): () Failed to commit 652 bytes this frame to 194.88.98.109:51648. This process is sending more data than the remote can receive!
     [exec]     (3721c4f3): () Failed to commit 652 bytes this frame to 194.88.98.109:51648. This process is sending more data than the remote can receive!
     [exec]     (3721c4f3): () Failed to commit 652 bytes this frame to 194.88.98.109:51648. This process is sending more data than the remote can receive!
     [exec]     (3721c4f3): () Failed to commit 656 bytes this frame to 194.88.98.109:51648. This process is sending more data than the remote can receive!
     [exec]     (3721c4f3): () Failed to commit 656 bytes this frame to 194.88.98.109:51648. This process is sending more data than the remote can receive!
     [exec] WARNING:     (3721c4f3): () Failed to commit 656 bytes this frame to 194.88.98.109:51648. This process is sending more data than the remote can receive!
     [exec] WARNING:     (3721c4f3): () Failed to commit 656 bytes this frame to 194.88.98.109:51648. This process is sending more data than the remote can receive!
     [exec] WARNING:     (3721c4f3): () Failed to commit 660 bytes this frame to 194.88.98.109:51648. This process is sending more data than the remote can receive!
     [exec] WARNING:     (3721c4f3): () Failed to commit 660 bytes this frame to 194.88.98.109:51648. This process is sending more data than the remote can receive!
     [exec] WARNING:     (3721c4f3): () Failed to commit 660 bytes this frame to 194.88.98.109:51648. This process is sending more data than the remote can receive!
     [exec] WARNING:     (3721c4f3): () Failed to commit 660 bytes this frame to 194.88.98.109:51648. This process is sending more data than the remote can receive!
     [exec] WARNING:     (3721c4f3): () Failed to commit 664 bytes this frame to 194.88.98.109:51648. This process is sending more data than the remote can receive!
     [exec] WARNING:     (3721c4f3): () Failed to commit 664 bytes this frame to 194.88.98.109:51648. This process is sending more data than the remote can receive!
     [exec] WARNING:     (3721c4f3): () Failed to commit 664 bytes this frame to 194.88.98.109:51648. This process is sending more data than the remote can receive!
     [exec] WARNING:     (3721c4f3): () Failed to commit 664 bytes this frame to 194.88.98.109:51648. This process is sending more data than the remote can receive!
     [exec] WARNING:     (3721c4f3): () Failed to commit 668 bytes this frame to 194.88.98.109:51648. This process is sending more data than the remote can receive!
     [exec] WARNING:     (3721c4f3): () Failed to commit 668 bytes this frame to 194.88.98.109:51648. This process is sending more data than the remote can receive!
     [exec] WARNING:     (3721c4f3): () Failed to commit 668 bytes this frame to 194.88.98.109:51648. This process is sending more data than the remote can receive!
     [exec] WARNING:     (3721c4f3): () Failed to commit 668 bytes this frame to 194.88.98.109:51648. This process is sending more data than the remote can receive!
     [exec] WARNING:     (3721c4f3): () Failed to commit 672 bytes this frame to 194.88.98.109:51648. This process is sending more data than the remote can receive!
     [exec] WARNING:     (3721c4f3): () Failed to commit 672 bytes this frame to 194.88.98.109:51648. This process is sending more data than the remote can receive!
     [exec] WARNING:     (3721c4f3): () Failed to commit 672 bytes this frame to 194.88.98.109:51648. This process is sending more data than the remote can receive!
     [exec] WARNING:     (3721c4f3): () Failed to commit 672 bytes this frame to 194.88.98.109:51648. This process is sending more data than the remote can receive!
     [exec] WARNING:     (3721c4f3): () Failed to commit 676 bytes this frame to 194.88.98.109:51648. This process is sending more data than the remote can receive!
     [exec] WARNING:     (3721c4f3): () Failed to commit 676 bytes this frame to 194.88.98.109:51648. This process is sending more data than the remote can receive!
     [exec] WARNING:     (3721c4f3): () Failed to commit 676 bytes this frame to 194.88.98.109:51648. This process is sending more data than the remote can receive!
     [exec] WARNING:     (3721c4f3): () Failed to commit 676 bytes this frame to 194.88.98.109:51648. This process is sending more data than the remote can receive!
     [exec] WARNING:     (3721c4f3): () Failed to commit 680 bytes this frame to 194.88.98.109:51648. This process is sending more data than the remote can receive!
     [exec] WARNING:     (3721c4f3): () Failed to commit 680 bytes this frame to 194.88.98.109:51648. This process is sending more data than the remote can receive!
     [exec] WARNING:     (3721c4f3): () Failed to commit 680 bytes this frame to 194.88.98.109:51648. This process is sending more data than the remote can receive!
     [exec] WARNING:     (3721c4f3): () Failed to commit 680 bytes this frame to 194.88.98.109:51648. This process is sending more data than the remote can receive!
     [exec] WARNING:     (3721c4f3): () Failed to commit 684 bytes this frame to 194.88.98.109:51648. This process is sending more data than the remote can receive!
     [exec] WARNING:     (3721c4f3): () Failed to commit 684 bytes this frame to 194.88.98.109:51648. This process is sending more data than the remote can receive!
     [exec]     (3721c4f3): () Failed to commit 656 bytes this frame to 194.88.98.109:51648. This process is sending more data than the remote can receive!
     [exec]     (3721c4f3): () Failed to commit 656 bytes this frame to 194.88.98.109:51648. This process is sending more data than the remote can receive!
     [exec]     (3721c4f3): () Failed to commit 660 bytes this frame to 194.88.98.109:51648. This process is sending more data than the remote can receive!
     [exec]     (3721c4f3): () Failed to commit 660 bytes this frame to 194.88.98.109:51648. This process is sending more data than the remote can receive!
     [exec]     (3721c4f3): () Failed to commit 660 bytes this frame to 194.88.98.109:51648. This process is sending more data than the remote can receive!
     [exec]     (3721c4f3): () Failed to commit 660 bytes this frame to 194.88.98.109:51648. This process is sending more data than the remote can receive!
     [exec]     (3721c4f3): () Failed to commit 664 bytes this frame to 194.88.98.109:51648. This process is sending more data than the remote can receive!
     [exec]     (3721c4f3): () Failed to commit 664 bytes this frame to 194.88.98.109:51648. This process is sending more data than the remote can receive!
     [exec]     (3721c4f3): () Failed to commit 664 bytes this frame to 194.88.98.109:51648. This process is sending more data than the remote can receive!
     [exec]     (3721c4f3): () Failed to commit 664 bytes this frame to 194.88.98.109:51648. This process is sending more data than the remote can receive!
     [exec]     (3721c4f3): () Failed to commit 668 bytes this frame to 194.88.98.109:51648. This process is sending more data than the remote can receive!
     [exec]     (3721c4f3): () Failed to commit 668 bytes this frame to 194.88.98.109:51648. This process is sending more data than the remote can receive!
     [exec]     (3721c4f3): () Failed to commit 668 bytes this frame to 194.88.98.109:51648. This process is sending more data than the remote can receive!
     [exec]     (3721c4f3): () Failed to commit 668 bytes this frame to 194.88.98.109:51648. This process is sending more data than the remote can receive!
     [exec]     (3721c4f3): () Failed to commit 672 bytes this frame to 194.88.98.109:51648. This process is sending more data than the remote can receive!
     [exec]     (3721c4f3): () Failed to commit 672 bytes this frame to 194.88.98.109:51648. This process is sending more data than the remote can receive!
     [exec]     (3721c4f3): () Failed to commit 672 bytes this frame to 194.88.98.109:51648. This process is sending more data than the remote can receive!
     [exec]     (3721c4f3): () Failed to commit 672 bytes this frame to 194.88.98.109:51648. This process is sending more data than the remote can receive!
     [exec]     (3721c4f3): () Failed to commit 676 bytes this frame to 194.88.98.109:51648. This process is sending more data than the remote can receive!
     [exec]     (3721c4f3): () Failed to commit 676 bytes this frame to 194.88.98.109:51648. This process is sending more data than the remote can receive!
     [exec]     (3721c4f3): () Failed to commit 676 bytes this frame to 194.88.98.109:51648. This process is sending more data than the remote can receive!
     [exec]     (3721c4f3): () Failed to commit 676 bytes this frame to 194.88.98.109:51648. This process is sending more data than the remote can receive!
     [exec]     (3721c4f3): () Failed to commit 680 bytes this frame to 194.88.98.109:51648. This process is sending more data than the remote can receive!
     [exec]     (3721c4f3): () Failed to commit 680 bytes this frame to 194.88.98.109:51648. This process is sending more data than the remote can receive!
     [exec]     (3721c4f3): () Failed to commit 680 bytes this frame to 194.88.98.109:51648. This process is sending more data than the remote can receive!
     [exec]     (3721c4f3): () Failed to commit 680 bytes this frame to 194.88.98.109:51648. This process is sending more data than the remote can receive!
     [exec]     (3721c4f3): () Failed to commit 684 bytes this frame to 194.88.98.109:51648. This process is sending more data than the remote can receive!
     [exec]     (3721c4f3): () Failed to commit 684 bytes this frame to 194.88.98.109:51648. This process is sending more data than the remote can receive!
     [exec] WARNING:     (3721c4f3): () Failed to commit 684 bytes this frame to 194.88.98.109:51648. This process is sending more data than the remote can receive!
     [exec] WARNING:     (3721c4f3): () Failed to commit 684 bytes this frame to 194.88.98.109:51648. This process is sending more data than the remote can receive!
     [exec] WARNING:     (3721c4f3): () Failed to commit 688 bytes this frame to 194.88.98.109:51648. This process is sending more data than the remote can receive!
     [exec] WARNING:     (3721c4f3): () Failed to commit 688 bytes this frame to 194.88.98.109:51648. This process is sending more data than the remote can receive!
     [exec] WARNING:     (3721c4f3): () Failed to commit 688 bytes this frame to 194.88.98.109:51648. This process is sending more data than the remote can receive!
     [exec] WARNING:     (3721c4f3): () Failed to commit 688 bytes this frame to 194.88.98.109:51648. This process is sending more data than the remote can receive!
     [exec] WARNING:     (3721c4f3): () Failed to commit 692 bytes this frame to 194.88.98.109:51648. This process is sending more data than the remote can receive!
     [exec] WARNING:     (3721c4f3): () Failed to commit 692 bytes this frame to 194.88.98.109:51648. This process is sending more data than the remote can receive!
     [exec] WARNING:     (3721c4f3): () Failed to commit 692 bytes this frame to 194.88.98.109:51648. This process is sending more data than the remote can receive!
     [exec] WARNING:     (3721c4f3): () Failed to commit 692 bytes this frame to 194.88.98.109:51648. This process is sending more data than the remote can receive!
     [exec] WARNING:     (3721c4f3): () Failed to commit 696 bytes this frame to 194.88.98.109:51648. This process is sending more data than the remote can receive!
     [exec] WARNING:     (3721c4f3): () Failed to commit 696 bytes this frame to 194.88.98.109:51648. This process is sending more data than the remote can receive!
     [exec] WARNING:     (3721c4f3): () Failed to commit 696 bytes this frame to 194.88.98.109:51648. This process is sending more data than the remote can receive!
     [exec] WARNING:     (3721c4f3): () Failed to commit 696 bytes this frame to 194.88.98.109:51648. This process is sending more data than the remote can receive!
     [exec] WARNING:     (3721c4f3): () Failed to commit 700 bytes this frame to 194.88.98.109:51648. This process is sending more data than the remote can receive!
     [exec] WARNING:     (3721c4f3): () Failed to commit 700 bytes this frame to 194.88.98.109:51648. This process is sending more data than the remote can receive!
     [exec] WARNING:     (3721c4f3): () Failed to commit 700 bytes this frame to 194.88.98.109:51648. This process is sending more data than the remote can receive!
     [exec] WARNING:     (3721c4f3): () Failed to commit 700 bytes this frame to 194.88.98.109:51648. This process is sending more data than the remote can receive!
     [exec] WARNING:     (3721c4f3): () Failed to commit 704 bytes this frame to 194.88.98.109:51648. This process is sending more data than the remote can receive!
     [exec] WARNING:     (3721c4f3): () Failed to commit 704 bytes this frame to 194.88.98.109:51648. This process is sending more data than the remote can receive!
     [exec] WARNING:     (3721c4f3): () Failed to commit 704 bytes this frame to 194.88.98.109:51648. This process is sending more data than the remote can receive!
     [exec] WARNING:     (3721c4f3): () Failed to commit 704 bytes this frame to 194.88.98.109:51648. This process is sending more data than the remote can receive!
     [exec] WARNING:     (3721c4f3): () Failed to commit 708 bytes this frame to 194.88.98.109:51648. This process is sending more data than the remote can receive!
     [exec] WARNING:     (3721c4f3): () Failed to commit 708 bytes this frame to 194.88.98.109:51648. This process is sending more data than the remote can receive!
     [exec] WARNING:     (3721c4f3): () Failed to commit 708 bytes this frame to 194.88.98.109:51648. This process is sending more data than the remote can receive!
     [exec] WARNING:     (3721c4f3): () Failed to commit 708 bytes this frame to 194.88.98.109:51648. This process is sending more data than the remote can receive!
     [exec] WARNING:     (3721c4f3): () Failed to commit 712 bytes this frame to 194.88.98.109:51648. This process is sending more data than the remote can receive!
     [exec] WARNING:     (3721c4f3): () Failed to commit 712 bytes this frame to 194.88.98.109:51648. This process is sending more data than the remote can receive!
     [exec] WARNING:     (3721c4f3): () Failed to commit 712 bytes this frame to 194.88.98.109:51648. This process is sending more data than the remote can receive!
     [exec] WARNING:     (3721c4f3): () Failed to commit 712 bytes this frame to 194.88.98.109:51648. This process is sending more data than the remote can receive!
     [exec]     (3721c4f3): () Failed to commit 684 bytes this frame to 194.88.98.109:51648. This process is sending more data than the remote can receive!
     [exec]     (3721c4f3): () Failed to commit 684 bytes this frame to 194.88.98.109:51648. This process is sending more data than the remote can receive!
     [exec]     (3721c4f3): () Failed to commit 688 bytes this frame to 194.88.98.109:51648. This process is sending more data than the remote can receive!
     [exec]     (3721c4f3): () Failed to commit 688 bytes this frame to 194.88.98.109:51648. This process is sending more data than the remote can receive!
     [exec]     (3721c4f3): () Failed to commit 688 bytes this frame to 194.88.98.109:51648. This process is sending more data than the remote can receive!
     [exec]     (3721c4f3): () Failed to commit 688 bytes this frame to 194.88.98.109:51648. This process is sending more data than the remote can receive!
     [exec]     (3721c4f3): () Failed to commit 692 bytes this frame to 194.88.98.109:51648. This process is sending more data than the remote can receive!
     [exec]     (3721c4f3): () Failed to commit 692 bytes this frame to 194.88.98.109:51648. This process is sending more data than the remote can receive!
     [exec]     (3721c4f3): () Failed to commit 692 bytes this frame to 194.88.98.109:51648. This process is sending more data than the remote can receive!
     [exec]     (3721c4f3): () Failed to commit 692 bytes this frame to 194.88.98.109:51648. This process is sending more data than the remote can receive!
     [exec]     (3721c4f3): () Failed to commit 696 bytes this frame to 194.88.98.109:51648. This process is sending more data than the remote can receive!
     [exec]     (3721c4f3): () Failed to commit 696 bytes this frame to 194.88.98.109:51648. This process is sending more data than the remote can receive!
     [exec]     (3721c4f3): () Failed to commit 696 bytes this frame to 194.88.98.109:51648. This process is sending more data than the remote can receive!
     [exec]     (3721c4f3): () Failed to commit 696 bytes this frame to 194.88.98.109:51648. This process is sending more data than the remote can receive!
     [exec]     (3721c4f3): () Failed to commit 700 bytes this frame to 194.88.98.109:51648. This process is sending more data than the remote can receive!
     [exec]     (3721c4f3): () Failed to commit 700 bytes this frame to 194.88.98.109:51648. This process is sending more data than the remote can receive!
     [exec]     (3721c4f3): () Failed to commit 700 bytes this frame to 194.88.98.109:51648. This process is sending more data than the remote can receive!
     [exec]     (3721c4f3): () Failed to commit 700 bytes this frame to 194.88.98.109:51648. This process is sending more data than the remote can receive!
     [exec]     (3721c4f3): () Failed to commit 704 bytes this frame to 194.88.98.109:51648. This process is sending more data than the remote can receive!
     [exec]     (3721c4f3): () Failed to commit 704 bytes this frame to 194.88.98.109:51648. This process is sending more data than the remote can receive!
     [exec]     (3721c4f3): () Failed to commit 704 bytes this frame to 194.88.98.109:51648. This process is sending more data than the remote can receive!
     [exec]     (3721c4f3): () Failed to commit 704 bytes this frame to 194.88.98.109:51648. This process is sending more data than the remote can receive!
     [exec]     (3721c4f3): () Failed to commit 708 bytes this frame to 194.88.98.109:51648. This process is sending more data than the remote can receive!
     [exec]     (3721c4f3): () Failed to commit 708 bytes this frame to 194.88.98.109:51648. This process is sending more data than the remote can receive!
     [exec]     (3721c4f3): () Failed to commit 708 bytes this frame to 194.88.98.109:51648. This process is sending more data than the remote can receive!
     [exec]     (3721c4f3): () Failed to commit 708 bytes this frame to 194.88.98.109:51648. This process is sending more data than the remote can receive!
     [exec]     (3721c4f3): () Failed to commit 712 bytes this frame to 194.88.98.109:51648. This process is sending more data than the remote can receive!
     [exec]     (3721c4f3): () Failed to commit 712 bytes this frame to 194.88.98.109:51648. This process is sending more data than the remote can receive!
     [exec]     (3721c4f3): () Failed to commit 712 bytes this frame to 194.88.98.109:51648. This process is sending more data than the remote can receive!
     [exec] WARNING:     (3721c4f3): () Failed to commit 716 bytes this frame to 194.88.98.109:51648. This process is sending more data than the remote can receive!
     [exec] WARNING:     (3721c4f3): () Failed to commit 716 bytes this frame to 194.88.98.109:51648. This process is sending more data than the remote can receive!
     [exec] WARNING:     (3721c4f3): () Failed to commit 716 bytes this frame to 194.88.98.109:51648. This process is sending more data than the remote can receive!
     [exec] WARNING:     (3721c4f3): () Failed to commit 716 bytes this frame to 194.88.98.109:51648. This process is sending more data than the remote can receive!
     [exec] WARNING:     (3721c4f3): () Failed to commit 720 bytes this frame to 194.88.98.109:51648. This process is sending more data than the remote can receive!
     [exec] WARNING:     (3721c4f3): () Failed to commit 720 bytes this frame to 194.88.98.109:51648. This process is sending more data than the remote can receive!
     [exec] WARNING:     (3721c4f3): () Failed to commit 720 bytes this frame to 194.88.98.109:51648. This process is sending more data than the remote can receive!
     [exec] WARNING:     (3721c4f3): () Failed to commit 720 bytes this frame to 194.88.98.109:51648. This process is sending more data than the remote can receive!
     [exec] WARNING:     (3721c4f3): () Failed to commit 724 bytes this frame to 194.88.98.109:51648. This process is sending more data than the remote can receive!
     [exec] WARNING:     (3721c4f3): () Failed to commit 724 bytes this frame to 194.88.98.109:51648. This process is sending more data than the remote can receive!
     [exec] WARNING:     (3721c4f3): () Failed to commit 724 bytes this frame to 194.88.98.109:51648. This process is sending more data than the remote can receive!
     [exec] WARNING:     (3721c4f3): () Failed to commit 724 bytes this frame to 194.88.98.109:51648. This process is sending more data than the remote can receive!
     [exec] WARNING:     (3721c4f3): () Failed to commit 728 bytes this frame to 194.88.98.109:51648. This process is sending more data than the remote can receive!
     [exec] WARNING:     (3721c4f3): () Failed to commit 728 bytes this frame to 194.88.98.109:51648. This process is sending more data than the remote can receive!
     [exec] WARNING:     (3721c4f3): () Failed to commit 728 bytes this frame to 194.88.98.109:51648. This process is sending more data than the remote can receive!
     [exec] WARNING:     (3721c4f3): () Failed to commit 728 bytes this frame to 194.88.98.109:51648. This process is sending more data than the remote can receive!
     [exec] WARNING:     (3721c4f3): () Failed to commit 732 bytes this frame to 194.88.98.109:51648. This process is sending more data than the remote can receive!
     [exec] WARNING:     (3721c4f3): () Failed to commit 732 bytes this frame to 194.88.98.109:51648. This process is sending more data than the remote can receive!
     [exec] WARNING:     (3721c4f3): () Failed to commit 732 bytes this frame to 194.88.98.109:51648. This process is sending more data than the remote can receive!
     [exec] WARNING:     (3721c4f3): () Failed to commit 732 bytes this frame to 194.88.98.109:51648. This process is sending more data than the remote can receive!
     [exec] WARNING:     (3721c4f3): () Failed to commit 736 bytes this frame to 194.88.98.109:51648. This process is sending more data than the remote can receive!
     [exec] WARNING:     (3721c4f3): () Failed to commit 736 bytes this frame to 194.88.98.109:51648. This process is sending more data than the remote can receive!
     [exec] WARNING:     (3721c4f3): () Failed to commit 736 bytes this frame to 194.88.98.109:51648. This process is sending more data than the remote can receive!
     [exec] WARNING:     (3721c4f3): () Failed to commit 736 bytes this frame to 194.88.98.109:51648. This process is sending more data than the remote can receive!
     [exec] WARNING:     (3721c4f3): () Failed to commit 740 bytes this frame to 194.88.98.109:51648. This process is sending more data than the remote can receive!
     [exec] WARNING:     (3721c4f3): () Failed to commit 740 bytes this frame to 194.88.98.109:51648. This process is sending more data than the remote can receive!
     [exec] WARNING:     (3721c4f3): () Failed to commit 740 bytes this frame to 194.88.98.109:51648. This process is sending more data than the remote can receive!
     [exec] WARNING:     (3721c4f3): () Failed to commit 740 bytes this frame to 194.88.98.109:51648. This process is sending more data than the remote can receive!
     [exec]     (3721c4f3): () Failed to commit 712 bytes this frame to 194.88.98.109:51648. This process is sending more data than the remote can receive!
     [exec]     (3721c4f3): () Failed to commit 716 bytes this frame to 194.88.98.109:51648. This process is sending more data than the remote can receive!
     [exec]     (3721c4f3): () Failed to commit 716 bytes this frame to 194.88.98.109:51648. This process is sending more data than the remote can receive!
     [exec]     (3721c4f3): () Failed to commit 716 bytes this frame to 194.88.98.109:51648. This process is sending more data than the remote can receive!
     [exec]     (3721c4f3): () Failed to commit 716 bytes this frame to 194.88.98.109:51648. This process is sending more data than the remote can receive!
     [exec]     (3721c4f3): () Failed to commit 720 bytes this frame to 194.88.98.109:51648. This process is sending more data than the remote can receive!
     [exec]     (3721c4f3): () Failed to commit 720 bytes this frame to 194.88.98.109:51648. This process is sending more data than the remote can receive!
     [exec]     (3721c4f3): () Failed to commit 720 bytes this frame to 194.88.98.109:51648. This process is sending more data than the remote can receive!
     [exec]     (3721c4f3): () Failed to commit 720 bytes this frame to 194.88.98.109:51648. This process is sending more data than the remote can receive!
     [exec]     (3721c4f3): () Failed to commit 724 bytes this frame to 194.88.98.109:51648. This process is sending more data than the remote can receive!
     [exec]     (3721c4f3): () Failed to commit 724 bytes this frame to 194.88.98.109:51648. This process is sending more data than the remote can receive!
     [exec]     (3721c4f3): () Failed to commit 724 bytes this frame to 194.88.98.109:51648. This process is sending more data than the remote can receive!
     [exec]     (3721c4f3): () Failed to commit 724 bytes this frame to 194.88.98.109:51648. This process is sending more data than the remote can receive!
     [exec]     (3721c4f3): () Failed to commit 728 bytes this frame to 194.88.98.109:51648. This process is sending more data than the remote can receive!
     [exec]     (3721c4f3): () Failed to commit 728 bytes this frame to 194.88.98.109:51648. This process is sending more data than the remote can receive!
     [exec]     (3721c4f3): () Failed to commit 728 bytes this frame to 194.88.98.109:51648. This process is sending more data than the remote can receive!
     [exec]     (3721c4f3): () Failed to commit 728 bytes this frame to 194.88.98.109:51648. This process is sending more data than the remote can receive!
     [exec]     (3721c4f3): () Failed to commit 732 bytes this frame to 194.88.98.109:51648. This process is sending more data than the remote can receive!
     [exec]     (3721c4f3): () Failed to commit 732 bytes this frame to 194.88.98.109:51648. This process is sending more data than the remote can receive!
     [exec]     (3721c4f3): () Failed to commit 732 bytes this frame to 194.88.98.109:51648. This process is sending more data than the remote can receive!
     [exec]     (3721c4f3): () Failed to commit 732 bytes this frame to 194.88.98.109:51648. This process is sending more data than the remote can receive!
     [exec]     (3721c4f3): () Failed to commit 736 bytes this frame to 194.88.98.109:51648. This process is sending more data than the remote can receive!
     [exec]     (3721c4f3): () Failed to commit 736 bytes this frame to 194.88.98.109:51648. This process is sending more data than the remote can receive!
     [exec]     (3721c4f3): () Failed to commit 736 bytes this frame to 194.88.98.109:51648. This process is sending more data than the remote can receive!
     [exec]     (3721c4f3): () Failed to commit 736 bytes this frame to 194.88.98.109:51648. This process is sending more data than the remote can receive!
     [exec]     (3721c4f3): () Failed to commit 740 bytes this frame to 194.88.98.109:51648. This process is sending more data than the remote can receive!
     [exec]     (3721c4f3): () Failed to commit 740 bytes this frame to 194.88.98.109:51648. This process is sending more data than the remote can receive!
     [exec]     (3721c4f3): () Failed to commit 740 bytes this frame to 194.88.98.109:51648. This process is sending more data than the remote can receive!
     [exec] WARNING:     (3721c4f3): () Failed to commit 744 bytes this frame to 194.88.98.109:51648. This process is sending more data than the remote can receive!
     [exec] WARNING:     (3721c4f3): () Failed to commit 744 bytes this frame to 194.88.98.109:51648. This process is sending more data than the remote can receive!
     [exec] WARNING:     (3721c4f3): () Failed to commit 744 bytes this frame to 194.88.98.109:51648. This process is sending more data than the remote can receive!
     [exec] WARNING:     (3721c4f3): () Failed to commit 744 bytes this frame to 194.88.98.109:51648. This process is sending more data than the remote can receive!
     [exec] WARNING:     (3721c4f3): () Failed to commit 748 bytes this frame to 194.88.98.109:51648. This process is sending more data than the remote can receive!
     [exec] WARNING:     (3721c4f3): () Failed to commit 748 bytes this frame to 194.88.98.109:51648. This process is sending more data than the remote can receive!
     [exec] WARNING:     (3721c4f3): () Failed to commit 748 bytes this frame to 194.88.98.109:51648. This process is sending more data than the remote can receive!
     [exec] WARNING:     (3721c4f3): () Failed to commit 748 bytes this frame to 194.88.98.109:51648. This process is sending more data than the remote can receive!
     [exec] WARNING:     (3721c4f3): () Failed to commit 752 bytes this frame to 194.88.98.109:51648. This process is sending more data than the remote can receive!
     [exec] WARNING:     (3721c4f3): () Failed to commit 752 bytes this frame to 194.88.98.109:51648. This process is sending more data than the remote can receive!
     [exec] WARNING:     (3721c4f3): () Failed to commit 752 bytes this frame to 194.88.98.109:51648. This process is sending more data than the remote can receive!
     [exec] WARNING:     (3721c4f3): () Failed to commit 752 bytes this frame to 194.88.98.109:51648. This process is sending more data than the remote can receive!
     [exec] WARNING:     (3721c4f3): () Failed to commit 756 bytes this frame to 194.88.98.109:51648. This process is sending more data than the remote can receive!
     [exec] WARNING:     (3721c4f3): () Failed to commit 756 bytes this frame to 194.88.98.109:51648. This process is sending more data than the remote can receive!
     [exec] WARNING:     (3721c4f3): () Failed to commit 756 bytes this frame to 194.88.98.109:51648. This process is sending more data than the remote can receive!
     [exec] WARNING:     (3721c4f3): () Failed to commit 756 bytes this frame to 194.88.98.109:51648. This process is sending more data than the remote can receive!
     [exec] WARNING:     (3721c4f3): () Failed to commit 760 bytes this frame to 194.88.98.109:51648. This process is sending more data than the remote can receive!
     [exec] WARNING:     (3721c4f3): () Failed to commit 760 bytes this frame to 194.88.98.109:51648. This process is sending more data than the remote can receive!
     [exec] WARNING:     (3721c4f3): () Failed to commit 760 bytes this frame to 194.88.98.109:51648. This process is sending more data than the remote can receive!
     [exec] WARNING:     (3721c4f3): () Failed to commit 760 bytes this frame to 194.88.98.109:51648. This process is sending more data than the remote can receive!
     [exec] WARNING:     (3721c4f3): () Failed to commit 764 bytes this frame to 194.88.98.109:51648. This process is sending more data than the remote can receive!
     [exec] WARNING:     (3721c4f3): () Failed to commit 764 bytes this frame to 194.88.98.109:51648. This process is sending more data than the remote can receive!
     [exec] WARNING:     (3721c4f3): () Failed to commit 764 bytes this frame to 194.88.98.109:51648. This process is sending more data than the remote can receive!
     [exec] WARNING:     (3721c4f3): () Failed to commit 764 bytes this frame to 194.88.98.109:51648. This process is sending more data than the remote can receive!
     [exec] WARNING:     (3721c4f3): () Failed to commit 768 bytes this frame to 194.88.98.109:51648. This process is sending more data than the remote can receive!
     [exec] WARNING:     (3721c4f3): () Failed to commit 768 bytes this frame to 194.88.98.109:51648. This process is sending more data than the remote can receive!
     [exec] WARNING:     (3721c4f3): () Failed to commit 768 bytes this frame to 194.88.98.109:51648. This process is sending more data than the remote can receive!
     [exec] WARNING:     (3721c4f3): () Failed to commit 768 bytes this frame to 194.88.98.109:51648. This process is sending more data than the remote can receive!
     [exec] WARNING:     (3721c4f3): () Failed to commit 772 bytes this frame to 194.88.98.109:51648. This process is sending more data than the remote can receive!
     [exec]     (3721c4f3): () Failed to commit 740 bytes this frame to 194.88.98.109:51648. This process is sending more data than the remote can receive!
     [exec]     (3721c4f3): () Failed to commit 744 bytes this frame to 194.88.98.109:51648. This process is sending more data than the remote can receive!
     [exec]     (3721c4f3): () Failed to commit 744 bytes this frame to 194.88.98.109:51648. This process is sending more data than the remote can receive!
     [exec]     (3721c4f3): () Failed to commit 744 bytes this frame to 194.88.98.109:51648. This process is sending more data than the remote can receive!
     [exec]     (3721c4f3): () Failed to commit 744 bytes this frame to 194.88.98.109:51648. This process is sending more data than the remote can receive!
     [exec]     (3721c4f3): () Failed to commit 748 bytes this frame to 194.88.98.109:51648. This process is sending more data than the remote can receive!
     [exec]     (3721c4f3): () Failed to commit 748 bytes this frame to 194.88.98.109:51648. This process is sending more data than the remote can receive!
     [exec]     (3721c4f3): () Failed to commit 748 bytes this frame to 194.88.98.109:51648. This process is sending more data than the remote can receive!
     [exec]     (3721c4f3): () Failed to commit 748 bytes this frame to 194.88.98.109:51648. This process is sending more data than the remote can receive!
     [exec]     (3721c4f3): () Failed to commit 752 bytes this frame to 194.88.98.109:51648. This process is sending more data than the remote can receive!
     [exec]     (3721c4f3): () Failed to commit 752 bytes this frame to 194.88.98.109:51648. This process is sending more data than the remote can receive!
     [exec]     (3721c4f3): () Failed to commit 752 bytes this frame to 194.88.98.109:51648. This process is sending more data than the remote can receive!
     [exec]     (3721c4f3): () Failed to commit 752 bytes this frame to 194.88.98.109:51648. This process is sending more data than the remote can receive!
     [exec]     (3721c4f3): () Failed to commit 756 bytes this frame to 194.88.98.109:51648. This process is sending more data than the remote can receive!
     [exec]     (3721c4f3): () Failed to commit 756 bytes this frame to 194.88.98.109:51648. This process is sending more data than the remote can receive!
     [exec]     (3721c4f3): () Failed to commit 756 bytes this frame to 194.88.98.109:51648. This process is sending more data than the remote can receive!
     [exec]     (3721c4f3): () Failed to commit 756 bytes this frame to 194.88.98.109:51648. This process is sending more data than the remote can receive!
     [exec]     (3721c4f3): () Failed to commit 760 bytes this frame to 194.88.98.109:51648. This process is sending more data than the remote can receive!
     [exec]     (3721c4f3): () Failed to commit 760 bytes this frame to 194.88.98.109:51648. This process is sending more data than the remote can receive!
     [exec]     (3721c4f3): () Failed to commit 760 bytes this frame to 194.88.98.109:51648. This process is sending more data than the remote can receive!
     [exec]     (3721c4f3): () Failed to commit 760 bytes this frame to 194.88.98.109:51648. This process is sending more data than the remote can receive!
     [exec]     (3721c4f3): () Failed to commit 764 bytes this frame to 194.88.98.109:51648. This process is sending more data than the remote can receive!
     [exec]     (3721c4f3): () Failed to commit 764 bytes this frame to 194.88.98.109:51648. This process is sending more data than the remote can receive!
     [exec]     (3721c4f3): () Failed to commit 764 bytes this frame to 194.88.98.109:51648. This process is sending more data than the remote can receive!
     [exec]     (3721c4f3): () Failed to commit 764 bytes this frame to 194.88.98.109:51648. This process is sending more data than the remote can receive!
     [exec]     (3721c4f3): () Failed to commit 768 bytes this frame to 194.88.98.109:51648. This process is sending more data than the remote can receive!
     [exec]     (3721c4f3): () Failed to commit 768 bytes this frame to 194.88.98.109:51648. This process is sending more data than the remote can receive!
     [exec]     (3721c4f3): () Failed to commit 768 bytes this frame to 194.88.98.109:51648. This process is sending more data than the remote can receive!
     [exec]     (3721c4f3): () Failed to commit 768 bytes this frame to 194.88.98.109:51648. This process is sending more data than the remote can receive!
     [exec] WARNING:     (3721c4f3): () Failed to commit 772 bytes this frame to 194.88.98.109:51648. This process is sending more data than the remote can receive!
     [exec] WARNING:     (3721c4f3): () Failed to commit 772 bytes this frame to 194.88.98.109:51648. This process is sending more data than the remote can receive!
     [exec] WARNING:     (3721c4f3): () Failed to commit 772 bytes this frame to 194.88.98.109:51648. This process is sending more data than the remote can receive!
     [exec] WARNING:     (3721c4f3): () Failed to commit 776 bytes this frame to 194.88.98.109:51648. This process is sending more data than the remote can receive!
     [exec] WARNING:     (3721c4f3): () Failed to commit 776 bytes this frame to 194.88.98.109:51648. This process is sending more data than the remote can receive!
     [exec] WARNING:     (3721c4f3): () Failed to commit 776 bytes this frame to 194.88.98.109:51648. This process is sending more data than the remote can receive!
     [exec] WARNING:     (3721c4f3): () Failed to commit 776 bytes this frame to 194.88.98.109:51648. This process is sending more data than the remote can receive!
     [exec] WARNING:     (3721c4f3): () Failed to commit 780 bytes this frame to 194.88.98.109:51648. This process is sending more data than the remote can receive!
     [exec] WARNING:     (3721c4f3): () Failed to commit 780 bytes this frame to 194.88.98.109:51648. This process is sending more data than the remote can receive!
     [exec] WARNING:     (3721c4f3): () Failed to commit 780 bytes this frame to 194.88.98.109:51648. This process is sending more data than the remote can receive!
     [exec] WARNING:     (3721c4f3): () Failed to commit 780 bytes this frame to 194.88.98.109:51648. This process is sending more data than the remote can receive!
     [exec] WARNING:     (3721c4f3): () Failed to commit 784 bytes this frame to 194.88.98.109:51648. This process is sending more data than the remote can receive!
     [exec] terminate called after throwing an instance of 'std::bad_alloc'
     [exec]   what():  std::bad_alloc
     [exec] WARNING: WARNING:     (d2a9f729): Parent process exited!
     [exec] PlanetServer (pid 2250412) shutdown, reason: Os condition (Parent pid change)
     [exec]     (d2a9f729): Parent process exited!
     [exec] PlanetServer (pid 2250405) shutdown, reason: Os condition (Parent pid change)
     [exec] WARNING:     (d2a9f729): Parent process exited!
     [exec] PlanetServer (pid 2250421) shutdown, reason: Os condition (Parent pid change)
     [exec] WARNING:     (d2a9f729): Parent process exited!
     [exec] ./exec.sh: line 10: 2250334 Aborted                 ./bin/TaskManager -- @servercommon.cfg
     [exec] PlanetServer (pid 2250424) shutdown, reason: Os condition (Parent pid change)
     [exec] WARNING: WARNING:     (d2a9f729): Parent process exited!
     [exec] PlanetServer (pid 2250414) shutdown, reason: Os condition (Parent pid change)
     [exec]     (d2a9f729): Parent process exited!
     [exec] WARNING: PlanetServer (pid 2250419) shutdown, reason: Os condition (Parent pid change)
     [exec] WARNING:     (d2a9f729): Parent process exited!
     [exec]     (d2a9f729): Parent process exited!
     [exec] PlanetServer (pid 2250422) shutdown, reason: Os condition (Parent pid change)
     [exec] WARNING: WARNING: WARNING:     (d2a9f729): Parent process exited!
     [exec]     (d2a9f729): Parent process exited!
     [exec] PlanetServer (pid 2250406) shutdown, reason: Os condition (Parent pid change)
     [exec] PlanetServer (pid 2250434) shutdown, reason: Os condition (Parent pid change)
     [exec]     (d2a9f729): Parent process exited!
     [exec] PlanetServer (pid 2250417) shutdown, reason: Os condition (Parent pid change)
     [exec] WARNING:     (d2a9f729): Parent process exited!
     [exec] PlanetServer (pid 2250437) shutdown, reason: Os condition (Parent pid change)
     [exec] WARNING: WARNING:     (d2a9f729): Parent process exited!
     [exec] PlanetServer (pid 2250413) shutdown, reason: Os condition (Parent pid change)
     [exec]     (d2a9f729): Parent process exited!
     [exec] PlanetServer (pid 2250416) shutdown, reason: Os condition (Parent pid change)
     [exec] WARNING: WARNING:     (d2a9f729): Parent process exited!
     [exec] PlanetServer (pid 2250435) shutdown, reason: Os condition (Parent pid change)
     [exec]     (d2a9f729): Parent process exited!
     [exec] PlanetServer (pid 2250407) shutdown, reason: Os condition (Parent pid change)
     [exec] WARNING: WARNING: WARNING:     (d2a9f729): Parent process exited!
     [exec] PlanetServer (pid 2250404) shutdown, reason: Os condition (Parent pid change)
     [exec]     (d2a9f729): Parent process exited!
     [exec] GameServer 70 (pid 2250465) shutdown, reason: OS condition (Parent pid change)
     [exec]     (d2a9f729): Parent process exited!
     [exec] PlanetServer (pid 2250425) shutdown, reason: Os condition (Parent pid change)
     [exec] WARNING:     (d2a9f729): Parent process exited!
     [exec] PlanetServer (pid 2250410) shutdown, reason: Os condition (Parent pid change)
     [exec] WARNING: WARNING: WARNING:     (d2a9f729): Parent process exited!
     [exec] PlanetServer (pid 2250408) shutdown, reason: Os condition (Parent pid change)
     [exec] WARNING:     (d2a9f729): Parent process exited!
     [exec]     (d2a9f729): Parent process exited!
     [exec] PlanetServer (pid 2250438) shutdown, reason: Os condition (Parent pid change)
     [exec] PlanetServer (pid 2250430) shutdown, reason: Os condition (Parent pid change)
     [exec]     (d2a9f729): Parent process exited!
     [exec] PlanetServer (pid 2250431) shutdown, reason: Os condition (Parent pid change)
     [exec]     (3721c4f3): () Failed to commit 77
     [exec] WARNING: 
     [exec] Result: 134

BUILD SUCCESSFUL
Total time: 450 minutes 20 seconds
Buildfile: /home/swg/swg-main/build.xml

create_symlinks:

stop:
     [exec] LoginServer: no process found
     [exec] Result: 1
     [exec] CentralServer: no process found
     [exec] Result: 1
     [exec] ChatServer: no process found
     [exec] Result: 1
     [exec] CommoditiesServer: no process found
     [exec] Result: 1
     [exec] ConnectionServer: no process found
     [exec] Result: 1
     [exec] CustomerServiceServer: no process found
     [exec] Result: 1
     [exec] LogServer: no process found
     [exec] Result: 1
     [exec] MetricsServer: no process found
     [exec] Result: 1
     [exec] PlanetServer: no process found
     [exec] Result: 1
     [exec] ServerConsole: no process found
     [exec] Result: 1
     [exec] SwgDatabaseServer: no process found
     [exec] Result: 1
     [exec] SwgGameServer: no process found
     [exec] Result: 1
     [exec] TransferServer: no process found
     [exec] Result: 1
     [exec] TaskManager: no process found
     [exec] Result: 1

webcfg-check-for-file:

webcfg:

start:
     [exec] Cluster NGE_TC is ready for players.
     [exec] WARNING:     (6fa54546): Could not find node for this host: 109.228.61.26.
     [exec] Log observer setup: file:logs/character-creation.log{c-!TraceCharacterCreation}
     [exec] CentralServer not launching starting processes because m_clusterId is 0 - not received from the LoginServer yet
     [exec] Cluster SWG_NGE is not ready for players.
     [exec] CentralServer now launching starting processes because has a connection to the TaskManager *AND* has received cluster Id (1) from the LoginServer
     [exec] New Central Server connection active
     [exec] New Database Server connection active
     [exec] New chat server connection active
     [exec] Cluster SWG_NGE is not ready for players.
     [exec] Cluster SWG_NGE is not ready for players.
     [exec] Cluster SWG_NGE is not ready for players.
     [exec] Cluster SWG_NGE is not ready for players.
     [exec] Cluster SWG_NGE is not ready for players.
     [exec] Cluster SWG_NGE is not ready for players.
     [exec] Cluster SWG_NGE is not ready for players.
     [exec] Cluster SWG_NGE is not ready for players.
     [exec] Cluster SWG_NGE is not ready for players.
     [exec] Cluster SWG_NGE is not ready for players.
     [exec] Cluster SWG_NGE is not ready for players.
     [exec] Cluster SWG_NGE is not ready for players.
     [exec] Cluster SWG_NGE is not ready for players.
     [exec] Cluster SWG_NGE is not ready for players.
     [exec] Cluster SWG_NGE is not ready for players.
     [exec] Cluster SWG_NGE is not ready for players.
     [exec] Cluster SWG_NGE is not ready for players.
     [exec] Cluster SWG_NGE is not ready for players.
     [exec] Cluster SWG_NGE is not ready for players.
     [exec] Cluster SWG_NGE is not ready for players.
     [exec] Cluster SWG_NGE is not ready for players.
     [exec] Cluster SWG_NGE is not ready for players.
     [exec] Cluster SWG_NGE is not ready for players.
     [exec] Cluster SWG_NGE is not ready for players.
     [exec] Cluster SWG_NGE is not ready for players.
     [exec] Cluster SWG_NGE is not ready for players.
     [exec] Cluster SWG_NGE is not ready for players.
     [exec] Cluster SWG_NGE is not ready for players.
     [exec] Cluster SWG_NGE is not ready for players.
     [exec] Cluster SWG_NGE is not ready for players.
     [exec] Cluster SWG_NGE is not ready for players.
     [exec] Cluster SWG_NGE is not ready for players.
     [exec] Cluster SWG_NGE is not ready for players.
     [exec] Cluster SWG_NGE is not ready for players.
     [exec] Cluster SWG_NGE is not ready for players.
     [exec] Cluster SWG_NGE is not ready for players.
     [exec] Cluster SWG_NGE is not ready for players.
     [exec] Cluster SWG_NGE is not ready for players.
     [exec] [Commodities Server] : 13 locations loaded to memory from database in (0) seconds.
     [exec] [Commodities Server] : 115 auctions loaded to memory from database in (0) seconds.
     [exec] [Commodities Server] : 1105 auction attributes loaded to memory from database in (0) seconds.
     [exec] [Commodities Server] : 0 bids loaded to memory from database in (0) seconds.
     [exec] CommoditiesLoadDone Message received on connection with the database server
     [exec] 13 rows received on Auction_Locations
     [exec] 115 rows received on Market_Auctions
     [exec] 1105 rows received on Market_Auction_Attributes
     [exec] 0 rows received on Market_Auction_Bids
     [exec] New Planet Server connection active
     [exec] New Planet Server connection active
     [exec] New Planet Server connection active
     [exec] New Planet Server connection active
     [exec] New Planet Server connection active
     [exec] New Planet Server connection active
     [exec] New Planet Server connection active
     [exec] New Planet Server connection active
     [exec] New Planet Server connection active
     [exec] New Planet Server connection active
     [exec] New Planet Server connection active
     [exec] New Planet Server connection active
     [exec] New Planet Server connection active
     [exec] New Planet Server connection active
     [exec] New Planet Server connection active
     [exec] New Planet Server connection active
     [exec] New Planet Server connection active
     [exec] New Planet Server connection active
     [exec] New Planet Server connection active
     [exec] New chat server connection active
     [exec] New Planet Server connection active
     [exec] New chat server connection active
     [exec] New chat server connection active
     [exec] New Planet Server connection active
     [exec] New chat server connection active
     [exec] New chat server connection active
     [exec] New chat server connection active
     [exec] New chat server connection active
     [exec] New chat server connection active
     [exec] New chat server connection active
     [exec] New chat server connection active
     [exec] New chat server connection active
     [exec] New chat server connection active
     [exec] New chat server connection active
     [exec] New Planet Server connection active
     [exec] New chat server connection active
     [exec] New chat server connection active
     [exec] New chat server connection active
     [exec] New chat server connection active
     [exec] New chat server connection active
     [exec] New chat server connection active
     [exec] New chat server connection active
     [exec] New Planet Server connection active
     [exec] New chat server connection active
     [exec] New chat server connection active
     [exec] New chat server connection active
     [exec] New chat server connection active
     [exec] New chat server connection active
     [exec] New chat server connection active
     [exec] New Planet Server connection active
     [exec] New chat server connection active
     [exec] New chat server connection active
     [exec] New chat server connection active
     [exec] New chat server connection active
     [exec] New chat server connection active
     [exec] New chat server connection active
     [exec] New chat server connection active
     [exec] New chat server connection active
     [exec] New Planet Server connection active
     [exec] New chat server connection active
     [exec] New chat server connection active
     [exec] New Planet Server connection active
     [exec] New chat server connection active
     [exec] New chat server connection active
     [exec] New Planet Server connection active
     [exec] New Planet Server connection active
     [exec] New Planet Server connection active
     [exec] New Planet Server connection active
     [exec] New Planet Server connection active
     [exec] New Planet Server connection active
     [exec] New Planet Server connection active
     [exec] New Planet Server connection active
     [exec] New Planet Server connection active
     [exec] New Planet Server connection active
     [exec] New Planet Server connection active
     [exec] New Planet Server connection active
     [exec] New Game Server connection active
     [exec] New Game Server connection active
     [exec] New Game Server connection active
     [exec] New Game Server connection active
     [exec] New Game Server connection active
     [exec] New Game Server connection active
     [exec] New Game Server connection active
     [exec] New Game Server connection active
     [exec] New Game Server connection active
     [exec] New Game Server connection active
     [exec] New Game Server connection active
     [exec] New Game Server connection active
     [exec] New Game Server connection active
     [exec] New Game Server connection active
     [exec] New Game Server connection active
     [exec] New Game Server connection active
     [exec] New Game Server connection active
     [exec] New Game Server connection active
     [exec] New Game Server connection active
     [exec] New Game Server connection active
     [exec] New Game Server connection active
     [exec] New Game Server connection active
     [exec] New Game Server connection active
     [exec] New Game Server connection active
     [exec] New Game Server connection active
     [exec] New Game Server connection active
     [exec] New Game Server connection active
     [exec] New Game Server connection active
     [exec] New Game Server connection active
     [exec] New Game Server connection active
     [exec] New Game Server connection active
     [exec] New Game Server connection active
     [exec] New Game Server connection active
     [exec] New Game Server connection active
     [exec] New Game Server connection active
     [exec] New Game Server connection active
     [exec] New Game Server connection active
     [exec] New Game Server connection active
     [exec] Cluster SWG_NGE is ready for players.
     [exec] ERROR: dictionary.readObject: Read null obj_id for value 1106500, key <id> will not be added to the dictionary
     [exec] Cluster NGE_TC is not ready for players.
     [exec] Cluster NGE_TC is not ready for players.
     [exec] Cluster NGE_TC is not ready for players.
     [exec] Cluster NGE_TC is ready for players.
     [exec] Cluster NGE_TC is not ready for players.
     [exec] Cluster NGE_TC is not ready for players.
     [exec] Cluster NGE_TC is not ready for players.
     [exec] Cluster NGE_TC is ready for players.
     [exec] Cluster NGE_TC is not ready for players.
     [exec] Cluster NGE_TC is not ready for players.
     [exec] Cluster NGE_TC is not ready for players.
     [exec] Cluster NGE_TC is ready for players.
     [exec] Cluster NGE_TC is not ready for players.
     [exec] Cluster NGE_TC is not ready for players.
     [exec] Cluster NGE_TC is not ready for players.
     [exec] Cluster NGE_TC is ready for players.
     [exec] Cluster NGE_TC is not ready for players.
     [exec] Cluster NGE_TC is not ready for players.
     [exec] Cluster NGE_TC is not ready for players.
     [exec] Cluster NGE_TC is ready for players.
     [exec] Cluster NGE_TC is not ready for players.
     [exec] Cluster NGE_TC is not ready for players.
     [exec] Cluster NGE_TC is not ready for players.
     [exec] Cluster NGE_TC is ready for players.
     [exec] Cluster NGE_TC is not ready for players.
     [exec] Cluster NGE_TC is not ready for players.
     [exec] Cluster NGE_TC is not ready for players.
     [exec] Cluster NGE_TC is ready for players.
     [exec] LoggerConnection created.
     [exec] LoggerConnection destroyed.
     [exec] GameServer 81 (pid 2414545) shutdown, reason: CentralConnectionClosed : TcpClient::update recv returned 0
     [exec] GameServer 82 (pid 2414554) shutdown, reason: CentralConnectionClosed : TcpClient::update recv returned 0
     [exec] GameServer 80 (pid 2414524) shutdown, reason: CentralConnectionClosed : TcpClient::update recv returned 0
     [exec] GameServer 73 (pid 2414550) shutdown, reason: CentralConnectionClosed : TcpClient::update recv returned 0
     [exec] GameServer 74 (pid 2414528) shutdown, reason: CentralConnectionClosed : TcpClient::update recv returned 0
     [exec] GameServer 76 (pid 2414555) shutdown, reason: CentralConnectionClosed : TcpClient::update recv returned 0
     [exec] GameServer 69 (pid 2414542) shutdown, reason: CentralConnectionClosed : TcpClient::update recv returned 0
     [exec] GameServer 52 (pid 2414549) shutdown, reason: CentralConnectionClosed : TcpClient::update recv returned 0
     [exec] GameServer 46 (pid 2414536) shutdown, reason: CentralConnectionClosed : TcpClient::update recv returned 0
     [exec] GameServer 66 (pid 2414526) shutdown, reason: CentralConnectionClosed : TcpClient::update recv returned 0
     [exec] PlanetServer (pid 2414496) shutdown, reason: CentralConnectionClosed : TcpClient::update recv returned 0
     [exec] PlanetServer (pid 2414519) shutdown, reason: CentralConnectionClosed : TcpClient::update recv returned 0
     [exec] GameServer 71 (pid 2414527) shutdown, reason: CentralConnectionClosed : TcpClient::update recv returned 0
     [exec] PlanetServer (pid 2414504) shutdown, reason: CentralConnectionClosed : TcpClient::update recv returned 0
     [exec] GameServer 70 (pid 2414546) shutdown, reason: CentralConnectionClosed : TcpClient::update recv returned 0
     [exec] GameServer 77 (pid 2414557) shutdown, reason: CentralConnectionClosed : TcpClient::update recv returned 0
     [exec] GameServer 78 (pid 2414537) shutdown, reason: CentralConnectionClosed : TcpClient::update recv returned 0
     [exec] GameServer 55 (pid 2414523) shutdown, reason: CentralConnectionClosed : TcpClient::update recv returned 0
     [exec] PlanetServer (pid 2414495) shutdown, reason: CentralConnectionClosed : TcpClient::update recv returned 0
     [exec] GameServer 79 (pid 2414533) shutdown, reason: CentralConnectionClosed : TcpClient::update recv returned 0
     [exec] PlanetServer (pid 2414522) shutdown, reason: CentralConnectionClosed : TcpClient::update recv returned 0
     [exec] PlanetServer (pid 2414501) shutdown, reason: CentralConnectionClosed : TcpClient::update recv returned 0
     [exec] PlanetServer (pid 2414514) shutdown, reason: CentralConnectionClosed : TcpClient::update recv returned 0
     [exec] PlanetServer (pid 2414521) shutdown, reason: CentralConnectionClosed : TcpClient::update recv returned 0
     [exec] PlanetServer (pid 2414503) shutdown, reason: CentralConnectionClosed : TcpClient::update recv returned 0
     [exec] GameServer 68 (pid 2414525) shutdown, reason: CentralConnectionClosed : TcpClient::update recv returned 0
     [exec] PlanetServer (pid 2414516) shutdown, reason: CentralConnectionClosed : TcpClient::update recv returned 0
     [exec] PlanetServer (pid 2414502) shutdown, reason: CentralConnectionClosed : TcpClient::update recv returned 0
     [exec] PlanetServer (pid 2414507) shutdown, reason: CentralConnectionClosed : TcpClient::update recv returned 0
     [exec] PlanetServer (pid 2414518) shutdown, reason: CentralConnectionClosed : TcpClient::update recv returned 0
     [exec] PlanetServer (pid 2414520) shutdown, reason: CentralConnectionClosed : TcpClient::update recv returned 0
     [exec] GameServer 51 (pid 2414529) shutdown, reason: CentralConnectionClosed : TcpClient::update recv returned 0
     [exec] PlanetServer (pid 2414499) shutdown, reason: CentralConnectionClosed : TcpClient::update recv returned 0
     [exec] PlanetServer (pid 2414510) shutdown, reason: CentralConnectionClosed : TcpClient::update recv returned 0
     [exec] PlanetServer (pid 2414494) shutdown, reason: CentralConnectionClosed : TcpClient::update recv returned 0
     [exec] PlanetServer (pid 2414513) shutdown, reason: CentralConnectionClosed : TcpClient::update recv returned 0
     [exec] PlanetServer (pid 2414492) shutdown, reason: CentralConnectionClosed : TcpClient::update recv returned 0
     [exec] GameServer 44 (pid 2414535) shutdown, reason: CentralConnectionClosed : TcpClient::update recv returned 0
     [exec] GameServer 62 (pid 2414558) shutdown, reason: CentralConnectionClosed : TcpClient::update recv returned 0
     [exec] PlanetServer (pid 2414500) shutdown, reason: CentralConnectionClosed : TcpClient::update recv returned 0
     [exec] GameServer 47 (pid 2414541) shutdown, reason: CentralConnectionClosed : TcpClient::update recv returned 0
     [exec] GameServer 54 (pid 2414560) shutdown, reason: CentralConnectionClosed : TcpClient::update recv returned 0
     [exec] PlanetServer (pid 2414506) shutdown, reason: CentralConnectionClosed : TcpClient::update recv returned 0
     [exec] PlanetServer (pid 2414508) shutdown, reason: CentralConnectionClosed : TcpClient::update recv returned 0
     [exec] PlanetServer (pid 2414497) shutdown, reason: CentralConnectionClosed : TcpClient::update recv returned 0
     [exec] PlanetServer (pid 2414512) shutdown, reason: CentralConnectionClosed : TcpClient::update recv returned 0
     [exec] GameServer 48 (pid 2414539) shutdown, reason: CentralConnectionClosed : TcpClient::update recv returned 0
     [exec] GameServer 72 (pid 2414532) shutdown, reason: CentralConnectionClosed : TcpClient::update recv returned 0
     [exec] GameServer 60 (pid 2414553) shutdown, reason: CentralConnectionClosed : TcpClient::update recv returned 0
     [exec] GameServer 61 (pid 2414544) shutdown, reason: CentralConnectionClosed : TcpClient::update recv returned 0
     [exec] PlanetServer (pid 2414493) shutdown, reason: CentralConnectionClosed : TcpClient::update recv returned 0
     [exec] PlanetServer (pid 2414515) shutdown, reason: CentralConnectionClosed : TcpClient::update recv returned 0
     [exec] GameServer 58 (pid 2414559) shutdown, reason: CentralConnectionClosed : TcpClient::update recv returned 0
     [exec] PlanetServer (pid 2414491) shutdown, reason: CentralConnectionClosed : TcpClient::update recv returned 0
     [exec] PlanetServer (pid 2414505) shutdown, reason: CentralConnectionClosed : TcpClient::update recv returned 0
     [exec] PlanetServer (pid 2414517) shutdown, reason: CentralConnectionClosed : TcpClient::update recv returned 0
     [exec] GameServer: Chat Server connection closed
     [exec] GameServer 56 (pid 2414534) shutdown, reason: CentralConnectionClosed : TcpClient::update recv returned 0
     [exec] PlanetServer (pid 2414487) shutdown, reason: CentralConnectionClosed : TcpClient::update recv returned 0
     [exec] PlanetServer (pid 2414489) shutdown, reason: CentralConnectionClosed : TcpClient::update recv returned 0
     [exec] PlanetServer (pid 2414488) shutdown, reason: CentralConnectionClosed : TcpClient::update recv returned 0
     [exec] PlanetServer (pid 2414511) shutdown, reason: CentralConnectionClosed : TcpClient::update recv returned 0
     [exec] GameServer 59 (pid 2414552) shutdown, reason: CentralConnectionClosed : TcpClient::update recv returned 0
     [exec] GameServer 64 (pid 2414543) shutdown, reason: CentralConnectionClosed : TcpClient::update recv returned 0
     [exec] GameServer: Chat Server connection closed
     [exec] GameServer: Chat Server connection closed
     [exec] GameServer: Chat Server connection closed
     [exec] GameServer: Chat Server connection closed
     [exec] GameServer: Chat Server connection closed
     [exec] GameServer: Chat Server connection closed
     [exec] GameServer: Chat Server connection closed
     [exec] GameServer: Chat Server connection closed
     [exec] ConnectionServer (pid 2414454) shutdown, reason: CentralConnectionClosed: TcpClient::update recv returned 0
     [exec] GameServer: Chat Server connection closed
     [exec] GameServer 50 (pid 2414540) shutdown, reason: CentralConnectionClosed : TcpClient::update recv returned 0
     [exec] GameServer: Chat Server connection closed
     [exec] GameServer: Chat Server connection closed
     [exec] PlanetServer (pid 2414498) shutdown, reason: CentralConnectionClosed : TcpClient::update recv returned 0
     [exec] PlanetServer (pid 2414490) shutdown, reason: CentralConnectionClosed : TcpClient::update recv returned 0
     [exec] GameServer: Chat Server connection closed
     [exec] PlanetServer (pid 2414509) shutdown, reason: CentralConnectionClosed : TcpClient::update recv returned 0
     [exec] GameServer: Chat Server connection closed
     [exec] GameServer 67 (pid 2414547) shutdown, reason: CentralConnectionClosed : TcpClient::update recv returned 0
     [exec] GameServer: Chat Server connection closed
     [exec] GameServer: Chat Server connection closed
     [exec] GameServer 57 (pid 2414548) shutdown, reason: CentralConnectionClosed : TcpClient::update recv returned 0
     [exec] GameServer: Chat Server connection closed
     [exec] GameServer: Chat Server connection closed
     [exec] GameServer: Chat Server connection closed
     [exec] PlanetServer (pid 2414485) shutdown, reason: CentralConnectionClosed : TcpClient::update recv returned 0
     [exec] GameServer 63 (pid 2414551) shutdown, reason: CentralConnectionClosed : TcpClient::update recv returned 0
     [exec] GameServer: Chat Server connection closed
     [exec] GameServer 49 (pid 2414530) shutdown, reason: CentralConnectionClosed : TcpClient::update recv returned 0
     [exec] GameServer: Chat Server connection closed
     [exec] GameServer: Chat Server connection closed
     [exec] GameServer: Chat Server connection closed
     [exec] GameServer: Chat Server connection closed
     [exec] DatabaseServer 4 (pid 2414455) shutdown, reason: CentralConnectionClosed : TcpClient::update recv returned -1, errno=104
     [exec] WARNING:     (a6109445): Database lost connection to central.
     [exec] DatabaseProcess: Chat Server connection closed
     [exec] GameServer: Chat Server connection closed
     [exec] GameServer: Chat Server connection closed
     [exec] GameServer: Chat Server connection closed
     [exec] GameServer: Chat Server connection closed
     [exec] PlanetServer (pid 2414486) shutdown, reason: CentralConnectionClosed : TcpClient::update recv returned 0
     [exec] GameServer: Chat Server connection closed
     [exec] GameServer: Chat Server connection closed
     [exec] GameServer: Chat Server connection closed
     [exec] GameServer: Chat Server connection closed
     [exec] GameServer: Chat Server connection closed
     [exec] GameServer: Chat Server connection closed
     [exec] GameServer 45 (pid 2414531) shutdown, reason: CentralConnectionClosed : TcpClient::update recv returned 0
     [exec] GameServer: Chat Server connection closed
     [exec] GameServer: Chat Server connection closed
     [exec] GameServer 53 (pid 2414538) shutdown, reason: CentralConnectionClosed : TcpClient::update recv returned 0
     [exec] GameServer: Chat Server connection closed
     [exec] GameServer 65 (pid 2414556) shutdown, reason: CentralConnectionClosed : TcpClient::update recv returned 0
     [exec] GameServer: Chat Server connection closed
     [exec] Terminated
     [exec] Result: 143

BUILD SUCCESSFUL
Total time: 1702 minutes 14 seconds
Buildfile: /home/swg/swg-main/build.xml

create_symlinks:

stop:
     [exec] LoginServer: no process found
     [exec] Result: 1
     [exec] CentralServer: no process found
     [exec] Result: 1
     [exec] ChatServer: no process found
     [exec] Result: 1
     [exec] CommoditiesServer: no process found
     [exec] Result: 1
     [exec] ConnectionServer: no process found
     [exec] Result: 1
     [exec] CustomerServiceServer: no process found
     [exec] Result: 1
     [exec] LogServer: no process found
     [exec] Result: 1
     [exec] MetricsServer: no process found
     [exec] Result: 1
     [exec] PlanetServer: no process found
     [exec] Result: 1
     [exec] ServerConsole: no process found
     [exec] Result: 1
     [exec] SwgDatabaseServer: no process found
     [exec] Result: 1
     [exec] SwgGameServer: no process found
     [exec] Result: 1
     [exec] TransferServer: no process found
     [exec] Result: 1
     [exec] TaskManager: no process found
     [exec] Result: 1

webcfg-check-for-file:

webcfg:

start:
     [exec] Cluster NGE_TC is ready for players.
     [exec] WARNING:     (6fa54546): Could not find node for this host: 109.228.61.26.
     [exec] Log observer setup: file:logs/character-creation.log{c-!TraceCharacterCreation}
     [exec] CentralServer not launching starting processes because m_clusterId is 0 - not received from the LoginServer yet
     [exec] Cluster SWG_NGE is not ready for players.
     [exec] CentralServer now launching starting processes because has a connection to the TaskManager *AND* has received cluster Id (1) from the LoginServer
     [exec] New Central Server connection active
     [exec] New chat server connection active
     [exec] Cluster SWG_NGE is not ready for players.
     [exec] Cluster SWG_NGE is not ready for players.
     [exec] Cluster SWG_NGE is not ready for players.
     [exec] Cluster SWG_NGE is not ready for players.
     [exec] Cluster SWG_NGE is not ready for players.
     [exec] Cluster SWG_NGE is not ready for players.
     [exec] Cluster SWG_NGE is not ready for players.
     [exec] Cluster SWG_NGE is not ready for players.
     [exec] Cluster SWG_NGE is not ready for players.
     [exec] Cluster SWG_NGE is not ready for players.
     [exec] Cluster SWG_NGE is not ready for players.
     [exec] Cluster SWG_NGE is not ready for players.
     [exec] Cluster SWG_NGE is not ready for players.
     [exec] Cluster SWG_NGE is not ready for players.
     [exec] Cluster SWG_NGE is not ready for players.
     [exec] Cluster SWG_NGE is not ready for players.
     [exec] Cluster SWG_NGE is not ready for players.
     [exec] Cluster SWG_NGE is not ready for players.
     [exec] Cluster SWG_NGE is not ready for players.
     [exec] Cluster SWG_NGE is not ready for players.
     [exec] Cluster SWG_NGE is not ready for players.
     [exec] Cluster SWG_NGE is not ready for players.
     [exec] Cluster SWG_NGE is not ready for players.
     [exec] Cluster SWG_NGE is not ready for players.
     [exec] Cluster SWG_NGE is not ready for players.
     [exec] Cluster SWG_NGE is not ready for players.
     [exec] Cluster SWG_NGE is not ready for players.
     [exec] Cluster SWG_NGE is not ready for players.
     [exec] Cluster SWG_NGE is not ready for players.
     [exec] Cluster SWG_NGE is not ready for players.
     [exec] Cluster SWG_NGE is not ready for players.
     [exec] Cluster SWG_NGE is not ready for players.
     [exec] Cluster SWG_NGE is not ready for players.
     [exec] Cluster SWG_NGE is not ready for players.
     [exec] Cluster SWG_NGE is not ready for players.
     [exec] Cluster SWG_NGE is not ready for players.
     [exec] Cluster SWG_NGE is not ready for players.
     [exec] Cluster SWG_NGE is not ready for players.
     [exec] New Database Server connection active
     [exec] [Commodities Server] : 13 locations loaded to memory from database in (0) seconds.
     [exec] [Commodities Server] : 115 auctions loaded to memory from database in (0) seconds.
     [exec] [Commodities Server] : 1105 auction attributes loaded to memory from database in (0) seconds.
     [exec] [Commodities Server] : 0 bids loaded to memory from database in (0) seconds.
     [exec] CommoditiesLoadDone Message received on connection with the database server
     [exec] 13 rows received on Auction_Locations
     [exec] 115 rows received on Market_Auctions
     [exec] 1105 rows received on Market_Auction_Attributes
     [exec] 0 rows received on Market_Auction_Bids
     [exec] New Planet Server connection active
     [exec] New Planet Server connection active
     [exec] New Planet Server connection active
     [exec] New Planet Server connection active
     [exec] New Planet Server connection active
     [exec] New Planet Server connection active
     [exec] New Planet Server connection active
     [exec] New Planet Server connection active
     [exec] New Planet Server connection active
     [exec] New Planet Server connection active
     [exec] New Planet Server connection active
     [exec] New Planet Server connection active
     [exec] New Planet Server connection active
     [exec] New Planet Server connection active
     [exec] New Planet Server connection active
     [exec] New Planet Server connection active
     [exec] New Planet Server connection active
     [exec] New Planet Server connection active
     [exec] New Planet Server connection active
     [exec] New Planet Server connection active
     [exec] New Planet Server connection active
     [exec] New Planet Server connection active
     [exec] New Planet Server connection active
     [exec] New chat server connection active
     [exec] New chat server connection active
     [exec] New chat server connection active
     [exec] New Planet Server connection active
     [exec] New chat server connection active
     [exec] New chat server connection active
     [exec] New Planet Server connection active
     [exec] New Planet Server connection active
     [exec] New chat server connection active
     [exec] New chat server connection active
     [exec] New chat server connection active
     [exec] New chat server connection active
     [exec] New Planet Server connection active
     [exec] New chat server connection active
     [exec] New chat server connection active
     [exec] New chat server connection active
     [exec] New chat server connection active
     [exec] New Planet Server connection active
     [exec] New chat server connection active
     [exec] New chat server connection active
     [exec] New chat server connection active
     [exec] New chat server connection active
     [exec] New chat server connection active
     [exec] New Planet Server connection active
     [exec] New chat server connection active
     [exec] New chat server connection active
     [exec] New chat server connection active
     [exec] New chat server connection active
     [exec] New chat server connection active
     [exec] New Planet Server connection active
     [exec] New chat server connection active
     [exec] New chat server connection active
     [exec] New chat server connection active
     [exec] New chat server connection active
     [exec] New chat server connection active
     [exec] New chat server connection active
     [exec] New chat server connection active
     [exec] New Planet Server connection active
     [exec] New chat server connection active
     [exec] New chat server connection active
     [exec] New chat server connection active
     [exec] New chat server connection active
     [exec] New chat server connection active
     [exec] New chat server connection active
     [exec] New Planet Server connection active
     [exec] New chat server connection active
     [exec] New chat server connection active
     [exec] New Planet Server connection active
     [exec] New Planet Server connection active
     [exec] New Planet Server connection active
     [exec] New Planet Server connection active
     [exec] New Planet Server connection active
     [exec] New Planet Server connection active
     [exec] New Game Server connection active
     [exec] New Game Server connection active
     [exec] New Game Server connection active
     [exec] New Game Server connection active
     [exec] New Game Server connection active
     [exec] New Game Server connection active
     [exec] New Game Server connection active
     [exec] New Game Server connection active
     [exec] New Game Server connection active
     [exec] New Game Server connection active
     [exec] New Game Server connection active
     [exec] New Game Server connection active
     [exec] New Game Server connection active
     [exec] New Game Server connection active
     [exec] New Game Server connection active
     [exec] New Game Server connection active
     [exec] New Game Server connection active
     [exec] New Game Server connection active
     [exec] New Game Server connection active
     [exec] New Game Server connection active
     [exec] New Game Server connection active
     [exec] New Game Server connection active
     [exec] New Game Server connection active
     [exec] New Game Server connection active
     [exec] New Game Server connection active
     [exec] New Game Server connection active
     [exec] New Game Server connection active
     [exec] New Game Server connection active
     [exec] New Game Server connection active
     [exec] New Game Server connection active
     [exec] New Game Server connection active
     [exec] New Game Server connection active
     [exec] New Game Server connection active
     [exec] New Game Server connection active
     [exec] New Game Server connection active
     [exec] New Game Server connection active
     [exec] New Game Server connection active
     [exec] New Game Server connection active
     [exec] Cluster SWG_NGE is ready for players.
