Waiting for Oracle...
Starting StationChat and NGE...
2026-07-17 14:01:13,695 INFO  [default] Registrar listening @127.0.0.1:5000
2026-07-17 14:01:13,695 INFO  [default] Gateway listening @127.0.0.1:5001
Buildfile: /home/swg/swg-main/build.xml

create_symlinks:

stop:
     [exec] LoginServer: no process found
     [exec] Result: 1
     [exec] CentralServer: no process found
     [exec] Result: 1
     [exec] ChatServer: no process found
     [exec] Result: 1
     [exec] CommoditiesServer: no process found
     [exec] Result: 1
     [exec] ConnectionServer: no process found
     [exec] Result: 1
     [exec] CustomerServiceServer: no process found
     [exec] Result: 1
     [exec] LogServer: no process found
     [exec] Result: 1
     [exec] MetricsServer: no process found
     [exec] Result: 1
     [exec] PlanetServer: no process found
     [exec] Result: 1
     [exec] ServerConsole: no process found
     [exec] Result: 1
     [exec] SwgDatabaseServer: no process found
     [exec] Result: 1
     [exec] SwgGameServer: no process found
     [exec] Result: 1
     [exec] TransferServer: no process found
     [exec] Result: 1
     [exec] TaskManager: no process found
     [exec] Result: 1

webcfg-check-for-file:

webcfg:

start:
     [exec] WARNING:     (6fa54546): Could not find node for this host: 109.228.61.26.
     [exec] Log observer setup: file:logs/log.txt
     [exec] Log observer setup: file:logs/customerService.log{c-!CustomerService}
     [exec] Log observer setup: file:logs/startupLog.log{c-*:c+ServerStartup:c+Preload}
     [exec] CentralServer not launching starting processes because m_clusterId is 0 - not received from the LoginServer yet
     [exec] Cluster SWG_NGE is not ready for players.
     [exec] CentralServer now launching starting processes because has a connection to the TaskManager *AND* has received cluster Id (1) from the LoginServer
     [exec] New Central Server connection active
2026-07-17 14:01:18,812 INFO  [default] SETAPIVERSION request received - version: 2
2026-07-17 14:01:18,869 INFO  [default] GETROOMSUMMARIES request received - start node: SOE+SWG filter: 
2026-07-17 14:01:18,869 INFO  [default] LOGINAVATAR request received SYSTEM@SOE+SWG+SWG_NGE
2026-07-17 14:01:18,870 INFO  [default] Loading rooms for base address: SOE+SWG+SWG_NGE
2026-07-17 14:01:18,870 INFO  [default] Rooms currently loaded: 13
2026-07-17 14:01:18,933 INFO  [default] GETROOMSUMMARIES request received - start node: SOE+SWG filter: 
2026-07-17 14:01:18,945 INFO  [default] GETROOM request received - room: SOE+SWG+SWG_NGE+system
2026-07-17 14:01:18,945 INFO  [default] GETROOM request received - room: SOE+SWG+SWG_NGE+dathomir+system
2026-07-17 14:01:18,945 INFO  [default] GETROOM request received - room: SOE+SWG+SWG_NGE+rori+system
2026-07-17 14:01:18,945 INFO  [default] GETROOM request received - room: SOE+SWG+SWG_NGE+tatooine+system
2026-07-17 14:01:18,945 INFO  [default] GETROOM request received - room: SOE+SWG+SWG_NGE+mustafar+system
2026-07-17 14:01:18,945 INFO  [default] GETROOM request received - room: SOE+SWG+SWG_NGE+dantooine+system
2026-07-17 14:01:18,945 INFO  [default] GETROOM request received - room: SOE+SWG+SWG_NGE+yavin4+system
2026-07-17 14:01:18,945 INFO  [default] GETROOM request received - room: SOE+SWG+SWG_NGE+kashyyyk_main+system
2026-07-17 14:01:18,945 INFO  [default] GETROOM request received - room: SOE+SWG+SWG_NGE+corellia+system
2026-07-17 14:01:18,945 INFO  [default] GETROOM request received - room: SOE+SWG+SWG_NGE+lok+system
2026-07-17 14:01:18,945 INFO  [default] GETROOM request received - room: SOE+SWG+SWG_NGE+endor+system
2026-07-17 14:01:18,945 INFO  [default] GETROOM request received - room: SOE+SWG+SWG_NGE+naboo+system
2026-07-17 14:01:18,945 INFO  [default] GETROOM request received - room: SOE+SWG+SWG_NGE+talus+system
     [exec] New Database Server connection active
     [exec] New chat server connection active
     [exec] Cluster SWG_NGE is not ready for players.
     [exec] Cluster SWG_NGE is not ready for players.
     [exec] Cluster SWG_NGE is not ready for players.
     [exec] Cluster SWG_NGE is not ready for players.
     [exec] Cluster SWG_NGE is not ready for players.
     [exec] Cluster SWG_NGE is not ready for players.
     [exec] Cluster SWG_NGE is not ready for players.
     [exec] Cluster SWG_NGE is not ready for players.
     [exec] Cluster SWG_NGE is not ready for players.
     [exec] Cluster SWG_NGE is not ready for players.
     [exec] Cluster SWG_NGE is not ready for players.
     [exec] Cluster SWG_NGE is not ready for players.
     [exec] [Commodities Server] : 4 locations loaded to memory from database in (0) seconds.
     [exec] [Commodities Server] : 115 auctions loaded to memory from database in (0) seconds.
     [exec] [Commodities Server] : 1105 auction attributes loaded to memory from database in (0) seconds.
     [exec] [Commodities Server] : 0 bids loaded to memory from database in (0) seconds.
     [exec] CommoditiesLoadDone Message received on connection with the database server
     [exec] 4 rows received on Auction_Locations
     [exec] 115 rows received on Market_Auctions
     [exec] 1105 rows received on Market_Auction_Attributes
     [exec] 0 rows received on Market_Auction_Bids
     [exec] New Planet Server connection active
     [exec] New Planet Server connection active
     [exec] New Planet Server connection active
     [exec] New Planet Server connection active
     [exec] New Planet Server connection active
     [exec] New Planet Server connection active
     [exec] New Planet Server connection active
     [exec] New Planet Server connection active
     [exec] New Planet Server connection active
     [exec] New Planet Server connection active
     [exec] New Planet Server connection active
     [exec] New Planet Server connection active
2026-07-17 14:01:28,758 INFO  [default] GETROOMSUMMARIES request received - start node: SOE+SWG filter: 
     [exec] New Game Server connection active
     [exec] New Game Server connection active
     [exec] New Game Server connection active
     [exec] New Game Server connection active
     [exec] New chat server connection active
2026-07-17 14:01:29,109 INFO  [default] CREATEROOM request received - creator: 24@SOE+SWG+SWG_NGE room: SOE+SWG+SWG_NGE
2026-07-17 14:01:29,109 INFO  [default] Creating room Galaxy@SOE+SWG+SWG_NGE with attributes 0
2026-07-17 14:01:29,109 INFO  [default] CREATEROOM request received - creator: 24@SOE+SWG+SWG_NGE room: SOE+SWG+SWG_NGE
2026-07-17 14:01:29,109 INFO  [default] Creating room Auction@SOE+SWG+SWG_NGE with attributes 0
2026-07-17 14:01:29,109 INFO  [default] CREATEROOM request received - creator: 24@SOE+SWG+SWG_NGE room: SOE+SWG+SWG_NGE
2026-07-17 14:01:29,110 ERROR [default] ChatAPI Result Exception: [ROOM_ALREADYEXISTS] ChatRoom already exists
2026-07-17 14:01:29,110 INFO  [default] CREATEROOM request received - creator: 24@SOE+SWG+SWG_NGE room: SOE+SWG+SWG_NGE
2026-07-17 14:01:29,110 INFO  [default] Creating room Chat@SOE+SWG+SWG_NGE with attributes 0
2026-07-17 14:01:29,110 INFO  [default] CREATEROOM request received - creator: 24@SOE+SWG+SWG_NGE room: SOE+SWG+SWG_NGE
2026-07-17 14:01:29,110 INFO  [default] Creating room Imperial@SOE+SWG+SWG_NGE with attributes 0
2026-07-17 14:01:29,110 INFO  [default] CREATEROOM request received - creator: 24@SOE+SWG+SWG_NGE room: SOE+SWG+SWG_NGE
2026-07-17 14:01:29,110 INFO  [default] Creating room ImperialWarRoom@SOE+SWG+SWG_NGE with attributes 0
2026-07-17 14:01:29,110 INFO  [default] CREATEROOM request received - creator: 24@SOE+SWG+SWG_NGE room: SOE+SWG+SWG_NGE
2026-07-17 14:01:29,110 INFO  [default] Creating room Rebel@SOE+SWG+SWG_NGE with attributes 0
2026-07-17 14:01:29,110 INFO  [default] CREATEROOM request received - creator: 24@SOE+SWG+SWG_NGE room: SOE+SWG+SWG_NGE
2026-07-17 14:01:29,110 INFO  [default] Creating room RebelWarRoom@SOE+SWG+SWG_NGE with attributes 0
2026-07-17 14:01:29,110 INFO  [default] CREATEROOM request received - creator: 24@SOE+SWG+SWG_NGE room: SOE+SWG+SWG_NGE
2026-07-17 14:01:29,110 INFO  [default] Creating room BountyHunter@SOE+SWG+SWG_NGE with attributes 0
2026-07-17 14:01:29,110 INFO  [default] CREATEROOM request received - creator: 24@SOE+SWG+SWG_NGE room: SOE+SWG+SWG_NGE
2026-07-17 14:01:29,110 INFO  [default] Creating room Commando@SOE+SWG+SWG_NGE with attributes 0
2026-07-17 14:01:29,110 INFO  [default] CREATEROOM request received - creator: 24@SOE+SWG+SWG_NGE room: SOE+SWG+SWG_NGE
2026-07-17 14:01:29,110 INFO  [default] Creating room Entertainer@SOE+SWG+SWG_NGE with attributes 0
2026-07-17 14:01:29,112 INFO  [default] CREATEROOM request received - creator: 24@SOE+SWG+SWG_NGE room: SOE+SWG+SWG_NGE
2026-07-17 14:01:29,112 INFO  [default] Creating room ForceSensitive@SOE+SWG+SWG_NGE with attributes 0
2026-07-17 14:01:29,112 INFO  [default] CREATEROOM request received - creator: 24@SOE+SWG+SWG_NGE room: SOE+SWG+SWG_NGE
2026-07-17 14:01:29,112 INFO  [default] Creating room Medic@SOE+SWG+SWG_NGE with attributes 0
2026-07-17 14:01:29,112 INFO  [default] CREATEROOM request received - creator: 24@SOE+SWG+SWG_NGE room: SOE+SWG+SWG_NGE
2026-07-17 14:01:29,112 INFO  [default] Creating room Officer@SOE+SWG+SWG_NGE with attributes 0
2026-07-17 14:01:29,112 INFO  [default] CREATEROOM request received - creator: 24@SOE+SWG+SWG_NGE room: SOE+SWG+SWG_NGE
2026-07-17 14:01:29,112 INFO  [default] Creating room Pilot@SOE+SWG+SWG_NGE with attributes 0
2026-07-17 14:01:29,112 INFO  [default] CREATEROOM request received - creator: 24@SOE+SWG+SWG_NGE room: SOE+SWG+SWG_NGE
2026-07-17 14:01:29,112 INFO  [default] Creating room Politician@SOE+SWG+SWG_NGE with attributes 0
2026-07-17 14:01:29,112 INFO  [default] CREATEROOM request received - creator: 24@SOE+SWG+SWG_NGE room: SOE+SWG+SWG_NGE
2026-07-17 14:01:29,112 INFO  [default] Creating room Smuggler@SOE+SWG+SWG_NGE with attributes 0
2026-07-17 14:01:29,112 INFO  [default] CREATEROOM request received - creator: 24@SOE+SWG+SWG_NGE room: SOE+SWG+SWG_NGE
2026-07-17 14:01:29,112 INFO  [default] Creating room Spy@SOE+SWG+SWG_NGE with attributes 0
2026-07-17 14:01:29,112 INFO  [default] CREATEROOM request received - creator: 24@SOE+SWG+SWG_NGE room: SOE+SWG+SWG_NGE
2026-07-17 14:01:29,112 INFO  [default] Creating room Trader@SOE+SWG+SWG_NGE with attributes 0
2026-07-17 14:01:29,112 INFO  [default] CREATEROOM request received - creator: 24@SOE+SWG+SWG_NGE room: SOE+SWG+SWG_NGE
2026-07-17 14:01:29,112 INFO  [default] Creating room BeastMastery@SOE+SWG+SWG_NGE with attributes 0
2026-07-17 14:01:29,112 INFO  [default] CREATEROOM request received - creator: 24@SOE+SWG+SWG_NGE room: SOE+SWG+SWG_NGE
2026-07-17 14:01:29,112 INFO  [default] Creating room Warden@SOE+SWG+SWG_NGE with attributes 0
2026-07-17 14:01:29,112 INFO  [default] CREATEROOM request received - creator: 24@SOE+SWG+SWG_NGE room: SOE+SWG+SWG_NGE
2026-07-17 14:01:29,112 INFO  [default] Creating room GuildLeaders@SOE+SWG+SWG_NGE with attributes 0
2026-07-17 14:01:29,113 INFO  [default] CREATEROOM request received - creator: 24@SOE+SWG+SWG_NGE room: SOE+SWG+SWG_NGE
2026-07-17 14:01:29,113 INFO  [default] Creating room CityMayors@SOE+SWG+SWG_NGE with attributes 0
2026-07-17 14:01:29,113 INFO  [default] CREATEROOM request received - creator: 24@SOE+SWG+SWG_NGE room: SOE+SWG+SWG_NGE
2026-07-17 14:01:29,113 INFO  [default] Creating room dantooine@SOE+SWG+SWG_NGE with attributes 0
2026-07-17 14:01:29,113 INFO  [default] CREATEROOM request received - creator: 24@SOE+SWG+SWG_NGE room: SOE+SWG+SWG_NGE+dantooine
2026-07-17 14:01:29,113 INFO  [default] Creating room Planet@SOE+SWG+SWG_NGE+dantooine with attributes 0
2026-07-17 14:01:29,113 INFO  [default] CREATEROOM request received - creator: 24@SOE+SWG+SWG_NGE room: SOE+SWG+SWG_NGE
2026-07-17 14:01:29,113 ERROR [default] ChatAPI Result Exception: [ROOM_ALREADYEXISTS] ChatRoom already exists
2026-07-17 14:01:29,113 INFO  [default] CREATEROOM request received - creator: 24@SOE+SWG+SWG_NGE room: SOE+SWG+SWG_NGE+dantooine
2026-07-17 14:01:29,113 INFO  [default] Creating room named@SOE+SWG+SWG_NGE+dantooine with attributes 0
2026-07-17 14:01:29,113 INFO  [default] CREATEROOM request received - creator: 24@SOE+SWG+SWG_NGE room: SOE+SWG+SWG_NGE+dantooine+named
2026-07-17 14:01:29,113 INFO  [default] Creating room Auction@SOE+SWG+SWG_NGE+dantooine+named with attributes 0
2026-07-17 14:01:29,113 INFO  [default] CREATEROOM request received - creator: 24@SOE+SWG+SWG_NGE room: SOE+SWG+SWG_NGE
2026-07-17 14:01:29,113 ERROR [default] ChatAPI Result Exception: [ROOM_ALREADYEXISTS] ChatRoom already exists
2026-07-17 14:01:29,113 INFO  [default] CREATEROOM request received - creator: 24@SOE+SWG+SWG_NGE room: SOE+SWG+SWG_NGE+dantooine
2026-07-17 14:01:29,113 ERROR [default] ChatAPI Result Exception: [ROOM_ALREADYEXISTS] ChatRoom already exists
2026-07-17 14:01:29,113 INFO  [default] CREATEROOM request received - creator: 24@SOE+SWG+SWG_NGE room: SOE+SWG+SWG_NGE+dantooine+named
2026-07-17 14:01:29,113 INFO  [default] Creating room Planet@SOE+SWG+SWG_NGE+dantooine+named with attributes 0
2026-07-17 14:01:29,113 INFO  [default] CREATEROOM request received - creator: 24@SOE+SWG+SWG_NGE room: SOE+SWG+SWG_NGE
2026-07-17 14:01:29,113 ERROR [default] ChatAPI Result Exception: [ROOM_ALREADYEXISTS] ChatRoom already exists
2026-07-17 14:01:29,113 INFO  [default] CREATEROOM request received - creator: 24@SOE+SWG+SWG_NGE room: SOE+SWG+SWG_NGE+dantooine
2026-07-17 14:01:29,113 ERROR [default] ChatAPI Result Exception: [ROOM_ALREADYEXISTS] ChatRoom already exists
2026-07-17 14:01:29,113 INFO  [default] CREATEROOM request received - creator: 24@SOE+SWG+SWG_NGE room: SOE+SWG+SWG_NGE
2026-07-17 14:01:29,113 ERROR [default] ChatAPI Result Exception: [ROOM_ALREADYEXISTS] ChatRoom already exists
2026-07-17 14:01:29,113 INFO  [default] CREATEROOM request received - creator: 24@SOE+SWG+SWG_NGE room: SOE+SWG+SWG_NGE+dantooine
2026-07-17 14:01:29,113 INFO  [default] Creating room Chat@SOE+SWG+SWG_NGE+dantooine with attributes 0
2026-07-17 14:01:29,113 INFO  [default] CREATEROOM request received - creator: 24@SOE+SWG+SWG_NGE room: SOE+SWG+SWG_NGE
2026-07-17 14:01:29,113 ERROR [default] ChatAPI Result Exception: [ROOM_ALREADYEXISTS] ChatRoom already exists
2026-07-17 14:01:29,113 INFO  [default] CREATEROOM request received - creator: 24@SOE+SWG+SWG_NGE room: SOE+SWG+SWG_NGE
2026-07-17 14:01:29,113 ERROR [default] ChatAPI Result Exception: [ROOM_ALREADYEXISTS] ChatRoom already exists
2026-07-17 14:01:29,115 INFO  [default] CREATEROOM request received - creator: 24@SOE+SWG+SWG_NGE room: SOE+SWG+SWG_NGE
2026-07-17 14:01:29,115 ERROR [default] ChatAPI Result Exception: [ROOM_ALREADYEXISTS] ChatRoom already exists
2026-07-17 14:01:29,115 INFO  [default] CREATEROOM request received - creator: 24@SOE+SWG+SWG_NGE room: SOE+SWG+SWG_NGE
2026-07-17 14:01:29,115 ERROR [default] ChatAPI Result Exception: [ROOM_ALREADYEXISTS] ChatRoom already exists
2026-07-17 14:01:29,115 INFO  [default] CREATEROOM request received - creator: 24@SOE+SWG+SWG_NGE room: SOE+SWG+SWG_NGE
2026-07-17 14:01:29,115 ERROR [default] ChatAPI Result Exception: [ROOM_ALREADYEXISTS] ChatRoom already exists
2026-07-17 14:01:29,115 INFO  [default] CREATEROOM request received - creator: 24@SOE+SWG+SWG_NGE room: SOE+SWG+SWG_NGE
2026-07-17 14:01:29,115 ERROR [default] ChatAPI Result Exception: [ROOM_ALREADYEXISTS] ChatRoom already exists
2026-07-17 14:01:29,115 INFO  [default] CREATEROOM request received - creator: 24@SOE+SWG+SWG_NGE room: SOE+SWG+SWG_NGE
2026-07-17 14:01:29,115 ERROR [default] ChatAPI Result Exception: [ROOM_ALREADYEXISTS] ChatRoom already exists
2026-07-17 14:01:29,115 INFO  [default] CREATEROOM request received - creator: 24@SOE+SWG+SWG_NGE room: SOE+SWG+SWG_NGE
2026-07-17 14:01:29,115 ERROR [default] ChatAPI Result Exception: [ROOM_ALREADYEXISTS] ChatRoom already exists
2026-07-17 14:01:29,115 INFO  [default] CREATEROOM request received - creator: 24@SOE+SWG+SWG_NGE room: SOE+SWG+SWG_NGE
2026-07-17 14:01:29,115 ERROR [default] ChatAPI Result Exception: [ROOM_ALREADYEXISTS] ChatRoom already exists
2026-07-17 14:01:29,116 INFO  [default] CREATEROOM request received - creator: 24@SOE+SWG+SWG_NGE room: SOE+SWG+SWG_NGE
2026-07-17 14:01:29,116 ERROR [default] ChatAPI Result Exception: [ROOM_ALREADYEXISTS] ChatRoom already exists
2026-07-17 14:01:29,116 INFO  [default] CREATEROOM request received - creator: 24@SOE+SWG+SWG_NGE room: SOE+SWG+SWG_NGE
2026-07-17 14:01:29,116 ERROR [default] ChatAPI Result Exception: [ROOM_ALREADYEXISTS] ChatRoom already exists
2026-07-17 14:01:29,116 INFO  [default] CREATEROOM request received - creator: 24@SOE+SWG+SWG_NGE room: SOE+SWG+SWG_NGE
2026-07-17 14:01:29,116 ERROR [default] ChatAPI Result Exception: [ROOM_ALREADYEXISTS] ChatRoom already exists
2026-07-17 14:01:29,116 INFO  [default] CREATEROOM request received - creator: 24@SOE+SWG+SWG_NGE room: SOE+SWG+SWG_NGE
2026-07-17 14:01:29,116 ERROR [default] ChatAPI Result Exception: [ROOM_ALREADYEXISTS] ChatRoom already exists
2026-07-17 14:01:29,116 INFO  [default] CREATEROOM request received - creator: 24@SOE+SWG+SWG_NGE room: SOE+SWG+SWG_NGE
2026-07-17 14:01:29,116 ERROR [default] ChatAPI Result Exception: [ROOM_ALREADYEXISTS] ChatRoom already exists
2026-07-17 14:01:29,116 INFO  [default] CREATEROOM request received - creator: 24@SOE+SWG+SWG_NGE room: SOE+SWG+SWG_NGE
2026-07-17 14:01:29,116 ERROR [default] ChatAPI Result Exception: [ROOM_ALREADYEXISTS] ChatRoom already exists
2026-07-17 14:01:29,116 INFO  [default] CREATEROOM request received - creator: 24@SOE+SWG+SWG_NGE room: SOE+SWG+SWG_NGE
2026-07-17 14:01:29,116 ERROR [default] ChatAPI Result Exception: [ROOM_ALREADYEXISTS] ChatRoom already exists
2026-07-17 14:01:29,116 INFO  [default] CREATEROOM request received - creator: 24@SOE+SWG+SWG_NGE room: SOE+SWG+SWG_NGE
2026-07-17 14:01:29,116 ERROR [default] ChatAPI Result Exception: [ROOM_ALREADYEXISTS] ChatRoom already exists
2026-07-17 14:01:29,116 INFO  [default] CREATEROOM request received - creator: 24@SOE+SWG+SWG_NGE room: SOE+SWG+SWG_NGE
2026-07-17 14:01:29,116 ERROR [default] ChatAPI Result Exception: [ROOM_ALREADYEXISTS] ChatRoom already exists
2026-07-17 14:01:29,116 INFO  [default] CREATEROOM request received - creator: 24@SOE+SWG+SWG_NGE room: SOE+SWG+SWG_NGE
2026-07-17 14:01:29,116 ERROR [default] ChatAPI Result Exception: [ROOM_ALREADYEXISTS] ChatRoom already exists
2026-07-17 14:01:29,116 INFO  [default] CREATEROOM request received - creator: 24@SOE+SWG+SWG_NGE room: SOE+SWG+SWG_NGE
2026-07-17 14:01:29,116 ERROR [default] ChatAPI Result Exception: [ROOM_ALREADYEXISTS] ChatRoom already exists
2026-07-17 14:01:29,116 INFO  [default] CREATEROOM request received - creator: 24@SOE+SWG+SWG_NGE room: SOE+SWG+SWG_NGE
2026-07-17 14:01:29,116 ERROR [default] ChatAPI Result Exception: [ROOM_ALREADYEXISTS] ChatRoom already exists
2026-07-17 14:01:29,116 INFO  [default] CREATEROOM request received - creator: 24@SOE+SWG+SWG_NGE room: SOE+SWG+SWG_NGE
2026-07-17 14:01:29,116 ERROR [default] ChatAPI Result Exception: [ROOM_ALREADYEXISTS] ChatRoom already exists
2026-07-17 14:01:29,118 INFO  [default] CREATEROOM request received - creator: 24@SOE+SWG+SWG_NGE room: SOE+SWG+SWG_NGE
2026-07-17 14:01:29,118 ERROR [default] ChatAPI Result Exception: [ROOM_ALREADYEXISTS] ChatRoom already exists
2026-07-17 14:01:29,118 INFO  [default] CREATEROOM request received - creator: 24@SOE+SWG+SWG_NGE room: SOE+SWG+SWG_NGE
2026-07-17 14:01:29,118 ERROR [default] ChatAPI Result Exception: [ROOM_ALREADYEXISTS] ChatRoom already exists
2026-07-17 14:01:29,118 INFO  [default] CREATEROOM request received - creator: 24@SOE+SWG+SWG_NGE room: SOE+SWG+SWG_NGE+dantooine
2026-07-17 14:01:29,118 ERROR [default] ChatAPI Result Exception: [ROOM_ALREADYEXISTS] ChatRoom already exists
2026-07-17 14:01:29,118 INFO  [default] CREATEROOM request received - creator: 24@SOE+SWG+SWG_NGE room: SOE+SWG+SWG_NGE
2026-07-17 14:01:29,118 ERROR [default] ChatAPI Result Exception: [ROOM_ALREADYEXISTS] ChatRoom already exists
2026-07-17 14:01:29,118 INFO  [default] CREATEROOM request received - creator: 24@SOE+SWG+SWG_NGE room: SOE+SWG+SWG_NGE+dantooine
2026-07-17 14:01:29,118 ERROR [default] ChatAPI Result Exception: [ROOM_ALREADYEXISTS] ChatRoom already exists
2026-07-17 14:01:29,118 INFO  [default] CREATEROOM request received - creator: 24@SOE+SWG+SWG_NGE room: SOE+SWG+SWG_NGE+dantooine+named
2026-07-17 14:01:29,118 ERROR [default] ChatAPI Result Exception: [ROOM_ALREADYEXISTS] ChatRoom already exists
2026-07-17 14:01:29,118 INFO  [default] CREATEROOM request received - creator: 24@SOE+SWG+SWG_NGE room: SOE+SWG+SWG_NGE
2026-07-17 14:01:29,118 ERROR [default] ChatAPI Result Exception: [ROOM_ALREADYEXISTS] ChatRoom already exists
2026-07-17 14:01:29,118 INFO  [default] CREATEROOM request received - creator: 24@SOE+SWG+SWG_NGE room: SOE+SWG+SWG_NGE+dantooine
2026-07-17 14:01:29,118 ERROR [default] ChatAPI Result Exception: [ROOM_ALREADYEXISTS] ChatRoom already exists
2026-07-17 14:01:29,118 INFO  [default] CREATEROOM request received - creator: 24@SOE+SWG+SWG_NGE room: SOE+SWG+SWG_NGE+dantooine+named
2026-07-17 14:01:29,118 ERROR [default] ChatAPI Result Exception: [ROOM_ALREADYEXISTS] ChatRoom already exists
2026-07-17 14:01:29,118 INFO  [default] CREATEROOM request received - creator: 24@SOE+SWG+SWG_NGE room: SOE+SWG+SWG_NGE
2026-07-17 14:01:29,118 ERROR [default] ChatAPI Result Exception: [ROOM_ALREADYEXISTS] ChatRoom already exists
2026-07-17 14:01:29,118 INFO  [default] CREATEROOM request received - creator: 24@SOE+SWG+SWG_NGE room: SOE+SWG+SWG_NGE+dantooine
2026-07-17 14:01:29,118 ERROR [default] ChatAPI Result Exception: [ROOM_ALREADYEXISTS] ChatRoom already exists
2026-07-17 14:01:29,118 INFO  [default] CREATEROOM request received - creator: 24@SOE+SWG+SWG_NGE room: SOE+SWG+SWG_NGE
2026-07-17 14:01:29,118 ERROR [default] ChatAPI Result Exception: [ROOM_ALREADYEXISTS] ChatRoom already exists
2026-07-17 14:01:29,118 INFO  [default] CREATEROOM request received - creator: 24@SOE+SWG+SWG_NGE room: SOE+SWG+SWG_NGE+dantooine
2026-07-17 14:01:29,119 ERROR [default] ChatAPI Result Exception: [ROOM_ALREADYEXISTS] ChatRoom already exists
2026-07-17 14:01:29,125 INFO  [default] CREATEROOM request received - creator: 24@SOE+SWG+SWG_NGE room: SOE+SWG+SWG_NGE
2026-07-17 14:01:29,125 ERROR [default] ChatAPI Result Exception: [ROOM_ALREADYEXISTS] ChatRoom already exists
2026-07-17 14:01:29,125 INFO  [default] CREATEROOM request received - creator: 24@SOE+SWG+SWG_NGE room: SOE+SWG+SWG_NGE
2026-07-17 14:01:29,125 ERROR [default] ChatAPI Result Exception: [ROOM_ALREADYEXISTS] ChatRoom already exists
2026-07-17 14:01:29,125 INFO  [default] CREATEROOM request received - creator: 24@SOE+SWG+SWG_NGE room: SOE+SWG+SWG_NGE
2026-07-17 14:01:29,125 ERROR [default] ChatAPI Result Exception: [ROOM_ALREADYEXISTS] ChatRoom already exists
2026-07-17 14:01:29,125 INFO  [default] CREATEROOM request received - creator: 24@SOE+SWG+SWG_NGE room: SOE+SWG+SWG_NGE
2026-07-17 14:01:29,125 ERROR [default] ChatAPI Result Exception: [ROOM_ALREADYEXISTS] ChatRoom already exists
2026-07-17 14:01:29,125 INFO  [default] CREATEROOM request received - creator: 24@SOE+SWG+SWG_NGE room: SOE+SWG+SWG_NGE
2026-07-17 14:01:29,125 ERROR [default] ChatAPI Result Exception: [ROOM_ALREADYEXISTS] ChatRoom already exists
2026-07-17 14:01:29,125 INFO  [default] CREATEROOM request received - creator: 24@SOE+SWG+SWG_NGE room: SOE+SWG+SWG_NGE
2026-07-17 14:01:29,125 ERROR [default] ChatAPI Result Exception: [ROOM_ALREADYEXISTS] ChatRoom already exists
2026-07-17 14:01:29,125 INFO  [default] CREATEROOM request received - creator: 24@SOE+SWG+SWG_NGE room: SOE+SWG+SWG_NGE
2026-07-17 14:01:29,125 ERROR [default] ChatAPI Result Exception: [ROOM_ALREADYEXISTS] ChatRoom already exists
2026-07-17 14:01:29,125 INFO  [default] CREATEROOM request received - creator: 24@SOE+SWG+SWG_NGE room: SOE+SWG+SWG_NGE
2026-07-17 14:01:29,125 ERROR [default] ChatAPI Result Exception: [ROOM_ALREADYEXISTS] ChatRoom already exists
2026-07-17 14:01:29,125 INFO  [default] CREATEROOM request received - creator: 24@SOE+SWG+SWG_NGE room: SOE+SWG+SWG_NGE
2026-07-17 14:01:29,125 ERROR [default] ChatAPI Result Exception: [ROOM_ALREADYEXISTS] ChatRoom already exists
2026-07-17 14:01:29,125 INFO  [default] CREATEROOM request received - creator: 24@SOE+SWG+SWG_NGE room: SOE+SWG+SWG_NGE
2026-07-17 14:01:29,125 ERROR [default] ChatAPI Result Exception: [ROOM_ALREADYEXISTS] ChatRoom already exists
2026-07-17 14:01:29,125 INFO  [default] CREATEROOM request received - creator: 24@SOE+SWG+SWG_NGE room: SOE+SWG+SWG_NGE
2026-07-17 14:01:29,125 ERROR [default] ChatAPI Result Exception: [ROOM_ALREADYEXISTS] ChatRoom already exists
2026-07-17 14:01:29,125 INFO  [default] CREATEROOM request received - creator: 24@SOE+SWG+SWG_NGE room: SOE+SWG+SWG_NGE
2026-07-17 14:01:29,125 ERROR [default] ChatAPI Result Exception: [ROOM_ALREADYEXISTS] ChatRoom already exists
2026-07-17 14:01:29,185 INFO  [default] CREATEROOM request received - creator: 24@SOE+SWG+SWG_NGE room: SOE+SWG+SWG_NGE
2026-07-17 14:01:29,185 ERROR [default] ChatAPI Result Exception: [ROOM_ALREADYEXISTS] ChatRoom already exists
2026-07-17 14:01:29,185 INFO  [default] CREATEROOM request received - creator: 24@SOE+SWG+SWG_NGE room: SOE+SWG+SWG_NGE
2026-07-17 14:01:29,185 ERROR [default] ChatAPI Result Exception: [ROOM_ALREADYEXISTS] ChatRoom already exists
2026-07-17 14:01:29,185 INFO  [default] CREATEROOM request received - creator: 24@SOE+SWG+SWG_NGE room: SOE+SWG+SWG_NGE
2026-07-17 14:01:29,185 ERROR [default] ChatAPI Result Exception: [ROOM_ALREADYEXISTS] ChatRoom already exists
2026-07-17 14:01:29,185 INFO  [default] CREATEROOM request received - creator: 24@SOE+SWG+SWG_NGE room: SOE+SWG+SWG_NGE
2026-07-17 14:01:29,185 ERROR [default] ChatAPI Result Exception: [ROOM_ALREADYEXISTS] ChatRoom already exists
2026-07-17 14:01:29,185 INFO  [default] CREATEROOM request received - creator: 24@SOE+SWG+SWG_NGE room: SOE+SWG+SWG_NGE
2026-07-17 14:01:29,185 ERROR [default] ChatAPI Result Exception: [ROOM_ALREADYEXISTS] ChatRoom already exists
2026-07-17 14:01:29,185 INFO  [default] CREATEROOM request received - creator: 24@SOE+SWG+SWG_NGE room: SOE+SWG+SWG_NGE
2026-07-17 14:01:29,185 ERROR [default] ChatAPI Result Exception: [ROOM_ALREADYEXISTS] ChatRoom already exists
2026-07-17 14:01:29,185 INFO  [default] CREATEROOM request received - creator: 24@SOE+SWG+SWG_NGE room: SOE+SWG+SWG_NGE
2026-07-17 14:01:29,185 ERROR [default] ChatAPI Result Exception: [ROOM_ALREADYEXISTS] ChatRoom already exists
2026-07-17 14:01:29,185 INFO  [default] CREATEROOM request received - creator: 24@SOE+SWG+SWG_NGE room: SOE+SWG+SWG_NGE
2026-07-17 14:01:29,185 ERROR [default] ChatAPI Result Exception: [ROOM_ALREADYEXISTS] ChatRoom already exists
2026-07-17 14:01:29,185 INFO  [default] CREATEROOM request received - creator: 24@SOE+SWG+SWG_NGE room: SOE+SWG+SWG_NGE
2026-07-17 14:01:29,185 ERROR [default] ChatAPI Result Exception: [ROOM_ALREADYEXISTS] ChatRoom already exists
2026-07-17 14:01:29,185 INFO  [default] CREATEROOM request received - creator: 24@SOE+SWG+SWG_NGE room: SOE+SWG+SWG_NGE
2026-07-17 14:01:29,185 ERROR [default] ChatAPI Result Exception: [ROOM_ALREADYEXISTS] ChatRoom already exists
2026-07-17 14:01:29,185 INFO  [default] CREATEROOM request received - creator: 24@SOE+SWG+SWG_NGE room: SOE+SWG+SWG_NGE
2026-07-17 14:01:29,185 ERROR [default] ChatAPI Result Exception: [ROOM_ALREADYEXISTS] ChatRoom already exists
2026-07-17 14:01:29,185 INFO  [default] CREATEROOM request received - creator: 24@SOE+SWG+SWG_NGE room: SOE+SWG+SWG_NGE
2026-07-17 14:01:29,185 INFO  [default] Creating room dathomir@SOE+SWG+SWG_NGE with attributes 0
2026-07-17 14:01:29,185 INFO  [default] CREATEROOM request received - creator: 24@SOE+SWG+SWG_NGE room: SOE+SWG+SWG_NGE+dathomir
2026-07-17 14:01:29,185 INFO  [default] Creating room Planet@SOE+SWG+SWG_NGE+dathomir with attributes 0
2026-07-17 14:01:29,185 INFO  [default] CREATEROOM request received - creator: 24@SOE+SWG+SWG_NGE room: SOE+SWG+SWG_NGE
2026-07-17 14:01:29,185 ERROR [default] ChatAPI Result Exception: [ROOM_ALREADYEXISTS] ChatRoom already exists
2026-07-17 14:01:29,185 INFO  [default] CREATEROOM request received - creator: 24@SOE+SWG+SWG_NGE room: SOE+SWG+SWG_NGE+dathomir
2026-07-17 14:01:29,185 INFO  [default] Creating room named@SOE+SWG+SWG_NGE+dathomir with attributes 0
2026-07-17 14:01:29,185 INFO  [default] CREATEROOM request received - creator: 24@SOE+SWG+SWG_NGE room: SOE+SWG+SWG_NGE+dathomir+named
2026-07-17 14:01:29,185 INFO  [default] Creating room Auction@SOE+SWG+SWG_NGE+dathomir+named with attributes 0
2026-07-17 14:01:29,185 INFO  [default] CREATEROOM request received - creator: 24@SOE+SWG+SWG_NGE room: SOE+SWG+SWG_NGE
2026-07-17 14:01:29,185 ERROR [default] ChatAPI Result Exception: [ROOM_ALREADYEXISTS] ChatRoom already exists
2026-07-17 14:01:29,185 INFO  [default] CREATEROOM request received - creator: 24@SOE+SWG+SWG_NGE room: SOE+SWG+SWG_NGE+dathomir
2026-07-17 14:01:29,185 ERROR [default] ChatAPI Result Exception: [ROOM_ALREADYEXISTS] ChatRoom already exists
2026-07-17 14:01:29,185 INFO  [default] CREATEROOM request received - creator: 24@SOE+SWG+SWG_NGE room: SOE+SWG+SWG_NGE+dathomir+named
2026-07-17 14:01:29,185 INFO  [default] Creating room Planet@SOE+SWG+SWG_NGE+dathomir+named with attributes 0
2026-07-17 14:01:29,185 INFO  [default] CREATEROOM request received - creator: 24@SOE+SWG+SWG_NGE room: SOE+SWG+SWG_NGE
2026-07-17 14:01:29,186 ERROR [default] ChatAPI Result Exception: [ROOM_ALREADYEXISTS] ChatRoom already exists
2026-07-17 14:01:29,186 INFO  [default] CREATEROOM request received - creator: 24@SOE+SWG+SWG_NGE room: SOE+SWG+SWG_NGE+dathomir
2026-07-17 14:01:29,186 ERROR [default] ChatAPI Result Exception: [ROOM_ALREADYEXISTS] ChatRoom already exists
2026-07-17 14:01:29,186 INFO  [default] CREATEROOM request received - creator: 24@SOE+SWG+SWG_NGE room: SOE+SWG+SWG_NGE
2026-07-17 14:01:29,186 ERROR [default] ChatAPI Result Exception: [ROOM_ALREADYEXISTS] ChatRoom already exists
2026-07-17 14:01:29,186 INFO  [default] CREATEROOM request received - creator: 24@SOE+SWG+SWG_NGE room: SOE+SWG+SWG_NGE+dathomir
2026-07-17 14:01:29,186 INFO  [default] Creating room Chat@SOE+SWG+SWG_NGE+dathomir with attributes 0
2026-07-17 14:01:29,186 INFO  [default] CREATEROOM request received - creator: 24@SOE+SWG+SWG_NGE room: SOE+SWG+SWG_NGE
2026-07-17 14:01:29,186 ERROR [default] ChatAPI Result Exception: [ROOM_ALREADYEXISTS] ChatRoom already exists
2026-07-17 14:01:29,186 INFO  [default] CREATEROOM request received - creator: 24@SOE+SWG+SWG_NGE room: SOE+SWG+SWG_NGE
2026-07-17 14:01:29,186 ERROR [default] ChatAPI Result Exception: [ROOM_ALREADYEXISTS] ChatRoom already exists
2026-07-17 14:01:29,186 INFO  [default] CREATEROOM request received - creator: 24@SOE+SWG+SWG_NGE room: SOE+SWG+SWG_NGE
2026-07-17 14:01:29,186 ERROR [default] ChatAPI Result Exception: [ROOM_ALREADYEXISTS] ChatRoom already exists
2026-07-17 14:01:29,186 INFO  [default] CREATEROOM request received - creator: 24@SOE+SWG+SWG_NGE room: SOE+SWG+SWG_NGE
2026-07-17 14:01:29,186 ERROR [default] ChatAPI Result Exception: [ROOM_ALREADYEXISTS] ChatRoom already exists
2026-07-17 14:01:29,186 INFO  [default] CREATEROOM request received - creator: 24@SOE+SWG+SWG_NGE room: SOE+SWG+SWG_NGE
2026-07-17 14:01:29,186 ERROR [default] ChatAPI Result Exception: [ROOM_ALREADYEXISTS] ChatRoom already exists
2026-07-17 14:01:29,186 INFO  [default] CREATEROOM request received - creator: 24@SOE+SWG+SWG_NGE room: SOE+SWG+SWG_NGE
2026-07-17 14:01:29,186 ERROR [default] ChatAPI Result Exception: [ROOM_ALREADYEXISTS] ChatRoom already exists
2026-07-17 14:01:29,186 INFO  [default] CREATEROOM request received - creator: 24@SOE+SWG+SWG_NGE room: SOE+SWG+SWG_NGE
2026-07-17 14:01:29,186 ERROR [default] ChatAPI Result Exception: [ROOM_ALREADYEXISTS] ChatRoom already exists
2026-07-17 14:01:29,189 INFO  [default] CREATEROOM request received - creator: 24@SOE+SWG+SWG_NGE room: SOE+SWG+SWG_NGE
2026-07-17 14:01:29,189 ERROR [default] ChatAPI Result Exception: [ROOM_ALREADYEXISTS] ChatRoom already exists
2026-07-17 14:01:29,189 INFO  [default] CREATEROOM request received - creator: 24@SOE+SWG+SWG_NGE room: SOE+SWG+SWG_NGE
2026-07-17 14:01:29,189 ERROR [default] ChatAPI Result Exception: [ROOM_ALREADYEXISTS] ChatRoom already exists
2026-07-17 14:01:29,189 INFO  [default] CREATEROOM request received - creator: 24@SOE+SWG+SWG_NGE room: SOE+SWG+SWG_NGE
2026-07-17 14:01:29,189 ERROR [default] ChatAPI Result Exception: [ROOM_ALREADYEXISTS] ChatRoom already exists
2026-07-17 14:01:29,189 INFO  [default] CREATEROOM request received - creator: 24@SOE+SWG+SWG_NGE room: SOE+SWG+SWG_NGE
2026-07-17 14:01:29,189 ERROR [default] ChatAPI Result Exception: [ROOM_ALREADYEXISTS] ChatRoom already exists
2026-07-17 14:01:29,189 INFO  [default] CREATEROOM request received - creator: 24@SOE+SWG+SWG_NGE room: SOE+SWG+SWG_NGE
2026-07-17 14:01:29,189 ERROR [default] ChatAPI Result Exception: [ROOM_ALREADYEXISTS] ChatRoom already exists
2026-07-17 14:01:29,189 INFO  [default] CREATEROOM request received - creator: 24@SOE+SWG+SWG_NGE room: SOE+SWG+SWG_NGE
2026-07-17 14:01:29,189 ERROR [default] ChatAPI Result Exception: [ROOM_ALREADYEXISTS] ChatRoom already exists
2026-07-17 14:01:29,189 INFO  [default] CREATEROOM request received - creator: 24@SOE+SWG+SWG_NGE room: SOE+SWG+SWG_NGE
2026-07-17 14:01:29,189 ERROR [default] ChatAPI Result Exception: [ROOM_ALREADYEXISTS] ChatRoom already exists
2026-07-17 14:01:29,189 INFO  [default] CREATEROOM request received - creator: 24@SOE+SWG+SWG_NGE room: SOE+SWG+SWG_NGE
2026-07-17 14:01:29,189 ERROR [default] ChatAPI Result Exception: [ROOM_ALREADYEXISTS] ChatRoom already exists
2026-07-17 14:01:29,189 INFO  [default] CREATEROOM request received - creator: 24@SOE+SWG+SWG_NGE room: SOE+SWG+SWG_NGE
2026-07-17 14:01:29,189 ERROR [default] ChatAPI Result Exception: [ROOM_ALREADYEXISTS] ChatRoom already exists
2026-07-17 14:01:29,190 INFO  [default] CREATEROOM request received - creator: 24@SOE+SWG+SWG_NGE room: SOE+SWG+SWG_NGE
2026-07-17 14:01:29,190 ERROR [default] ChatAPI Result Exception: [ROOM_ALREADYEXISTS] ChatRoom already exists
2026-07-17 14:01:29,190 INFO  [default] CREATEROOM request received - creator: 24@SOE+SWG+SWG_NGE room: SOE+SWG+SWG_NGE
2026-07-17 14:01:29,190 ERROR [default] ChatAPI Result Exception: [ROOM_ALREADYEXISTS] ChatRoom already exists
2026-07-17 14:01:29,190 INFO  [default] CREATEROOM request received - creator: 24@SOE+SWG+SWG_NGE room: SOE+SWG+SWG_NGE
2026-07-17 14:01:29,190 ERROR [default] ChatAPI Result Exception: [ROOM_ALREADYEXISTS] ChatRoom already exists
2026-07-17 14:01:29,190 INFO  [default] CREATEROOM request received - creator: 24@SOE+SWG+SWG_NGE room: SOE+SWG+SWG_NGE
2026-07-17 14:01:29,190 ERROR [default] ChatAPI Result Exception: [ROOM_ALREADYEXISTS] ChatRoom already exists
2026-07-17 14:01:29,190 INFO  [default] CREATEROOM request received - creator: 24@SOE+SWG+SWG_NGE room: SOE+SWG+SWG_NGE
2026-07-17 14:01:29,190 ERROR [default] ChatAPI Result Exception: [ROOM_ALREADYEXISTS] ChatRoom already exists
2026-07-17 14:01:29,190 INFO  [default] CREATEROOM request received - creator: 24@SOE+SWG+SWG_NGE room: SOE+SWG+SWG_NGE
2026-07-17 14:01:29,190 ERROR [default] ChatAPI Result Exception: [ROOM_ALREADYEXISTS] ChatRoom already exists
2026-07-17 14:01:29,190 INFO  [default] CREATEROOM request received - creator: 24@SOE+SWG+SWG_NGE room: SOE+SWG+SWG_NGE
2026-07-17 14:01:29,190 ERROR [default] ChatAPI Result Exception: [ROOM_ALREADYEXISTS] ChatRoom already exists
2026-07-17 14:01:29,190 INFO  [default] CREATEROOM request received - creator: 24@SOE+SWG+SWG_NGE room: SOE+SWG+SWG_NGE
2026-07-17 14:01:29,190 ERROR [default] ChatAPI Result Exception: [ROOM_ALREADYEXISTS] ChatRoom already exists
2026-07-17 14:01:29,190 INFO  [default] CREATEROOM request received - creator: 24@SOE+SWG+SWG_NGE room: SOE+SWG+SWG_NGE+dathomir
2026-07-17 14:01:29,190 ERROR [default] ChatAPI Result Exception: [ROOM_ALREADYEXISTS] ChatRoom already exists
2026-07-17 14:01:29,190 INFO  [default] CREATEROOM request received - creator: 24@SOE+SWG+SWG_NGE room: SOE+SWG+SWG_NGE
2026-07-17 14:01:29,190 ERROR [default] ChatAPI Result Exception: [ROOM_ALREADYEXISTS] ChatRoom already exists
2026-07-17 14:01:29,190 INFO  [default] CREATEROOM request received - creator: 24@SOE+SWG+SWG_NGE room: SOE+SWG+SWG_NGE+dathomir
2026-07-17 14:01:29,190 ERROR [default] ChatAPI Result Exception: [ROOM_ALREADYEXISTS] ChatRoom already exists
2026-07-17 14:01:29,190 INFO  [default] CREATEROOM request received - creator: 24@SOE+SWG+SWG_NGE room: SOE+SWG+SWG_NGE+dathomir+named
2026-07-17 14:01:29,190 ERROR [default] ChatAPI Result Exception: [ROOM_ALREADYEXISTS] ChatRoom already exists
2026-07-17 14:01:29,190 INFO  [default] CREATEROOM request received - creator: 24@SOE+SWG+SWG_NGE room: SOE+SWG+SWG_NGE
2026-07-17 14:01:29,190 ERROR [default] ChatAPI Result Exception: [ROOM_ALREADYEXISTS] ChatRoom already exists
2026-07-17 14:01:29,190 INFO  [default] CREATEROOM request received - creator: 24@SOE+SWG+SWG_NGE room: SOE+SWG+SWG_NGE+dathomir
2026-07-17 14:01:29,190 ERROR [default] ChatAPI Result Exception: [ROOM_ALREADYEXISTS] ChatRoom already exists
2026-07-17 14:01:29,190 INFO  [default] CREATEROOM request received - creator: 24@SOE+SWG+SWG_NGE room: SOE+SWG+SWG_NGE+dathomir+named
2026-07-17 14:01:29,190 ERROR [default] ChatAPI Result Exception: [ROOM_ALREADYEXISTS] ChatRoom already exists
2026-07-17 14:01:29,190 INFO  [default] CREATEROOM request received - creator: 24@SOE+SWG+SWG_NGE room: SOE+SWG+SWG_NGE
2026-07-17 14:01:29,190 ERROR [default] ChatAPI Result Exception: [ROOM_ALREADYEXISTS] ChatRoom already exists
2026-07-17 14:01:29,190 INFO  [default] CREATEROOM request received - creator: 24@SOE+SWG+SWG_NGE room: SOE+SWG+SWG_NGE+dathomir
2026-07-17 14:01:29,190 ERROR [default] ChatAPI Result Exception: [ROOM_ALREADYEXISTS] ChatRoom already exists
2026-07-17 14:01:29,190 INFO  [default] CREATEROOM request received - creator: 24@SOE+SWG+SWG_NGE room: SOE+SWG+SWG_NGE
2026-07-17 14:01:29,190 ERROR [default] ChatAPI Result Exception: [ROOM_ALREADYEXISTS] ChatRoom already exists
2026-07-17 14:01:29,190 INFO  [default] CREATEROOM request received - creator: 24@SOE+SWG+SWG_NGE room: SOE+SWG+SWG_NGE+dathomir
2026-07-17 14:01:29,190 ERROR [default] ChatAPI Result Exception: [ROOM_ALREADYEXISTS] ChatRoom already exists
     [exec] New chat server connection active
     [exec] New chat server connection active
2026-07-17 14:01:29,205 INFO  [default] CREATEROOM request received - creator: 24@SOE+SWG+SWG_NGE room: SOE+SWG+SWG_NGE
2026-07-17 14:01:29,205 ERROR [default] ChatAPI Result Exception: [ROOM_ALREADYEXISTS] ChatRoom already exists
2026-07-17 14:01:29,205 INFO  [default] CREATEROOM request received - creator: 24@SOE+SWG+SWG_NGE room: SOE+SWG+SWG_NGE
2026-07-17 14:01:29,205 ERROR [default] ChatAPI Result Exception: [ROOM_ALREADYEXISTS] ChatRoom already exists
2026-07-17 14:01:29,205 INFO  [default] CREATEROOM request received - creator: 24@SOE+SWG+SWG_NGE room: SOE+SWG+SWG_NGE
2026-07-17 14:01:29,205 ERROR [default] ChatAPI Result Exception: [ROOM_ALREADYEXISTS] ChatRoom already exists
2026-07-17 14:01:29,205 INFO  [default] CREATEROOM request received - creator: 24@SOE+SWG+SWG_NGE room: SOE+SWG+SWG_NGE
2026-07-17 14:01:29,205 ERROR [default] ChatAPI Result Exception: [ROOM_ALREADYEXISTS] ChatRoom already exists
2026-07-17 14:01:29,205 INFO  [default] CREATEROOM request received - creator: 24@SOE+SWG+SWG_NGE room: SOE+SWG+SWG_NGE
2026-07-17 14:01:29,205 ERROR [default] ChatAPI Result Exception: [ROOM_ALREADYEXISTS] ChatRoom already exists
2026-07-17 14:01:29,205 INFO  [default] CREATEROOM request received - creator: 24@SOE+SWG+SWG_NGE room: SOE+SWG+SWG_NGE
2026-07-17 14:01:29,205 ERROR [default] ChatAPI Result Exception: [ROOM_ALREADYEXISTS] ChatRoom already exists
2026-07-17 14:01:29,205 INFO  [default] CREATEROOM request received - creator: 24@SOE+SWG+SWG_NGE room: SOE+SWG+SWG_NGE
2026-07-17 14:01:29,205 ERROR [default] ChatAPI Result Exception: [ROOM_ALREADYEXISTS] ChatRoom already exists
2026-07-17 14:01:29,205 INFO  [default] CREATEROOM request received - creator: 24@SOE+SWG+SWG_NGE room: SOE+SWG+SWG_NGE
2026-07-17 14:01:29,205 ERROR [default] ChatAPI Result Exception: [ROOM_ALREADYEXISTS] ChatRoom already exists
2026-07-17 14:01:29,205 INFO  [default] CREATEROOM request received - creator: 24@SOE+SWG+SWG_NGE room: SOE+SWG+SWG_NGE
2026-07-17 14:01:29,205 ERROR [default] ChatAPI Result Exception: [ROOM_ALREADYEXISTS] ChatRoom already exists
2026-07-17 14:01:29,205 INFO  [default] CREATEROOM request received - creator: 24@SOE+SWG+SWG_NGE room: SOE+SWG+SWG_NGE
2026-07-17 14:01:29,205 ERROR [default] ChatAPI Result Exception: [ROOM_ALREADYEXISTS] ChatRoom already exists
2026-07-17 14:01:29,205 INFO  [default] CREATEROOM request received - creator: 24@SOE+SWG+SWG_NGE room: SOE+SWG+SWG_NGE
2026-07-17 14:01:29,205 ERROR [default] ChatAPI Result Exception: [ROOM_ALREADYEXISTS] ChatRoom already exists
2026-07-17 14:01:29,269 INFO  [default] CREATEROOM request received - creator: 24@SOE+SWG+SWG_NGE room: SOE+SWG+SWG_NGE
2026-07-17 14:01:29,269 ERROR [default] ChatAPI Result Exception: [ROOM_ALREADYEXISTS] ChatRoom already exists
2026-07-17 14:01:29,269 INFO  [default] CREATEROOM request received - creator: 24@SOE+SWG+SWG_NGE room: SOE+SWG+SWG_NGE
2026-07-17 14:01:29,269 ERROR [default] ChatAPI Result Exception: [ROOM_ALREADYEXISTS] ChatRoom already exists
2026-07-17 14:01:29,269 INFO  [default] CREATEROOM request received - creator: 24@SOE+SWG+SWG_NGE room: SOE+SWG+SWG_NGE
2026-07-17 14:01:29,269 ERROR [default] ChatAPI Result Exception: [ROOM_ALREADYEXISTS] ChatRoom already exists
2026-07-17 14:01:29,269 INFO  [default] CREATEROOM request received - creator: 24@SOE+SWG+SWG_NGE room: SOE+SWG+SWG_NGE
2026-07-17 14:01:29,269 ERROR [default] ChatAPI Result Exception: [ROOM_ALREADYEXISTS] ChatRoom already exists
2026-07-17 14:01:29,269 INFO  [default] CREATEROOM request received - creator: 24@SOE+SWG+SWG_NGE room: SOE+SWG+SWG_NGE
2026-07-17 14:01:29,269 ERROR [default] ChatAPI Result Exception: [ROOM_ALREADYEXISTS] ChatRoom already exists
2026-07-17 14:01:29,269 INFO  [default] CREATEROOM request received - creator: 24@SOE+SWG+SWG_NGE room: SOE+SWG+SWG_NGE
2026-07-17 14:01:29,269 ERROR [default] ChatAPI Result Exception: [ROOM_ALREADYEXISTS] ChatRoom already exists
2026-07-17 14:01:29,269 INFO  [default] CREATEROOM request received - creator: 24@SOE+SWG+SWG_NGE room: SOE+SWG+SWG_NGE
2026-07-17 14:01:29,269 ERROR [default] ChatAPI Result Exception: [ROOM_ALREADYEXISTS] ChatRoom already exists
2026-07-17 14:01:29,269 INFO  [default] CREATEROOM request received - creator: 24@SOE+SWG+SWG_NGE room: SOE+SWG+SWG_NGE
2026-07-17 14:01:29,269 ERROR [default] ChatAPI Result Exception: [ROOM_ALREADYEXISTS] ChatRoom already exists
2026-07-17 14:01:29,269 INFO  [default] CREATEROOM request received - creator: 24@SOE+SWG+SWG_NGE room: SOE+SWG+SWG_NGE
2026-07-17 14:01:29,269 ERROR [default] ChatAPI Result Exception: [ROOM_ALREADYEXISTS] ChatRoom already exists
2026-07-17 14:01:29,269 INFO  [default] CREATEROOM request received - creator: 24@SOE+SWG+SWG_NGE room: SOE+SWG+SWG_NGE
2026-07-17 14:01:29,269 ERROR [default] ChatAPI Result Exception: [ROOM_ALREADYEXISTS] ChatRoom already exists
2026-07-17 14:01:29,269 INFO  [default] CREATEROOM request received - creator: 24@SOE+SWG+SWG_NGE room: SOE+SWG+SWG_NGE
2026-07-17 14:01:29,269 ERROR [default] ChatAPI Result Exception: [ROOM_ALREADYEXISTS] ChatRoom already exists
2026-07-17 14:01:29,269 INFO  [default] CREATEROOM request received - creator: 24@SOE+SWG+SWG_NGE room: SOE+SWG+SWG_NGE
2026-07-17 14:01:29,269 ERROR [default] ChatAPI Result Exception: [ROOM_ALREADYEXISTS] ChatRoom already exists
2026-07-17 14:01:29,270 INFO  [default] CREATEROOM request received - creator: 24@SOE+SWG+SWG_NGE room: SOE+SWG+SWG_NGE
2026-07-17 14:01:29,270 INFO  [default] Creating room mustafar@SOE+SWG+SWG_NGE with attributes 0
2026-07-17 14:01:29,270 INFO  [default] CREATEROOM request received - creator: 24@SOE+SWG+SWG_NGE room: SOE+SWG+SWG_NGE+mustafar
2026-07-17 14:01:29,270 INFO  [default] Creating room Planet@SOE+SWG+SWG_NGE+mustafar with attributes 0
2026-07-17 14:01:29,270 INFO  [default] CREATEROOM request received - creator: 24@SOE+SWG+SWG_NGE room: SOE+SWG+SWG_NGE
2026-07-17 14:01:29,270 ERROR [default] ChatAPI Result Exception: [ROOM_ALREADYEXISTS] ChatRoom already exists
2026-07-17 14:01:29,270 INFO  [default] CREATEROOM request received - creator: 24@SOE+SWG+SWG_NGE room: SOE+SWG+SWG_NGE+mustafar
2026-07-17 14:01:29,270 INFO  [default] Creating room named@SOE+SWG+SWG_NGE+mustafar with attributes 0
2026-07-17 14:01:29,270 INFO  [default] CREATEROOM request received - creator: 24@SOE+SWG+SWG_NGE room: SOE+SWG+SWG_NGE+mustafar+named
2026-07-17 14:01:29,270 INFO  [default] Creating room Auction@SOE+SWG+SWG_NGE+mustafar+named with attributes 0
2026-07-17 14:01:29,270 INFO  [default] CREATEROOM request received - creator: 24@SOE+SWG+SWG_NGE room: SOE+SWG+SWG_NGE
2026-07-17 14:01:29,270 ERROR [default] ChatAPI Result Exception: [ROOM_ALREADYEXISTS] ChatRoom already exists
2026-07-17 14:01:29,270 INFO  [default] CREATEROOM request received - creator: 24@SOE+SWG+SWG_NGE room: SOE+SWG+SWG_NGE+mustafar
2026-07-17 14:01:29,270 ERROR [default] ChatAPI Result Exception: [ROOM_ALREADYEXISTS] ChatRoom already exists
2026-07-17 14:01:29,270 INFO  [default] CREATEROOM request received - creator: 24@SOE+SWG+SWG_NGE room: SOE+SWG+SWG_NGE+mustafar+named
2026-07-17 14:01:29,270 INFO  [default] Creating room Planet@SOE+SWG+SWG_NGE+mustafar+named with attributes 0
2026-07-17 14:01:29,270 INFO  [default] CREATEROOM request received - creator: 24@SOE+SWG+SWG_NGE room: SOE+SWG+SWG_NGE
2026-07-17 14:01:29,270 ERROR [default] ChatAPI Result Exception: [ROOM_ALREADYEXISTS] ChatRoom already exists
2026-07-17 14:01:29,270 INFO  [default] CREATEROOM request received - creator: 24@SOE+SWG+SWG_NGE room: SOE+SWG+SWG_NGE+mustafar
2026-07-17 14:01:29,270 ERROR [default] ChatAPI Result Exception: [ROOM_ALREADYEXISTS] ChatRoom already exists
2026-07-17 14:01:29,270 INFO  [default] CREATEROOM request received - creator: 24@SOE+SWG+SWG_NGE room: SOE+SWG+SWG_NGE
2026-07-17 14:01:29,270 ERROR [default] ChatAPI Result Exception: [ROOM_ALREADYEXISTS] ChatRoom already exists
2026-07-17 14:01:29,270 INFO  [default] CREATEROOM request received - creator: 24@SOE+SWG+SWG_NGE room: SOE+SWG+SWG_NGE+mustafar
2026-07-17 14:01:29,270 INFO  [default] Creating room Chat@SOE+SWG+SWG_NGE+mustafar with attributes 0
2026-07-17 14:01:29,270 INFO  [default] CREATEROOM request received - creator: 24@SOE+SWG+SWG_NGE room: SOE+SWG+SWG_NGE
2026-07-17 14:01:29,270 ERROR [default] ChatAPI Result Exception: [ROOM_ALREADYEXISTS] ChatRoom already exists
2026-07-17 14:01:29,270 INFO  [default] CREATEROOM request received - creator: 24@SOE+SWG+SWG_NGE room: SOE+SWG+SWG_NGE
2026-07-17 14:01:29,270 ERROR [default] ChatAPI Result Exception: [ROOM_ALREADYEXISTS] ChatRoom already exists
2026-07-17 14:01:29,270 INFO  [default] CREATEROOM request received - creator: 24@SOE+SWG+SWG_NGE room: SOE+SWG+SWG_NGE
2026-07-17 14:01:29,270 ERROR [default] ChatAPI Result Exception: [ROOM_ALREADYEXISTS] ChatRoom already exists
2026-07-17 14:01:29,270 INFO  [default] CREATEROOM request received - creator: 24@SOE+SWG+SWG_NGE room: SOE+SWG+SWG_NGE
2026-07-17 14:01:29,270 ERROR [default] ChatAPI Result Exception: [ROOM_ALREADYEXISTS] ChatRoom already exists
2026-07-17 14:01:29,270 INFO  [default] CREATEROOM request received - creator: 24@SOE+SWG+SWG_NGE room: SOE+SWG+SWG_NGE
2026-07-17 14:01:29,270 ERROR [default] ChatAPI Result Exception: [ROOM_ALREADYEXISTS] ChatRoom already exists
2026-07-17 14:01:29,270 INFO  [default] CREATEROOM request received - creator: 24@SOE+SWG+SWG_NGE room: SOE+SWG+SWG_NGE
2026-07-17 14:01:29,270 ERROR [default] ChatAPI Result Exception: [ROOM_ALREADYEXISTS] ChatRoom already exists
2026-07-17 14:01:29,270 INFO  [default] CREATEROOM request received - creator: 24@SOE+SWG+SWG_NGE room: SOE+SWG+SWG_NGE
2026-07-17 14:01:29,270 ERROR [default] ChatAPI Result Exception: [ROOM_ALREADYEXISTS] ChatRoom already exists
2026-07-17 14:01:29,281 INFO  [default] CREATEROOM request received - creator: 24@SOE+SWG+SWG_NGE room: SOE+SWG+SWG_NGE
2026-07-17 14:01:29,281 ERROR [default] ChatAPI Result Exception: [ROOM_ALREADYEXISTS] ChatRoom already exists
2026-07-17 14:01:29,281 INFO  [default] CREATEROOM request received - creator: 24@SOE+SWG+SWG_NGE room: SOE+SWG+SWG_NGE
2026-07-17 14:01:29,281 ERROR [default] ChatAPI Result Exception: [ROOM_ALREADYEXISTS] ChatRoom already exists
2026-07-17 14:01:29,281 INFO  [default] CREATEROOM request received - creator: 24@SOE+SWG+SWG_NGE room: SOE+SWG+SWG_NGE
2026-07-17 14:01:29,281 ERROR [default] ChatAPI Result Exception: [ROOM_ALREADYEXISTS] ChatRoom already exists
2026-07-17 14:01:29,281 INFO  [default] CREATEROOM request received - creator: 24@SOE+SWG+SWG_NGE room: SOE+SWG+SWG_NGE
2026-07-17 14:01:29,281 ERROR [default] ChatAPI Result Exception: [ROOM_ALREADYEXISTS] ChatRoom already exists
2026-07-17 14:01:29,281 INFO  [default] CREATEROOM request received - creator: 24@SOE+SWG+SWG_NGE room: SOE+SWG+SWG_NGE
2026-07-17 14:01:29,281 ERROR [default] ChatAPI Result Exception: [ROOM_ALREADYEXISTS] ChatRoom already exists
2026-07-17 14:01:29,281 INFO  [default] CREATEROOM request received - creator: 24@SOE+SWG+SWG_NGE room: SOE+SWG+SWG_NGE
2026-07-17 14:01:29,281 ERROR [default] ChatAPI Result Exception: [ROOM_ALREADYEXISTS] ChatRoom already exists
2026-07-17 14:01:29,281 INFO  [default] CREATEROOM request received - creator: 24@SOE+SWG+SWG_NGE room: SOE+SWG+SWG_NGE
2026-07-17 14:01:29,281 ERROR [default] ChatAPI Result Exception: [ROOM_ALREADYEXISTS] ChatRoom already exists
2026-07-17 14:01:29,281 INFO  [default] CREATEROOM request received - creator: 24@SOE+SWG+SWG_NGE room: SOE+SWG+SWG_NGE
2026-07-17 14:01:29,281 ERROR [default] ChatAPI Result Exception: [ROOM_ALREADYEXISTS] ChatRoom already exists
2026-07-17 14:01:29,281 INFO  [default] CREATEROOM request received - creator: 24@SOE+SWG+SWG_NGE room: SOE+SWG+SWG_NGE
2026-07-17 14:01:29,281 ERROR [default] ChatAPI Result Exception: [ROOM_ALREADYEXISTS] ChatRoom already exists
2026-07-17 14:01:29,281 INFO  [default] CREATEROOM request received - creator: 24@SOE+SWG+SWG_NGE room: SOE+SWG+SWG_NGE
2026-07-17 14:01:29,281 ERROR [default] ChatAPI Result Exception: [ROOM_ALREADYEXISTS] ChatRoom already exists
2026-07-17 14:01:29,281 INFO  [default] CREATEROOM request received - creator: 24@SOE+SWG+SWG_NGE room: SOE+SWG+SWG_NGE
2026-07-17 14:01:29,281 ERROR [default] ChatAPI Result Exception: [ROOM_ALREADYEXISTS] ChatRoom already exists
2026-07-17 14:01:29,281 INFO  [default] CREATEROOM request received - creator: 24@SOE+SWG+SWG_NGE room: SOE+SWG+SWG_NGE
2026-07-17 14:01:29,281 ERROR [default] ChatAPI Result Exception: [ROOM_ALREADYEXISTS] ChatRoom already exists
2026-07-17 14:01:29,281 INFO  [default] CREATEROOM request received - creator: 24@SOE+SWG+SWG_NGE room: SOE+SWG+SWG_NGE
2026-07-17 14:01:29,281 ERROR [default] ChatAPI Result Exception: [ROOM_ALREADYEXISTS] ChatRoom already exists
2026-07-17 14:01:29,281 INFO  [default] CREATEROOM request received - creator: 24@SOE+SWG+SWG_NGE room: SOE+SWG+SWG_NGE
2026-07-17 14:01:29,281 ERROR [default] ChatAPI Result Exception: [ROOM_ALREADYEXISTS] ChatRoom already exists
2026-07-17 14:01:29,281 INFO  [default] CREATEROOM request received - creator: 24@SOE+SWG+SWG_NGE room: SOE+SWG+SWG_NGE
2026-07-17 14:01:29,281 ERROR [default] ChatAPI Result Exception: [ROOM_ALREADYEXISTS] ChatRoom already exists
2026-07-17 14:01:29,281 INFO  [default] CREATEROOM request received - creator: 24@SOE+SWG+SWG_NGE room: SOE+SWG+SWG_NGE
2026-07-17 14:01:29,281 ERROR [default] ChatAPI Result Exception: [ROOM_ALREADYEXISTS] ChatRoom already exists
2026-07-17 14:01:29,281 INFO  [default] CREATEROOM request received - creator: 24@SOE+SWG+SWG_NGE room: SOE+SWG+SWG_NGE
2026-07-17 14:01:29,281 ERROR [default] ChatAPI Result Exception: [ROOM_ALREADYEXISTS] ChatRoom already exists
2026-07-17 14:01:29,281 INFO  [default] CREATEROOM request received - creator: 24@SOE+SWG+SWG_NGE room: SOE+SWG+SWG_NGE+mustafar
2026-07-17 14:01:29,281 ERROR [default] ChatAPI Result Exception: [ROOM_ALREADYEXISTS] ChatRoom already exists
2026-07-17 14:01:29,281 INFO  [default] CREATEROOM request received - creator: 24@SOE+SWG+SWG_NGE room: SOE+SWG+SWG_NGE
2026-07-17 14:01:29,282 ERROR [default] ChatAPI Result Exception: [ROOM_ALREADYEXISTS] ChatRoom already exists
2026-07-17 14:01:29,282 INFO  [default] CREATEROOM request received - creator: 24@SOE+SWG+SWG_NGE room: SOE+SWG+SWG_NGE+mustafar
2026-07-17 14:01:29,282 ERROR [default] ChatAPI Result Exception: [ROOM_ALREADYEXISTS] ChatRoom already exists
2026-07-17 14:01:29,282 INFO  [default] CREATEROOM request received - creator: 24@SOE+SWG+SWG_NGE room: SOE+SWG+SWG_NGE+mustafar+named
2026-07-17 14:01:29,282 ERROR [default] ChatAPI Result Exception: [ROOM_ALREADYEXISTS] ChatRoom already exists
2026-07-17 14:01:29,282 INFO  [default] CREATEROOM request received - creator: 24@SOE+SWG+SWG_NGE room: SOE+SWG+SWG_NGE
2026-07-17 14:01:29,282 ERROR [default] ChatAPI Result Exception: [ROOM_ALREADYEXISTS] ChatRoom already exists
2026-07-17 14:01:29,282 INFO  [default] CREATEROOM request received - creator: 24@SOE+SWG+SWG_NGE room: SOE+SWG+SWG_NGE+mustafar
2026-07-17 14:01:29,282 ERROR [default] ChatAPI Result Exception: [ROOM_ALREADYEXISTS] ChatRoom already exists
2026-07-17 14:01:29,282 INFO  [default] CREATEROOM request received - creator: 24@SOE+SWG+SWG_NGE room: SOE+SWG+SWG_NGE+mustafar+named
2026-07-17 14:01:29,282 ERROR [default] ChatAPI Result Exception: [ROOM_ALREADYEXISTS] ChatRoom already exists
2026-07-17 14:01:29,282 INFO  [default] CREATEROOM request received - creator: 24@SOE+SWG+SWG_NGE room: SOE+SWG+SWG_NGE
2026-07-17 14:01:29,282 ERROR [default] ChatAPI Result Exception: [ROOM_ALREADYEXISTS] ChatRoom already exists
2026-07-17 14:01:29,282 INFO  [default] CREATEROOM request received - creator: 24@SOE+SWG+SWG_NGE room: SOE+SWG+SWG_NGE+mustafar
2026-07-17 14:01:29,282 ERROR [default] ChatAPI Result Exception: [ROOM_ALREADYEXISTS] ChatRoom already exists
2026-07-17 14:01:29,282 INFO  [default] CREATEROOM request received - creator: 24@SOE+SWG+SWG_NGE room: SOE+SWG+SWG_NGE
2026-07-17 14:01:29,282 ERROR [default] ChatAPI Result Exception: [ROOM_ALREADYEXISTS] ChatRoom already exists
2026-07-17 14:01:29,282 INFO  [default] CREATEROOM request received - creator: 24@SOE+SWG+SWG_NGE room: SOE+SWG+SWG_NGE+mustafar
2026-07-17 14:01:29,282 ERROR [default] ChatAPI Result Exception: [ROOM_ALREADYEXISTS] ChatRoom already exists
2026-07-17 14:01:29,282 INFO  [default] CREATEROOM request received - creator: 24@SOE+SWG+SWG_NGE room: SOE+SWG+SWG_NGE
2026-07-17 14:01:29,282 ERROR [default] ChatAPI Result Exception: [ROOM_ALREADYEXISTS] ChatRoom already exists
2026-07-17 14:01:29,282 INFO  [default] CREATEROOM request received - creator: 24@SOE+SWG+SWG_NGE room: SOE+SWG+SWG_NGE
2026-07-17 14:01:29,282 ERROR [default] ChatAPI Result Exception: [ROOM_ALREADYEXISTS] ChatRoom already exists
2026-07-17 14:01:29,282 INFO  [default] CREATEROOM request received - creator: 24@SOE+SWG+SWG_NGE room: SOE+SWG+SWG_NGE
2026-07-17 14:01:29,282 ERROR [default] ChatAPI Result Exception: [ROOM_ALREADYEXISTS] ChatRoom already exists
2026-07-17 14:01:29,282 INFO  [default] CREATEROOM request received - creator: 24@SOE+SWG+SWG_NGE room: SOE+SWG+SWG_NGE
2026-07-17 14:01:29,282 ERROR [default] ChatAPI Result Exception: [ROOM_ALREADYEXISTS] ChatRoom already exists
2026-07-17 14:01:29,282 INFO  [default] CREATEROOM request received - creator: 24@SOE+SWG+SWG_NGE room: SOE+SWG+SWG_NGE
2026-07-17 14:01:29,282 ERROR [default] ChatAPI Result Exception: [ROOM_ALREADYEXISTS] ChatRoom already exists
2026-07-17 14:01:29,282 INFO  [default] CREATEROOM request received - creator: 24@SOE+SWG+SWG_NGE room: SOE+SWG+SWG_NGE
2026-07-17 14:01:29,282 ERROR [default] ChatAPI Result Exception: [ROOM_ALREADYEXISTS] ChatRoom already exists
2026-07-17 14:01:29,282 INFO  [default] CREATEROOM request received - creator: 24@SOE+SWG+SWG_NGE room: SOE+SWG+SWG_NGE
2026-07-17 14:01:29,282 ERROR [default] ChatAPI Result Exception: [ROOM_ALREADYEXISTS] ChatRoom already exists
2026-07-17 14:01:29,282 INFO  [default] CREATEROOM request received - creator: 24@SOE+SWG+SWG_NGE room: SOE+SWG+SWG_NGE
2026-07-17 14:01:29,282 ERROR [default] ChatAPI Result Exception: [ROOM_ALREADYEXISTS] ChatRoom already exists
2026-07-17 14:01:29,282 INFO  [default] CREATEROOM request received - creator: 24@SOE+SWG+SWG_NGE room: SOE+SWG+SWG_NGE
2026-07-17 14:01:29,282 ERROR [default] ChatAPI Result Exception: [ROOM_ALREADYEXISTS] ChatRoom already exists
2026-07-17 14:01:29,282 INFO  [default] CREATEROOM request received - creator: 24@SOE+SWG+SWG_NGE room: SOE+SWG+SWG_NGE
2026-07-17 14:01:29,282 ERROR [default] ChatAPI Result Exception: [ROOM_ALREADYEXISTS] ChatRoom already exists
2026-07-17 14:01:29,282 INFO  [default] CREATEROOM request received - creator: 24@SOE+SWG+SWG_NGE room: SOE+SWG+SWG_NGE
2026-07-17 14:01:29,282 ERROR [default] ChatAPI Result Exception: [ROOM_ALREADYEXISTS] ChatRoom already exists
2026-07-17 14:01:29,282 INFO  [default] CREATEROOM request received - creator: 24@SOE+SWG+SWG_NGE room: SOE+SWG+SWG_NGE
2026-07-17 14:01:29,282 ERROR [default] ChatAPI Result Exception: [ROOM_ALREADYEXISTS] ChatRoom already exists
2026-07-17 14:01:29,282 INFO  [default] CREATEROOM request received - creator: 24@SOE+SWG+SWG_NGE room: SOE+SWG+SWG_NGE
2026-07-17 14:01:29,283 ERROR [default] ChatAPI Result Exception: [ROOM_ALREADYEXISTS] ChatRoom already exists
2026-07-17 14:01:29,283 INFO  [default] CREATEROOM request received - creator: 24@SOE+SWG+SWG_NGE room: SOE+SWG+SWG_NGE
2026-07-17 14:01:29,283 ERROR [default] ChatAPI Result Exception: [ROOM_ALREADYEXISTS] ChatRoom already exists
2026-07-17 14:01:29,283 INFO  [default] CREATEROOM request received - creator: 24@SOE+SWG+SWG_NGE room: SOE+SWG+SWG_NGE
2026-07-17 14:01:29,283 ERROR [default] ChatAPI Result Exception: [ROOM_ALREADYEXISTS] ChatRoom already exists
2026-07-17 14:01:29,283 INFO  [default] CREATEROOM request received - creator: 24@SOE+SWG+SWG_NGE room: SOE+SWG+SWG_NGE
2026-07-17 14:01:29,283 ERROR [default] ChatAPI Result Exception: [ROOM_ALREADYEXISTS] ChatRoom already exists
2026-07-17 14:01:29,283 INFO  [default] CREATEROOM request received - creator: 24@SOE+SWG+SWG_NGE room: SOE+SWG+SWG_NGE
2026-07-17 14:01:29,283 ERROR [default] ChatAPI Result Exception: [ROOM_ALREADYEXISTS] ChatRoom already exists
2026-07-17 14:01:29,283 INFO  [default] CREATEROOM request received - creator: 24@SOE+SWG+SWG_NGE room: SOE+SWG+SWG_NGE
2026-07-17 14:01:29,283 ERROR [default] ChatAPI Result Exception: [ROOM_ALREADYEXISTS] ChatRoom already exists
2026-07-17 14:01:29,283 INFO  [default] CREATEROOM request received - creator: 24@SOE+SWG+SWG_NGE room: SOE+SWG+SWG_NGE
2026-07-17 14:01:29,283 ERROR [default] ChatAPI Result Exception: [ROOM_ALREADYEXISTS] ChatRoom already exists
2026-07-17 14:01:29,283 INFO  [default] CREATEROOM request received - creator: 24@SOE+SWG+SWG_NGE room: SOE+SWG+SWG_NGE
2026-07-17 14:01:29,283 ERROR [default] ChatAPI Result Exception: [ROOM_ALREADYEXISTS] ChatRoom already exists
2026-07-17 14:01:29,283 INFO  [default] CREATEROOM request received - creator: 24@SOE+SWG+SWG_NGE room: SOE+SWG+SWG_NGE
2026-07-17 14:01:29,283 ERROR [default] ChatAPI Result Exception: [ROOM_ALREADYEXISTS] ChatRoom already exists
2026-07-17 14:01:29,283 INFO  [default] CREATEROOM request received - creator: 24@SOE+SWG+SWG_NGE room: SOE+SWG+SWG_NGE
2026-07-17 14:01:29,283 ERROR [default] ChatAPI Result Exception: [ROOM_ALREADYEXISTS] ChatRoom already exists
2026-07-17 14:01:29,283 INFO  [default] CREATEROOM request received - creator: 24@SOE+SWG+SWG_NGE room: SOE+SWG+SWG_NGE
2026-07-17 14:01:29,283 ERROR [default] ChatAPI Result Exception: [ROOM_ALREADYEXISTS] ChatRoom already exists
2026-07-17 14:01:29,283 INFO  [default] CREATEROOM request received - creator: 24@SOE+SWG+SWG_NGE room: SOE+SWG+SWG_NGE
2026-07-17 14:01:29,283 INFO  [default] Creating room lok@SOE+SWG+SWG_NGE with attributes 0
2026-07-17 14:01:29,283 INFO  [default] CREATEROOM request received - creator: 24@SOE+SWG+SWG_NGE room: SOE+SWG+SWG_NGE+lok
2026-07-17 14:01:29,283 INFO  [default] Creating room Planet@SOE+SWG+SWG_NGE+lok with attributes 0
2026-07-17 14:01:29,283 INFO  [default] CREATEROOM request received - creator: 24@SOE+SWG+SWG_NGE room: SOE+SWG+SWG_NGE
2026-07-17 14:01:29,283 ERROR [default] ChatAPI Result Exception: [ROOM_ALREADYEXISTS] ChatRoom already exists
2026-07-17 14:01:29,283 INFO  [default] CREATEROOM request received - creator: 24@SOE+SWG+SWG_NGE room: SOE+SWG+SWG_NGE+lok
2026-07-17 14:01:29,283 INFO  [default] Creating room named@SOE+SWG+SWG_NGE+lok with attributes 0
2026-07-17 14:01:29,283 INFO  [default] CREATEROOM request received - creator: 24@SOE+SWG+SWG_NGE room: SOE+SWG+SWG_NGE+lok+named
2026-07-17 14:01:29,283 INFO  [default] Creating room Auction@SOE+SWG+SWG_NGE+lok+named with attributes 0
2026-07-17 14:01:29,283 INFO  [default] CREATEROOM request received - creator: 24@SOE+SWG+SWG_NGE room: SOE+SWG+SWG_NGE
2026-07-17 14:01:29,283 ERROR [default] ChatAPI Result Exception: [ROOM_ALREADYEXISTS] ChatRoom already exists
2026-07-17 14:01:29,283 INFO  [default] CREATEROOM request received - creator: 24@SOE+SWG+SWG_NGE room: SOE+SWG+SWG_NGE+lok
2026-07-17 14:01:29,283 ERROR [default] ChatAPI Result Exception: [ROOM_ALREADYEXISTS] ChatRoom already exists
2026-07-17 14:01:29,283 INFO  [default] CREATEROOM request received - creator: 24@SOE+SWG+SWG_NGE room: SOE+SWG+SWG_NGE+lok+named
2026-07-17 14:01:29,283 INFO  [default] Creating room Planet@SOE+SWG+SWG_NGE+lok+named with attributes 0
2026-07-17 14:01:29,284 INFO  [default] CREATEROOM request received - creator: 24@SOE+SWG+SWG_NGE room: SOE+SWG+SWG_NGE
2026-07-17 14:01:29,284 ERROR [default] ChatAPI Result Exception: [ROOM_ALREADYEXISTS] ChatRoom already exists
2026-07-17 14:01:29,284 INFO  [default] CREATEROOM request received - creator: 24@SOE+SWG+SWG_NGE room: SOE+SWG+SWG_NGE+lok
2026-07-17 14:01:29,284 ERROR [default] ChatAPI Result Exception: [ROOM_ALREADYEXISTS] ChatRoom already exists
2026-07-17 14:01:29,284 INFO  [default] CREATEROOM request received - creator: 24@SOE+SWG+SWG_NGE room: SOE+SWG+SWG_NGE
2026-07-17 14:01:29,284 ERROR [default] ChatAPI Result Exception: [ROOM_ALREADYEXISTS] ChatRoom already exists
2026-07-17 14:01:29,284 INFO  [default] CREATEROOM request received - creator: 24@SOE+SWG+SWG_NGE room: SOE+SWG+SWG_NGE+lok
2026-07-17 14:01:29,284 INFO  [default] Creating room Chat@SOE+SWG+SWG_NGE+lok with attributes 0
2026-07-17 14:01:29,284 INFO  [default] CREATEROOM request received - creator: 24@SOE+SWG+SWG_NGE room: SOE+SWG+SWG_NGE
2026-07-17 14:01:29,284 ERROR [default] ChatAPI Result Exception: [ROOM_ALREADYEXISTS] ChatRoom already exists
2026-07-17 14:01:29,284 INFO  [default] CREATEROOM request received - creator: 24@SOE+SWG+SWG_NGE room: SOE+SWG+SWG_NGE
2026-07-17 14:01:29,284 ERROR [default] ChatAPI Result Exception: [ROOM_ALREADYEXISTS] ChatRoom already exists
2026-07-17 14:01:29,285 INFO  [default] CREATEROOM request received - creator: 24@SOE+SWG+SWG_NGE room: SOE+SWG+SWG_NGE
2026-07-17 14:01:29,285 ERROR [default] ChatAPI Result Exception: [ROOM_ALREADYEXISTS] ChatRoom already exists
2026-07-17 14:01:29,285 INFO  [default] CREATEROOM request received - creator: 24@SOE+SWG+SWG_NGE room: SOE+SWG+SWG_NGE
2026-07-17 14:01:29,285 ERROR [default] ChatAPI Result Exception: [ROOM_ALREADYEXISTS] ChatRoom already exists
2026-07-17 14:01:29,285 INFO  [default] CREATEROOM request received - creator: 24@SOE+SWG+SWG_NGE room: SOE+SWG+SWG_NGE
2026-07-17 14:01:29,285 ERROR [default] ChatAPI Result Exception: [ROOM_ALREADYEXISTS] ChatRoom already exists
2026-07-17 14:01:29,285 INFO  [default] CREATEROOM request received - creator: 24@SOE+SWG+SWG_NGE room: SOE+SWG+SWG_NGE
2026-07-17 14:01:29,285 ERROR [default] ChatAPI Result Exception: [ROOM_ALREADYEXISTS] ChatRoom already exists
2026-07-17 14:01:29,285 INFO  [default] CREATEROOM request received - creator: 24@SOE+SWG+SWG_NGE room: SOE+SWG+SWG_NGE
2026-07-17 14:01:29,285 ERROR [default] ChatAPI Result Exception: [ROOM_ALREADYEXISTS] ChatRoom already exists
2026-07-17 14:01:29,285 INFO  [default] CREATEROOM request received - creator: 24@SOE+SWG+SWG_NGE room: SOE+SWG+SWG_NGE
2026-07-17 14:01:29,285 ERROR [default] ChatAPI Result Exception: [ROOM_ALREADYEXISTS] ChatRoom already exists
2026-07-17 14:01:29,285 INFO  [default] CREATEROOM request received - creator: 24@SOE+SWG+SWG_NGE room: SOE+SWG+SWG_NGE
2026-07-17 14:01:29,285 ERROR [default] ChatAPI Result Exception: [ROOM_ALREADYEXISTS] ChatRoom already exists
2026-07-17 14:01:29,291 INFO  [default] CREATEROOM request received - creator: 24@SOE+SWG+SWG_NGE room: SOE+SWG+SWG_NGE
2026-07-17 14:01:29,291 ERROR [default] ChatAPI Result Exception: [ROOM_ALREADYEXISTS] ChatRoom already exists
2026-07-17 14:01:29,291 INFO  [default] CREATEROOM request received - creator: 24@SOE+SWG+SWG_NGE room: SOE+SWG+SWG_NGE
2026-07-17 14:01:29,291 ERROR [default] ChatAPI Result Exception: [ROOM_ALREADYEXISTS] ChatRoom already exists
2026-07-17 14:01:29,291 INFO  [default] CREATEROOM request received - creator: 24@SOE+SWG+SWG_NGE room: SOE+SWG+SWG_NGE
2026-07-17 14:01:29,291 ERROR [default] ChatAPI Result Exception: [ROOM_ALREADYEXISTS] ChatRoom already exists
2026-07-17 14:01:29,291 INFO  [default] CREATEROOM request received - creator: 24@SOE+SWG+SWG_NGE room: SOE+SWG+SWG_NGE
2026-07-17 14:01:29,291 ERROR [default] ChatAPI Result Exception: [ROOM_ALREADYEXISTS] ChatRoom already exists
2026-07-17 14:01:29,291 INFO  [default] CREATEROOM request received - creator: 24@SOE+SWG+SWG_NGE room: SOE+SWG+SWG_NGE
2026-07-17 14:01:29,291 ERROR [default] ChatAPI Result Exception: [ROOM_ALREADYEXISTS] ChatRoom already exists
2026-07-17 14:01:29,291 INFO  [default] CREATEROOM request received - creator: 24@SOE+SWG+SWG_NGE room: SOE+SWG+SWG_NGE
2026-07-17 14:01:29,291 ERROR [default] ChatAPI Result Exception: [ROOM_ALREADYEXISTS] ChatRoom already exists
2026-07-17 14:01:29,291 INFO  [default] CREATEROOM request received - creator: 24@SOE+SWG+SWG_NGE room: SOE+SWG+SWG_NGE
2026-07-17 14:01:29,291 ERROR [default] ChatAPI Result Exception: [ROOM_ALREADYEXISTS] ChatRoom already exists
2026-07-17 14:01:29,291 INFO  [default] CREATEROOM request received - creator: 24@SOE+SWG+SWG_NGE room: SOE+SWG+SWG_NGE
2026-07-17 14:01:29,291 ERROR [default] ChatAPI Result Exception: [ROOM_ALREADYEXISTS] ChatRoom already exists
2026-07-17 14:01:29,291 INFO  [default] CREATEROOM request received - creator: 24@SOE+SWG+SWG_NGE room: SOE+SWG+SWG_NGE
2026-07-17 14:01:29,291 ERROR [default] ChatAPI Result Exception: [ROOM_ALREADYEXISTS] ChatRoom already exists
2026-07-17 14:01:29,291 INFO  [default] CREATEROOM request received - creator: 24@SOE+SWG+SWG_NGE room: SOE+SWG+SWG_NGE
2026-07-17 14:01:29,291 ERROR [default] ChatAPI Result Exception: [ROOM_ALREADYEXISTS] ChatRoom already exists
2026-07-17 14:01:29,291 INFO  [default] CREATEROOM request received - creator: 24@SOE+SWG+SWG_NGE room: SOE+SWG+SWG_NGE
2026-07-17 14:01:29,291 ERROR [default] ChatAPI Result Exception: [ROOM_ALREADYEXISTS] ChatRoom already exists
2026-07-17 14:01:29,291 INFO  [default] CREATEROOM request received - creator: 24@SOE+SWG+SWG_NGE room: SOE+SWG+SWG_NGE
2026-07-17 14:01:29,291 ERROR [default] ChatAPI Result Exception: [ROOM_ALREADYEXISTS] ChatRoom already exists
2026-07-17 14:01:29,291 INFO  [default] CREATEROOM request received - creator: 24@SOE+SWG+SWG_NGE room: SOE+SWG+SWG_NGE
2026-07-17 14:01:29,291 ERROR [default] ChatAPI Result Exception: [ROOM_ALREADYEXISTS] ChatRoom already exists
2026-07-17 14:01:29,291 INFO  [default] CREATEROOM request received - creator: 24@SOE+SWG+SWG_NGE room: SOE+SWG+SWG_NGE
2026-07-17 14:01:29,291 ERROR [default] ChatAPI Result Exception: [ROOM_ALREADYEXISTS] ChatRoom already exists
2026-07-17 14:01:29,291 INFO  [default] CREATEROOM request received - creator: 24@SOE+SWG+SWG_NGE room: SOE+SWG+SWG_NGE
2026-07-17 14:01:29,291 ERROR [default] ChatAPI Result Exception: [ROOM_ALREADYEXISTS] ChatRoom already exists
2026-07-17 14:01:29,291 INFO  [default] CREATEROOM request received - creator: 24@SOE+SWG+SWG_NGE room: SOE+SWG+SWG_NGE+lok
2026-07-17 14:01:29,291 ERROR [default] ChatAPI Result Exception: [ROOM_ALREADYEXISTS] ChatRoom already exists
2026-07-17 14:01:29,291 INFO  [default] CREATEROOM request received - creator: 24@SOE+SWG+SWG_NGE room: SOE+SWG+SWG_NGE
2026-07-17 14:01:29,291 ERROR [default] ChatAPI Result Exception: [ROOM_ALREADYEXISTS] ChatRoom already exists
2026-07-17 14:01:29,291 INFO  [default] CREATEROOM request received - creator: 24@SOE+SWG+SWG_NGE room: SOE+SWG+SWG_NGE+lok
2026-07-17 14:01:29,291 ERROR [default] ChatAPI Result Exception: [ROOM_ALREADYEXISTS] ChatRoom already exists
2026-07-17 14:01:29,291 INFO  [default] CREATEROOM request received - creator: 24@SOE+SWG+SWG_NGE room: SOE+SWG+SWG_NGE+lok+named
2026-07-17 14:01:29,292 ERROR [default] ChatAPI Result Exception: [ROOM_ALREADYEXISTS] ChatRoom already exists
2026-07-17 14:01:29,292 INFO  [default] CREATEROOM request received - creator: 24@SOE+SWG+SWG_NGE room: SOE+SWG+SWG_NGE
2026-07-17 14:01:29,292 ERROR [default] ChatAPI Result Exception: [ROOM_ALREADYEXISTS] ChatRoom already exists
2026-07-17 14:01:29,292 INFO  [default] CREATEROOM request received - creator: 24@SOE+SWG+SWG_NGE room: SOE+SWG+SWG_NGE+lok
2026-07-17 14:01:29,292 ERROR [default] ChatAPI Result Exception: [ROOM_ALREADYEXISTS] ChatRoom already exists
2026-07-17 14:01:29,292 INFO  [default] CREATEROOM request received - creator: 24@SOE+SWG+SWG_NGE room: SOE+SWG+SWG_NGE+lok+named
2026-07-17 14:01:29,292 ERROR [default] ChatAPI Result Exception: [ROOM_ALREADYEXISTS] ChatRoom already exists
2026-07-17 14:01:29,292 INFO  [default] CREATEROOM request received - creator: 24@SOE+SWG+SWG_NGE room: SOE+SWG+SWG_NGE
2026-07-17 14:01:29,292 ERROR [default] ChatAPI Result Exception: [ROOM_ALREADYEXISTS] ChatRoom already exists
2026-07-17 14:01:29,292 INFO  [default] CREATEROOM request received - creator: 24@SOE+SWG+SWG_NGE room: SOE+SWG+SWG_NGE+lok
2026-07-17 14:01:29,292 ERROR [default] ChatAPI Result Exception: [ROOM_ALREADYEXISTS] ChatRoom already exists
2026-07-17 14:01:29,292 INFO  [default] CREATEROOM request received - creator: 24@SOE+SWG+SWG_NGE room: SOE+SWG+SWG_NGE
2026-07-17 14:01:29,292 ERROR [default] ChatAPI Result Exception: [ROOM_ALREADYEXISTS] ChatRoom already exists
2026-07-17 14:01:29,292 INFO  [default] CREATEROOM request received - creator: 24@SOE+SWG+SWG_NGE room: SOE+SWG+SWG_NGE+lok
2026-07-17 14:01:29,292 ERROR [default] ChatAPI Result Exception: [ROOM_ALREADYEXISTS] ChatRoom already exists
     [exec] New chat server connection active
     [exec] New Game Server connection active
2026-07-17 14:01:29,431 INFO  [default] CREATEROOM request received - creator: 24@SOE+SWG+SWG_NGE room: SOE+SWG+SWG_NGE
2026-07-17 14:01:29,431 ERROR [default] ChatAPI Result Exception: [ROOM_ALREADYEXISTS] ChatRoom already exists
2026-07-17 14:01:29,431 INFO  [default] CREATEROOM request received - creator: 24@SOE+SWG+SWG_NGE room: SOE+SWG+SWG_NGE
2026-07-17 14:01:29,431 ERROR [default] ChatAPI Result Exception: [ROOM_ALREADYEXISTS] ChatRoom already exists
2026-07-17 14:01:29,431 INFO  [default] CREATEROOM request received - creator: 24@SOE+SWG+SWG_NGE room: SOE+SWG+SWG_NGE
2026-07-17 14:01:29,431 ERROR [default] ChatAPI Result Exception: [ROOM_ALREADYEXISTS] ChatRoom already exists
2026-07-17 14:01:29,431 INFO  [default] CREATEROOM request received - creator: 24@SOE+SWG+SWG_NGE room: SOE+SWG+SWG_NGE
2026-07-17 14:01:29,431 ERROR [default] ChatAPI Result Exception: [ROOM_ALREADYEXISTS] ChatRoom already exists
2026-07-17 14:01:29,431 INFO  [default] CREATEROOM request received - creator: 24@SOE+SWG+SWG_NGE room: SOE+SWG+SWG_NGE
2026-07-17 14:01:29,431 ERROR [default] ChatAPI Result Exception: [ROOM_ALREADYEXISTS] ChatRoom already exists
2026-07-17 14:01:29,431 INFO  [default] CREATEROOM request received - creator: 24@SOE+SWG+SWG_NGE room: SOE+SWG+SWG_NGE
2026-07-17 14:01:29,431 ERROR [default] ChatAPI Result Exception: [ROOM_ALREADYEXISTS] ChatRoom already exists
2026-07-17 14:01:29,431 INFO  [default] CREATEROOM request received - creator: 24@SOE+SWG+SWG_NGE room: SOE+SWG+SWG_NGE
2026-07-17 14:01:29,431 ERROR [default] ChatAPI Result Exception: [ROOM_ALREADYEXISTS] ChatRoom already exists
2026-07-17 14:01:29,432 INFO  [default] CREATEROOM request received - creator: 24@SOE+SWG+SWG_NGE room: SOE+SWG+SWG_NGE
2026-07-17 14:01:29,433 ERROR [default] ChatAPI Result Exception: [ROOM_ALREADYEXISTS] ChatRoom already exists
2026-07-17 14:01:29,433 INFO  [default] CREATEROOM request received - creator: 24@SOE+SWG+SWG_NGE room: SOE+SWG+SWG_NGE
2026-07-17 14:01:29,433 ERROR [default] ChatAPI Result Exception: [ROOM_ALREADYEXISTS] ChatRoom already exists
2026-07-17 14:01:29,433 INFO  [default] CREATEROOM request received - creator: 24@SOE+SWG+SWG_NGE room: SOE+SWG+SWG_NGE
2026-07-17 14:01:29,433 ERROR [default] ChatAPI Result Exception: [ROOM_ALREADYEXISTS] ChatRoom already exists
2026-07-17 14:01:29,433 INFO  [default] CREATEROOM request received - creator: 24@SOE+SWG+SWG_NGE room: SOE+SWG+SWG_NGE
2026-07-17 14:01:29,433 ERROR [default] ChatAPI Result Exception: [ROOM_ALREADYEXISTS] ChatRoom already exists
2026-07-17 14:01:29,488 INFO  [default] CREATEROOM request received - creator: 24@SOE+SWG+SWG_NGE room: SOE+SWG+SWG_NGE
2026-07-17 14:01:29,488 ERROR [default] ChatAPI Result Exception: [ROOM_ALREADYEXISTS] ChatRoom already exists
2026-07-17 14:01:29,488 INFO  [default] CREATEROOM request received - creator: 24@SOE+SWG+SWG_NGE room: SOE+SWG+SWG_NGE
2026-07-17 14:01:29,488 ERROR [default] ChatAPI Result Exception: [ROOM_ALREADYEXISTS] ChatRoom already exists
2026-07-17 14:01:29,488 INFO  [default] CREATEROOM request received - creator: 24@SOE+SWG+SWG_NGE room: SOE+SWG+SWG_NGE
2026-07-17 14:01:29,488 ERROR [default] ChatAPI Result Exception: [ROOM_ALREADYEXISTS] ChatRoom already exists
2026-07-17 14:01:29,488 INFO  [default] CREATEROOM request received - creator: 24@SOE+SWG+SWG_NGE room: SOE+SWG+SWG_NGE
2026-07-17 14:01:29,488 ERROR [default] ChatAPI Result Exception: [ROOM_ALREADYEXISTS] ChatRoom already exists
2026-07-17 14:01:29,488 INFO  [default] CREATEROOM request received - creator: 24@SOE+SWG+SWG_NGE room: SOE+SWG+SWG_NGE
2026-07-17 14:01:29,488 ERROR [default] ChatAPI Result Exception: [ROOM_ALREADYEXISTS] ChatRoom already exists
2026-07-17 14:01:29,488 INFO  [default] CREATEROOM request received - creator: 24@SOE+SWG+SWG_NGE room: SOE+SWG+SWG_NGE
2026-07-17 14:01:29,488 ERROR [default] ChatAPI Result Exception: [ROOM_ALREADYEXISTS] ChatRoom already exists
2026-07-17 14:01:29,488 INFO  [default] CREATEROOM request received - creator: 24@SOE+SWG+SWG_NGE room: SOE+SWG+SWG_NGE
2026-07-17 14:01:29,488 ERROR [default] ChatAPI Result Exception: [ROOM_ALREADYEXISTS] ChatRoom already exists
2026-07-17 14:01:29,488 INFO  [default] CREATEROOM request received - creator: 24@SOE+SWG+SWG_NGE room: SOE+SWG+SWG_NGE
2026-07-17 14:01:29,488 ERROR [default] ChatAPI Result Exception: [ROOM_ALREADYEXISTS] ChatRoom already exists
2026-07-17 14:01:29,488 INFO  [default] CREATEROOM request received - creator: 24@SOE+SWG+SWG_NGE room: SOE+SWG+SWG_NGE
2026-07-17 14:01:29,488 ERROR [default] ChatAPI Result Exception: [ROOM_ALREADYEXISTS] ChatRoom already exists
2026-07-17 14:01:29,488 INFO  [default] CREATEROOM request received - creator: 24@SOE+SWG+SWG_NGE room: SOE+SWG+SWG_NGE
2026-07-17 14:01:29,488 ERROR [default] ChatAPI Result Exception: [ROOM_ALREADYEXISTS] ChatRoom already exists
2026-07-17 14:01:29,488 INFO  [default] CREATEROOM request received - creator: 24@SOE+SWG+SWG_NGE room: SOE+SWG+SWG_NGE
2026-07-17 14:01:29,488 ERROR [default] ChatAPI Result Exception: [ROOM_ALREADYEXISTS] ChatRoom already exists
2026-07-17 14:01:29,488 INFO  [default] CREATEROOM request received - creator: 24@SOE+SWG+SWG_NGE room: SOE+SWG+SWG_NGE
2026-07-17 14:01:29,488 ERROR [default] ChatAPI Result Exception: [ROOM_ALREADYEXISTS] ChatRoom already exists
2026-07-17 14:01:29,488 INFO  [default] CREATEROOM request received - creator: 24@SOE+SWG+SWG_NGE room: SOE+SWG+SWG_NGE
2026-07-17 14:01:29,488 INFO  [default] Creating room tatooine@SOE+SWG+SWG_NGE with attributes 0
2026-07-17 14:01:29,488 INFO  [default] CREATEROOM request received - creator: 24@SOE+SWG+SWG_NGE room: SOE+SWG+SWG_NGE+tatooine
2026-07-17 14:01:29,488 INFO  [default] Creating room Planet@SOE+SWG+SWG_NGE+tatooine with attributes 0
2026-07-17 14:01:29,488 INFO  [default] CREATEROOM request received - creator: 24@SOE+SWG+SWG_NGE room: SOE+SWG+SWG_NGE
2026-07-17 14:01:29,488 ERROR [default] ChatAPI Result Exception: [ROOM_ALREADYEXISTS] ChatRoom already exists
2026-07-17 14:01:29,489 INFO  [default] CREATEROOM request received - creator: 24@SOE+SWG+SWG_NGE room: SOE+SWG+SWG_NGE+tatooine
2026-07-17 14:01:29,489 INFO  [default] Creating room named@SOE+SWG+SWG_NGE+tatooine with attributes 0
2026-07-17 14:01:29,489 INFO  [default] CREATEROOM request received - creator: 24@SOE+SWG+SWG_NGE room: SOE+SWG+SWG_NGE+tatooine+named
2026-07-17 14:01:29,489 INFO  [default] Creating room Auction@SOE+SWG+SWG_NGE+tatooine+named with attributes 0
2026-07-17 14:01:29,489 INFO  [default] CREATEROOM request received - creator: 24@SOE+SWG+SWG_NGE room: SOE+SWG+SWG_NGE
2026-07-17 14:01:29,489 ERROR [default] ChatAPI Result Exception: [ROOM_ALREADYEXISTS] ChatRoom already exists
2026-07-17 14:01:29,489 INFO  [default] CREATEROOM request received - creator: 24@SOE+SWG+SWG_NGE room: SOE+SWG+SWG_NGE+tatooine
2026-07-17 14:01:29,489 ERROR [default] ChatAPI Result Exception: [ROOM_ALREADYEXISTS] ChatRoom already exists
2026-07-17 14:01:29,489 INFO  [default] CREATEROOM request received - creator: 24@SOE+SWG+SWG_NGE room: SOE+SWG+SWG_NGE+tatooine+named
2026-07-17 14:01:29,489 INFO  [default] Creating room Planet@SOE+SWG+SWG_NGE+tatooine+named with attributes 0
2026-07-17 14:01:29,489 INFO  [default] CREATEROOM request received - creator: 24@SOE+SWG+SWG_NGE room: SOE+SWG+SWG_NGE
2026-07-17 14:01:29,489 ERROR [default] ChatAPI Result Exception: [ROOM_ALREADYEXISTS] ChatRoom already exists
2026-07-17 14:01:29,489 INFO  [default] CREATEROOM request received - creator: 24@SOE+SWG+SWG_NGE room: SOE+SWG+SWG_NGE+tatooine
2026-07-17 14:01:29,489 ERROR [default] ChatAPI Result Exception: [ROOM_ALREADYEXISTS] ChatRoom already exists
2026-07-17 14:01:29,489 INFO  [default] CREATEROOM request received - creator: 24@SOE+SWG+SWG_NGE room: SOE+SWG+SWG_NGE
2026-07-17 14:01:29,489 ERROR [default] ChatAPI Result Exception: [ROOM_ALREADYEXISTS] ChatRoom already exists
2026-07-17 14:01:29,489 INFO  [default] CREATEROOM request received - creator: 24@SOE+SWG+SWG_NGE room: SOE+SWG+SWG_NGE+tatooine
2026-07-17 14:01:29,489 INFO  [default] Creating room Chat@SOE+SWG+SWG_NGE+tatooine with attributes 0
2026-07-17 14:01:29,489 INFO  [default] CREATEROOM request received - creator: 24@SOE+SWG+SWG_NGE room: SOE+SWG+SWG_NGE
2026-07-17 14:01:29,489 ERROR [default] ChatAPI Result Exception: [ROOM_ALREADYEXISTS] ChatRoom already exists
2026-07-17 14:01:29,489 INFO  [default] CREATEROOM request received - creator: 24@SOE+SWG+SWG_NGE room: SOE+SWG+SWG_NGE
2026-07-17 14:01:29,489 ERROR [default] ChatAPI Result Exception: [ROOM_ALREADYEXISTS] ChatRoom already exists
2026-07-17 14:01:29,489 INFO  [default] CREATEROOM request received - creator: 24@SOE+SWG+SWG_NGE room: SOE+SWG+SWG_NGE
2026-07-17 14:01:29,489 ERROR [default] ChatAPI Result Exception: [ROOM_ALREADYEXISTS] ChatRoom already exists
2026-07-17 14:01:29,489 INFO  [default] CREATEROOM request received - creator: 24@SOE+SWG+SWG_NGE room: SOE+SWG+SWG_NGE
2026-07-17 14:01:29,489 ERROR [default] ChatAPI Result Exception: [ROOM_ALREADYEXISTS] ChatRoom already exists
2026-07-17 14:01:29,489 INFO  [default] CREATEROOM request received - creator: 24@SOE+SWG+SWG_NGE room: SOE+SWG+SWG_NGE
2026-07-17 14:01:29,489 ERROR [default] ChatAPI Result Exception: [ROOM_ALREADYEXISTS] ChatRoom already exists
2026-07-17 14:01:29,489 INFO  [default] CREATEROOM request received - creator: 24@SOE+SWG+SWG_NGE room: SOE+SWG+SWG_NGE
2026-07-17 14:01:29,489 ERROR [default] ChatAPI Result Exception: [ROOM_ALREADYEXISTS] ChatRoom already exists
2026-07-17 14:01:29,489 INFO  [default] CREATEROOM request received - creator: 24@SOE+SWG+SWG_NGE room: SOE+SWG+SWG_NGE
2026-07-17 14:01:29,489 ERROR [default] ChatAPI Result Exception: [ROOM_ALREADYEXISTS] ChatRoom already exists
2026-07-17 14:01:29,491 INFO  [default] CREATEROOM request received - creator: 24@SOE+SWG+SWG_NGE room: SOE+SWG+SWG_NGE
2026-07-17 14:01:29,491 ERROR [default] ChatAPI Result Exception: [ROOM_ALREADYEXISTS] ChatRoom already exists
2026-07-17 14:01:29,491 INFO  [default] CREATEROOM request received - creator: 24@SOE+SWG+SWG_NGE room: SOE+SWG+SWG_NGE
2026-07-17 14:01:29,491 ERROR [default] ChatAPI Result Exception: [ROOM_ALREADYEXISTS] ChatRoom already exists
2026-07-17 14:01:29,491 INFO  [default] CREATEROOM request received - creator: 24@SOE+SWG+SWG_NGE room: SOE+SWG+SWG_NGE
2026-07-17 14:01:29,491 ERROR [default] ChatAPI Result Exception: [ROOM_ALREADYEXISTS] ChatRoom already exists
2026-07-17 14:01:29,491 INFO  [default] CREATEROOM request received - creator: 24@SOE+SWG+SWG_NGE room: SOE+SWG+SWG_NGE
2026-07-17 14:01:29,491 ERROR [default] ChatAPI Result Exception: [ROOM_ALREADYEXISTS] ChatRoom already exists
2026-07-17 14:01:29,491 INFO  [default] CREATEROOM request received - creator: 24@SOE+SWG+SWG_NGE room: SOE+SWG+SWG_NGE
2026-07-17 14:01:29,491 ERROR [default] ChatAPI Result Exception: [ROOM_ALREADYEXISTS] ChatRoom already exists
2026-07-17 14:01:29,491 INFO  [default] CREATEROOM request received - creator: 24@SOE+SWG+SWG_NGE room: SOE+SWG+SWG_NGE
2026-07-17 14:01:29,491 ERROR [default] ChatAPI Result Exception: [ROOM_ALREADYEXISTS] ChatRoom already exists
2026-07-17 14:01:29,491 INFO  [default] CREATEROOM request received - creator: 24@SOE+SWG+SWG_NGE room: SOE+SWG+SWG_NGE
2026-07-17 14:01:29,491 ERROR [default] ChatAPI Result Exception: [ROOM_ALREADYEXISTS] ChatRoom already exists
2026-07-17 14:01:29,491 INFO  [default] CREATEROOM request received - creator: 24@SOE+SWG+SWG_NGE room: SOE+SWG+SWG_NGE
2026-07-17 14:01:29,491 ERROR [default] ChatAPI Result Exception: [ROOM_ALREADYEXISTS] ChatRoom already exists
2026-07-17 14:01:29,491 INFO  [default] CREATEROOM request received - creator: 24@SOE+SWG+SWG_NGE room: SOE+SWG+SWG_NGE
2026-07-17 14:01:29,491 ERROR [default] ChatAPI Result Exception: [ROOM_ALREADYEXISTS] ChatRoom already exists
2026-07-17 14:01:29,491 INFO  [default] CREATEROOM request received - creator: 24@SOE+SWG+SWG_NGE room: SOE+SWG+SWG_NGE
2026-07-17 14:01:29,491 ERROR [default] ChatAPI Result Exception: [ROOM_ALREADYEXISTS] ChatRoom already exists
2026-07-17 14:01:29,491 INFO  [default] CREATEROOM request received - creator: 24@SOE+SWG+SWG_NGE room: SOE+SWG+SWG_NGE
2026-07-17 14:01:29,491 ERROR [default] ChatAPI Result Exception: [ROOM_ALREADYEXISTS] ChatRoom already exists
2026-07-17 14:01:29,491 INFO  [default] CREATEROOM request received - creator: 24@SOE+SWG+SWG_NGE room: SOE+SWG+SWG_NGE
2026-07-17 14:01:29,491 ERROR [default] ChatAPI Result Exception: [ROOM_ALREADYEXISTS] ChatRoom already exists
2026-07-17 14:01:29,491 INFO  [default] CREATEROOM request received - creator: 24@SOE+SWG+SWG_NGE room: SOE+SWG+SWG_NGE
2026-07-17 14:01:29,491 ERROR [default] ChatAPI Result Exception: [ROOM_ALREADYEXISTS] ChatRoom already exists
2026-07-17 14:01:29,491 INFO  [default] CREATEROOM request received - creator: 24@SOE+SWG+SWG_NGE room: SOE+SWG+SWG_NGE
2026-07-17 14:01:29,491 ERROR [default] ChatAPI Result Exception: [ROOM_ALREADYEXISTS] ChatRoom already exists
2026-07-17 14:01:29,491 INFO  [default] CREATEROOM request received - creator: 24@SOE+SWG+SWG_NGE room: SOE+SWG+SWG_NGE
2026-07-17 14:01:29,491 ERROR [default] ChatAPI Result Exception: [ROOM_ALREADYEXISTS] ChatRoom already exists
2026-07-17 14:01:29,491 INFO  [default] CREATEROOM request received - creator: 24@SOE+SWG+SWG_NGE room: SOE+SWG+SWG_NGE
2026-07-17 14:01:29,491 ERROR [default] ChatAPI Result Exception: [ROOM_ALREADYEXISTS] ChatRoom already exists
2026-07-17 14:01:29,491 INFO  [default] CREATEROOM request received - creator: 24@SOE+SWG+SWG_NGE room: SOE+SWG+SWG_NGE
2026-07-17 14:01:29,491 ERROR [default] ChatAPI Result Exception: [ROOM_ALREADYEXISTS] ChatRoom already exists
2026-07-17 14:01:29,491 INFO  [default] CREATEROOM request received - creator: 24@SOE+SWG+SWG_NGE room: SOE+SWG+SWG_NGE+tatooine
2026-07-17 14:01:29,491 ERROR [default] ChatAPI Result Exception: [ROOM_ALREADYEXISTS] ChatRoom already exists
2026-07-17 14:01:29,491 INFO  [default] CREATEROOM request received - creator: 24@SOE+SWG+SWG_NGE room: SOE+SWG+SWG_NGE
2026-07-17 14:01:29,491 ERROR [default] ChatAPI Result Exception: [ROOM_ALREADYEXISTS] ChatRoom already exists
2026-07-17 14:01:29,491 INFO  [default] CREATEROOM request received - creator: 24@SOE+SWG+SWG_NGE room: SOE+SWG+SWG_NGE+tatooine
2026-07-17 14:01:29,491 ERROR [default] ChatAPI Result Exception: [ROOM_ALREADYEXISTS] ChatRoom already exists
2026-07-17 14:01:29,491 INFO  [default] CREATEROOM request received - creator: 24@SOE+SWG+SWG_NGE room: SOE+SWG+SWG_NGE+tatooine+named
2026-07-17 14:01:29,491 ERROR [default] ChatAPI Result Exception: [ROOM_ALREADYEXISTS] ChatRoom already exists
2026-07-17 14:01:29,492 INFO  [default] CREATEROOM request received - creator: 24@SOE+SWG+SWG_NGE room: SOE+SWG+SWG_NGE
2026-07-17 14:01:29,492 ERROR [default] ChatAPI Result Exception: [ROOM_ALREADYEXISTS] ChatRoom already exists
2026-07-17 14:01:29,492 INFO  [default] CREATEROOM request received - creator: 24@SOE+SWG+SWG_NGE room: SOE+SWG+SWG_NGE+tatooine
2026-07-17 14:01:29,492 ERROR [default] ChatAPI Result Exception: [ROOM_ALREADYEXISTS] ChatRoom already exists
2026-07-17 14:01:29,492 INFO  [default] CREATEROOM request received - creator: 24@SOE+SWG+SWG_NGE room: SOE+SWG+SWG_NGE+tatooine+named
2026-07-17 14:01:29,492 ERROR [default] ChatAPI Result Exception: [ROOM_ALREADYEXISTS] ChatRoom already exists
2026-07-17 14:01:29,492 INFO  [default] CREATEROOM request received - creator: 24@SOE+SWG+SWG_NGE room: SOE+SWG+SWG_NGE
2026-07-17 14:01:29,492 ERROR [default] ChatAPI Result Exception: [ROOM_ALREADYEXISTS] ChatRoom already exists
2026-07-17 14:01:29,492 INFO  [default] CREATEROOM request received - creator: 24@SOE+SWG+SWG_NGE room: SOE+SWG+SWG_NGE+tatooine
2026-07-17 14:01:29,492 ERROR [default] ChatAPI Result Exception: [ROOM_ALREADYEXISTS] ChatRoom already exists
2026-07-17 14:01:29,492 INFO  [default] CREATEROOM request received - creator: 24@SOE+SWG+SWG_NGE room: SOE+SWG+SWG_NGE
2026-07-17 14:01:29,492 ERROR [default] ChatAPI Result Exception: [ROOM_ALREADYEXISTS] ChatRoom already exists
2026-07-17 14:01:29,492 INFO  [default] CREATEROOM request received - creator: 24@SOE+SWG+SWG_NGE room: SOE+SWG+SWG_NGE+tatooine
2026-07-17 14:01:29,492 ERROR [default] ChatAPI Result Exception: [ROOM_ALREADYEXISTS] ChatRoom already exists
2026-07-17 14:01:29,492 INFO  [default] CREATEROOM request received - creator: 24@SOE+SWG+SWG_NGE room: SOE+SWG+SWG_NGE
2026-07-17 14:01:29,492 ERROR [default] ChatAPI Result Exception: [ROOM_ALREADYEXISTS] ChatRoom already exists
2026-07-17 14:01:29,492 INFO  [default] CREATEROOM request received - creator: 24@SOE+SWG+SWG_NGE room: SOE+SWG+SWG_NGE
2026-07-17 14:01:29,492 ERROR [default] ChatAPI Result Exception: [ROOM_ALREADYEXISTS] ChatRoom already exists
2026-07-17 14:01:29,492 INFO  [default] CREATEROOM request received - creator: 24@SOE+SWG+SWG_NGE room: SOE+SWG+SWG_NGE
2026-07-17 14:01:29,492 ERROR [default] ChatAPI Result Exception: [ROOM_ALREADYEXISTS] ChatRoom already exists
2026-07-17 14:01:29,492 INFO  [default] CREATEROOM request received - creator: 24@SOE+SWG+SWG_NGE room: SOE+SWG+SWG_NGE
2026-07-17 14:01:29,492 ERROR [default] ChatAPI Result Exception: [ROOM_ALREADYEXISTS] ChatRoom already exists
2026-07-17 14:01:29,492 INFO  [default] CREATEROOM request received - creator: 24@SOE+SWG+SWG_NGE room: SOE+SWG+SWG_NGE
2026-07-17 14:01:29,492 ERROR [default] ChatAPI Result Exception: [ROOM_ALREADYEXISTS] ChatRoom already exists
2026-07-17 14:01:29,492 INFO  [default] CREATEROOM request received - creator: 24@SOE+SWG+SWG_NGE room: SOE+SWG+SWG_NGE
2026-07-17 14:01:29,492 ERROR [default] ChatAPI Result Exception: [ROOM_ALREADYEXISTS] ChatRoom already exists
2026-07-17 14:01:29,492 INFO  [default] CREATEROOM request received - creator: 24@SOE+SWG+SWG_NGE room: SOE+SWG+SWG_NGE
2026-07-17 14:01:29,492 ERROR [default] ChatAPI Result Exception: [ROOM_ALREADYEXISTS] ChatRoom already exists
2026-07-17 14:01:29,492 INFO  [default] CREATEROOM request received - creator: 24@SOE+SWG+SWG_NGE room: SOE+SWG+SWG_NGE
2026-07-17 14:01:29,492 ERROR [default] ChatAPI Result Exception: [ROOM_ALREADYEXISTS] ChatRoom already exists
2026-07-17 14:01:29,492 INFO  [default] CREATEROOM request received - creator: 24@SOE+SWG+SWG_NGE room: SOE+SWG+SWG_NGE
2026-07-17 14:01:29,492 ERROR [default] ChatAPI Result Exception: [ROOM_ALREADYEXISTS] ChatRoom already exists
2026-07-17 14:01:29,492 INFO  [default] CREATEROOM request received - creator: 24@SOE+SWG+SWG_NGE room: SOE+SWG+SWG_NGE
2026-07-17 14:01:29,492 ERROR [default] ChatAPI Result Exception: [ROOM_ALREADYEXISTS] ChatRoom already exists
2026-07-17 14:01:29,492 INFO  [default] CREATEROOM request received - creator: 24@SOE+SWG+SWG_NGE room: SOE+SWG+SWG_NGE
2026-07-17 14:01:29,492 ERROR [default] ChatAPI Result Exception: [ROOM_ALREADYEXISTS] ChatRoom already exists
2026-07-17 14:01:29,492 INFO  [default] CREATEROOM request received - creator: 24@SOE+SWG+SWG_NGE room: SOE+SWG+SWG_NGE
2026-07-17 14:01:29,492 ERROR [default] ChatAPI Result Exception: [ROOM_ALREADYEXISTS] ChatRoom already exists
2026-07-17 14:01:29,492 INFO  [default] CREATEROOM request received - creator: 24@SOE+SWG+SWG_NGE room: SOE+SWG+SWG_NGE
2026-07-17 14:01:29,492 ERROR [default] ChatAPI Result Exception: [ROOM_ALREADYEXISTS] ChatRoom already exists
2026-07-17 14:01:29,492 INFO  [default] CREATEROOM request received - creator: 24@SOE+SWG+SWG_NGE room: SOE+SWG+SWG_NGE
2026-07-17 14:01:29,492 ERROR [default] ChatAPI Result Exception: [ROOM_ALREADYEXISTS] ChatRoom already exists
2026-07-17 14:01:29,492 INFO  [default] CREATEROOM request received - creator: 24@SOE+SWG+SWG_NGE room: SOE+SWG+SWG_NGE
2026-07-17 14:01:29,492 ERROR [default] ChatAPI Result Exception: [ROOM_ALREADYEXISTS] ChatRoom already exists
2026-07-17 14:01:29,492 INFO  [default] CREATEROOM request received - creator: 24@SOE+SWG+SWG_NGE room: SOE+SWG+SWG_NGE
2026-07-17 14:01:29,492 ERROR [default] ChatAPI Result Exception: [ROOM_ALREADYEXISTS] ChatRoom already exists
2026-07-17 14:01:29,492 INFO  [default] CREATEROOM request received - creator: 24@SOE+SWG+SWG_NGE room: SOE+SWG+SWG_NGE
2026-07-17 14:01:29,492 ERROR [default] ChatAPI Result Exception: [ROOM_ALREADYEXISTS] ChatRoom already exists
2026-07-17 14:01:29,492 INFO  [default] CREATEROOM request received - creator: 24@SOE+SWG+SWG_NGE room: SOE+SWG+SWG_NGE
2026-07-17 14:01:29,493 ERROR [default] ChatAPI Result Exception: [ROOM_ALREADYEXISTS] ChatRoom already exists
2026-07-17 14:01:29,493 INFO  [default] CREATEROOM request received - creator: 24@SOE+SWG+SWG_NGE room: SOE+SWG+SWG_NGE
2026-07-17 14:01:29,493 ERROR [default] ChatAPI Result Exception: [ROOM_ALREADYEXISTS] ChatRoom already exists
2026-07-17 14:01:29,493 INFO  [default] CREATEROOM request received - creator: 24@SOE+SWG+SWG_NGE room: SOE+SWG+SWG_NGE
2026-07-17 14:01:29,493 ERROR [default] ChatAPI Result Exception: [ROOM_ALREADYEXISTS] ChatRoom already exists
2026-07-17 14:01:29,493 INFO  [default] CREATEROOM request received - creator: 24@SOE+SWG+SWG_NGE room: SOE+SWG+SWG_NGE
2026-07-17 14:01:29,493 ERROR [default] ChatAPI Result Exception: [ROOM_ALREADYEXISTS] ChatRoom already exists
2026-07-17 14:01:29,493 INFO  [default] CREATEROOM request received - creator: 24@SOE+SWG+SWG_NGE room: SOE+SWG+SWG_NGE
2026-07-17 14:01:29,493 ERROR [default] ChatAPI Result Exception: [ROOM_ALREADYEXISTS] ChatRoom already exists
2026-07-17 14:01:29,493 INFO  [default] CREATEROOM request received - creator: 24@SOE+SWG+SWG_NGE room: SOE+SWG+SWG_NGE
2026-07-17 14:01:29,493 ERROR [default] ChatAPI Result Exception: [ROOM_ALREADYEXISTS] ChatRoom already exists
2026-07-17 14:01:29,493 INFO  [default] CREATEROOM request received - creator: 24@SOE+SWG+SWG_NGE room: SOE+SWG+SWG_NGE
2026-07-17 14:01:29,493 INFO  [default] Creating room rori@SOE+SWG+SWG_NGE with attributes 0
2026-07-17 14:01:29,493 INFO  [default] CREATEROOM request received - creator: 24@SOE+SWG+SWG_NGE room: SOE+SWG+SWG_NGE+rori
2026-07-17 14:01:29,493 INFO  [default] Creating room Planet@SOE+SWG+SWG_NGE+rori with attributes 0
2026-07-17 14:01:29,493 INFO  [default] CREATEROOM request received - creator: 24@SOE+SWG+SWG_NGE room: SOE+SWG+SWG_NGE
2026-07-17 14:01:29,493 ERROR [default] ChatAPI Result Exception: [ROOM_ALREADYEXISTS] ChatRoom already exists
2026-07-17 14:01:29,493 INFO  [default] CREATEROOM request received - creator: 24@SOE+SWG+SWG_NGE room: SOE+SWG+SWG_NGE+rori
2026-07-17 14:01:29,493 INFO  [default] Creating room named@SOE+SWG+SWG_NGE+rori with attributes 0
2026-07-17 14:01:29,493 INFO  [default] CREATEROOM request received - creator: 24@SOE+SWG+SWG_NGE room: SOE+SWG+SWG_NGE+rori+named
2026-07-17 14:01:29,493 INFO  [default] Creating room Auction@SOE+SWG+SWG_NGE+rori+named with attributes 0
2026-07-17 14:01:29,493 INFO  [default] CREATEROOM request received - creator: 24@SOE+SWG+SWG_NGE room: SOE+SWG+SWG_NGE
2026-07-17 14:01:29,493 ERROR [default] ChatAPI Result Exception: [ROOM_ALREADYEXISTS] ChatRoom already exists
2026-07-17 14:01:29,493 INFO  [default] CREATEROOM request received - creator: 24@SOE+SWG+SWG_NGE room: SOE+SWG+SWG_NGE+rori
2026-07-17 14:01:29,493 ERROR [default] ChatAPI Result Exception: [ROOM_ALREADYEXISTS] ChatRoom already exists
2026-07-17 14:01:29,493 INFO  [default] CREATEROOM request received - creator: 24@SOE+SWG+SWG_NGE room: SOE+SWG+SWG_NGE+rori+named
2026-07-17 14:01:29,493 INFO  [default] Creating room Planet@SOE+SWG+SWG_NGE+rori+named with attributes 0
2026-07-17 14:01:29,493 INFO  [default] CREATEROOM request received - creator: 24@SOE+SWG+SWG_NGE room: SOE+SWG+SWG_NGE
2026-07-17 14:01:29,493 ERROR [default] ChatAPI Result Exception: [ROOM_ALREADYEXISTS] ChatRoom already exists
2026-07-17 14:01:29,493 INFO  [default] CREATEROOM request received - creator: 24@SOE+SWG+SWG_NGE room: SOE+SWG+SWG_NGE+rori
2026-07-17 14:01:29,493 ERROR [default] ChatAPI Result Exception: [ROOM_ALREADYEXISTS] ChatRoom already exists
2026-07-17 14:01:29,493 INFO  [default] CREATEROOM request received - creator: 24@SOE+SWG+SWG_NGE room: SOE+SWG+SWG_NGE
2026-07-17 14:01:29,493 ERROR [default] ChatAPI Result Exception: [ROOM_ALREADYEXISTS] ChatRoom already exists
2026-07-17 14:01:29,493 INFO  [default] CREATEROOM request received - creator: 24@SOE+SWG+SWG_NGE room: SOE+SWG+SWG_NGE+rori
2026-07-17 14:01:29,493 INFO  [default] Creating room Chat@SOE+SWG+SWG_NGE+rori with attributes 0
2026-07-17 14:01:29,493 INFO  [default] CREATEROOM request received - creator: 24@SOE+SWG+SWG_NGE room: SOE+SWG+SWG_NGE
2026-07-17 14:01:29,493 ERROR [default] ChatAPI Result Exception: [ROOM_ALREADYEXISTS] ChatRoom already exists
2026-07-17 14:01:29,493 INFO  [default] CREATEROOM request received - creator: 24@SOE+SWG+SWG_NGE room: SOE+SWG+SWG_NGE
2026-07-17 14:01:29,493 ERROR [default] ChatAPI Result Exception: [ROOM_ALREADYEXISTS] ChatRoom already exists
2026-07-17 14:01:29,493 INFO  [default] CREATEROOM request received - creator: 24@SOE+SWG+SWG_NGE room: SOE+SWG+SWG_NGE
2026-07-17 14:01:29,493 ERROR [default] ChatAPI Result Exception: [ROOM_ALREADYEXISTS] ChatRoom already exists
2026-07-17 14:01:29,493 INFO  [default] CREATEROOM request received - creator: 24@SOE+SWG+SWG_NGE room: SOE+SWG+SWG_NGE
2026-07-17 14:01:29,493 ERROR [default] ChatAPI Result Exception: [ROOM_ALREADYEXISTS] ChatRoom already exists
2026-07-17 14:01:29,493 INFO  [default] CREATEROOM request received - creator: 24@SOE+SWG+SWG_NGE room: SOE+SWG+SWG_NGE
2026-07-17 14:01:29,493 ERROR [default] ChatAPI Result Exception: [ROOM_ALREADYEXISTS] ChatRoom already exists
2026-07-17 14:01:29,493 INFO  [default] CREATEROOM request received - creator: 24@SOE+SWG+SWG_NGE room: SOE+SWG+SWG_NGE
2026-07-17 14:01:29,493 ERROR [default] ChatAPI Result Exception: [ROOM_ALREADYEXISTS] ChatRoom already exists
2026-07-17 14:01:29,494 INFO  [default] CREATEROOM request received - creator: 24@SOE+SWG+SWG_NGE room: SOE+SWG+SWG_NGE
2026-07-17 14:01:29,494 ERROR [default] ChatAPI Result Exception: [ROOM_ALREADYEXISTS] ChatRoom already exists
2026-07-17 14:01:29,494 INFO  [default] CREATEROOM request received - creator: 24@SOE+SWG+SWG_NGE room: SOE+SWG+SWG_NGE
2026-07-17 14:01:29,494 ERROR [default] ChatAPI Result Exception: [ROOM_ALREADYEXISTS] ChatRoom already exists
2026-07-17 14:01:29,494 INFO  [default] CREATEROOM request received - creator: 24@SOE+SWG+SWG_NGE room: SOE+SWG+SWG_NGE
2026-07-17 14:01:29,494 ERROR [default] ChatAPI Result Exception: [ROOM_ALREADYEXISTS] ChatRoom already exists
     [exec] New chat server connection active
     [exec] New chat server connection active
2026-07-17 14:01:29,498 INFO  [default] CREATEROOM request received - creator: 24@SOE+SWG+SWG_NGE room: SOE+SWG+SWG_NGE
2026-07-17 14:01:29,498 ERROR [default] ChatAPI Result Exception: [ROOM_ALREADYEXISTS] ChatRoom already exists
2026-07-17 14:01:29,498 INFO  [default] CREATEROOM request received - creator: 24@SOE+SWG+SWG_NGE room: SOE+SWG+SWG_NGE
2026-07-17 14:01:29,498 ERROR [default] ChatAPI Result Exception: [ROOM_ALREADYEXISTS] ChatRoom already exists
2026-07-17 14:01:29,498 INFO  [default] CREATEROOM request received - creator: 24@SOE+SWG+SWG_NGE room: SOE+SWG+SWG_NGE
2026-07-17 14:01:29,498 ERROR [default] ChatAPI Result Exception: [ROOM_ALREADYEXISTS] ChatRoom already exists
2026-07-17 14:01:29,498 INFO  [default] CREATEROOM request received - creator: 24@SOE+SWG+SWG_NGE room: SOE+SWG+SWG_NGE
2026-07-17 14:01:29,499 ERROR [default] ChatAPI Result Exception: [ROOM_ALREADYEXISTS] ChatRoom already exists
2026-07-17 14:01:29,499 INFO  [default] CREATEROOM request received - creator: 24@SOE+SWG+SWG_NGE room: SOE+SWG+SWG_NGE
2026-07-17 14:01:29,499 ERROR [default] ChatAPI Result Exception: [ROOM_ALREADYEXISTS] ChatRoom already exists
2026-07-17 14:01:29,499 INFO  [default] CREATEROOM request received - creator: 24@SOE+SWG+SWG_NGE room: SOE+SWG+SWG_NGE
2026-07-17 14:01:29,499 ERROR [default] ChatAPI Result Exception: [ROOM_ALREADYEXISTS] ChatRoom already exists
2026-07-17 14:01:29,499 INFO  [default] CREATEROOM request received - creator: 24@SOE+SWG+SWG_NGE room: SOE+SWG+SWG_NGE
2026-07-17 14:01:29,499 ERROR [default] ChatAPI Result Exception: [ROOM_ALREADYEXISTS] ChatRoom already exists
2026-07-17 14:01:29,499 INFO  [default] CREATEROOM request received - creator: 24@SOE+SWG+SWG_NGE room: SOE+SWG+SWG_NGE
2026-07-17 14:01:29,499 ERROR [default] ChatAPI Result Exception: [ROOM_ALREADYEXISTS] ChatRoom already exists
2026-07-17 14:01:29,499 INFO  [default] CREATEROOM request received - creator: 24@SOE+SWG+SWG_NGE room: SOE+SWG+SWG_NGE
2026-07-17 14:01:29,499 ERROR [default] ChatAPI Result Exception: [ROOM_ALREADYEXISTS] ChatRoom already exists
2026-07-17 14:01:29,499 INFO  [default] CREATEROOM request received - creator: 24@SOE+SWG+SWG_NGE room: SOE+SWG+SWG_NGE
2026-07-17 14:01:29,501 ERROR [default] ChatAPI Result Exception: [ROOM_ALREADYEXISTS] ChatRoom already exists
2026-07-17 14:01:29,501 INFO  [default] CREATEROOM request received - creator: 24@SOE+SWG+SWG_NGE room: SOE+SWG+SWG_NGE
2026-07-17 14:01:29,501 ERROR [default] ChatAPI Result Exception: [ROOM_ALREADYEXISTS] ChatRoom already exists
2026-07-17 14:01:29,501 INFO  [default] CREATEROOM request received - creator: 24@SOE+SWG+SWG_NGE room: SOE+SWG+SWG_NGE
2026-07-17 14:01:29,501 ERROR [default] ChatAPI Result Exception: [ROOM_ALREADYEXISTS] ChatRoom already exists
2026-07-17 14:01:29,501 INFO  [default] CREATEROOM request received - creator: 24@SOE+SWG+SWG_NGE room: SOE+SWG+SWG_NGE
2026-07-17 14:01:29,501 ERROR [default] ChatAPI Result Exception: [ROOM_ALREADYEXISTS] ChatRoom already exists
2026-07-17 14:01:29,501 INFO  [default] CREATEROOM request received - creator: 24@SOE+SWG+SWG_NGE room: SOE+SWG+SWG_NGE
2026-07-17 14:01:29,501 ERROR [default] ChatAPI Result Exception: [ROOM_ALREADYEXISTS] ChatRoom already exists
2026-07-17 14:01:29,501 INFO  [default] CREATEROOM request received - creator: 24@SOE+SWG+SWG_NGE room: SOE+SWG+SWG_NGE
2026-07-17 14:01:29,501 ERROR [default] ChatAPI Result Exception: [ROOM_ALREADYEXISTS] ChatRoom already exists
2026-07-17 14:01:29,501 INFO  [default] CREATEROOM request received - creator: 24@SOE+SWG+SWG_NGE room: SOE+SWG+SWG_NGE+rori
2026-07-17 14:01:29,501 ERROR [default] ChatAPI Result Exception: [ROOM_ALREADYEXISTS] ChatRoom already exists
2026-07-17 14:01:29,501 INFO  [default] CREATEROOM request received - creator: 24@SOE+SWG+SWG_NGE room: SOE+SWG+SWG_NGE
2026-07-17 14:01:29,501 ERROR [default] ChatAPI Result Exception: [ROOM_ALREADYEXISTS] ChatRoom already exists
2026-07-17 14:01:29,501 INFO  [default] CREATEROOM request received - creator: 24@SOE+SWG+SWG_NGE room: SOE+SWG+SWG_NGE+rori
2026-07-17 14:01:29,501 ERROR [default] ChatAPI Result Exception: [ROOM_ALREADYEXISTS] ChatRoom already exists
2026-07-17 14:01:29,501 INFO  [default] CREATEROOM request received - creator: 24@SOE+SWG+SWG_NGE room: SOE+SWG+SWG_NGE+rori+named
2026-07-17 14:01:29,501 ERROR [default] ChatAPI Result Exception: [ROOM_ALREADYEXISTS] ChatRoom already exists
2026-07-17 14:01:29,501 INFO  [default] CREATEROOM request received - creator: 24@SOE+SWG+SWG_NGE room: SOE+SWG+SWG_NGE
2026-07-17 14:01:29,501 ERROR [default] ChatAPI Result Exception: [ROOM_ALREADYEXISTS] ChatRoom already exists
2026-07-17 14:01:29,501 INFO  [default] CREATEROOM request received - creator: 24@SOE+SWG+SWG_NGE room: SOE+SWG+SWG_NGE+rori
2026-07-17 14:01:29,501 ERROR [default] ChatAPI Result Exception: [ROOM_ALREADYEXISTS] ChatRoom already exists
2026-07-17 14:01:29,501 INFO  [default] CREATEROOM request received - creator: 24@SOE+SWG+SWG_NGE room: SOE+SWG+SWG_NGE+rori+named
2026-07-17 14:01:29,501 ERROR [default] ChatAPI Result Exception: [ROOM_ALREADYEXISTS] ChatRoom already exists
2026-07-17 14:01:29,501 INFO  [default] CREATEROOM request received - creator: 24@SOE+SWG+SWG_NGE room: SOE+SWG+SWG_NGE
2026-07-17 14:01:29,501 ERROR [default] ChatAPI Result Exception: [ROOM_ALREADYEXISTS] ChatRoom already exists
2026-07-17 14:01:29,501 INFO  [default] CREATEROOM request received - creator: 24@SOE+SWG+SWG_NGE room: SOE+SWG+SWG_NGE+rori
2026-07-17 14:01:29,501 ERROR [default] ChatAPI Result Exception: [ROOM_ALREADYEXISTS] ChatRoom already exists
2026-07-17 14:01:29,501 INFO  [default] CREATEROOM request received - creator: 24@SOE+SWG+SWG_NGE room: SOE+SWG+SWG_NGE
2026-07-17 14:01:29,501 ERROR [default] ChatAPI Result Exception: [ROOM_ALREADYEXISTS] ChatRoom already exists
2026-07-17 14:01:29,501 INFO  [default] CREATEROOM request received - creator: 24@SOE+SWG+SWG_NGE room: SOE+SWG+SWG_NGE+rori
2026-07-17 14:01:29,502 ERROR [default] ChatAPI Result Exception: [ROOM_ALREADYEXISTS] ChatRoom already exists
2026-07-17 14:01:29,534 INFO  [default] CREATEROOM request received - creator: 24@SOE+SWG+SWG_NGE room: SOE+SWG+SWG_NGE
2026-07-17 14:01:29,534 ERROR [default] ChatAPI Result Exception: [ROOM_ALREADYEXISTS] ChatRoom already exists
2026-07-17 14:01:29,534 INFO  [default] CREATEROOM request received - creator: 24@SOE+SWG+SWG_NGE room: SOE+SWG+SWG_NGE
2026-07-17 14:01:29,534 ERROR [default] ChatAPI Result Exception: [ROOM_ALREADYEXISTS] ChatRoom already exists
2026-07-17 14:01:29,534 INFO  [default] CREATEROOM request received - creator: 24@SOE+SWG+SWG_NGE room: SOE+SWG+SWG_NGE
2026-07-17 14:01:29,534 ERROR [default] ChatAPI Result Exception: [ROOM_ALREADYEXISTS] ChatRoom already exists
2026-07-17 14:01:29,534 INFO  [default] CREATEROOM request received - creator: 24@SOE+SWG+SWG_NGE room: SOE+SWG+SWG_NGE
2026-07-17 14:01:29,534 ERROR [default] ChatAPI Result Exception: [ROOM_ALREADYEXISTS] ChatRoom already exists
2026-07-17 14:01:29,534 INFO  [default] CREATEROOM request received - creator: 24@SOE+SWG+SWG_NGE room: SOE+SWG+SWG_NGE
2026-07-17 14:01:29,534 ERROR [default] ChatAPI Result Exception: [ROOM_ALREADYEXISTS] ChatRoom already exists
2026-07-17 14:01:29,534 INFO  [default] CREATEROOM request received - creator: 24@SOE+SWG+SWG_NGE room: SOE+SWG+SWG_NGE
2026-07-17 14:01:29,534 ERROR [default] ChatAPI Result Exception: [ROOM_ALREADYEXISTS] ChatRoom already exists
2026-07-17 14:01:29,534 INFO  [default] CREATEROOM request received - creator: 24@SOE+SWG+SWG_NGE room: SOE+SWG+SWG_NGE
2026-07-17 14:01:29,534 ERROR [default] ChatAPI Result Exception: [ROOM_ALREADYEXISTS] ChatRoom already exists
2026-07-17 14:01:29,534 INFO  [default] CREATEROOM request received - creator: 24@SOE+SWG+SWG_NGE room: SOE+SWG+SWG_NGE
2026-07-17 14:01:29,534 ERROR [default] ChatAPI Result Exception: [ROOM_ALREADYEXISTS] ChatRoom already exists
2026-07-17 14:01:29,534 INFO  [default] CREATEROOM request received - creator: 24@SOE+SWG+SWG_NGE room: SOE+SWG+SWG_NGE
2026-07-17 14:01:29,534 ERROR [default] ChatAPI Result Exception: [ROOM_ALREADYEXISTS] ChatRoom already exists
2026-07-17 14:01:29,534 INFO  [default] CREATEROOM request received - creator: 24@SOE+SWG+SWG_NGE room: SOE+SWG+SWG_NGE
2026-07-17 14:01:29,534 ERROR [default] ChatAPI Result Exception: [ROOM_ALREADYEXISTS] ChatRoom already exists
2026-07-17 14:01:29,534 INFO  [default] CREATEROOM request received - creator: 24@SOE+SWG+SWG_NGE room: SOE+SWG+SWG_NGE
2026-07-17 14:01:29,534 ERROR [default] ChatAPI Result Exception: [ROOM_ALREADYEXISTS] ChatRoom already exists
2026-07-17 14:01:29,594 INFO  [default] CREATEROOM request received - creator: 24@SOE+SWG+SWG_NGE room: SOE+SWG+SWG_NGE
2026-07-17 14:01:29,594 ERROR [default] ChatAPI Result Exception: [ROOM_ALREADYEXISTS] ChatRoom already exists
2026-07-17 14:01:29,594 INFO  [default] CREATEROOM request received - creator: 24@SOE+SWG+SWG_NGE room: SOE+SWG+SWG_NGE
2026-07-17 14:01:29,594 ERROR [default] ChatAPI Result Exception: [ROOM_ALREADYEXISTS] ChatRoom already exists
2026-07-17 14:01:29,594 INFO  [default] CREATEROOM request received - creator: 24@SOE+SWG+SWG_NGE room: SOE+SWG+SWG_NGE
2026-07-17 14:01:29,594 ERROR [default] ChatAPI Result Exception: [ROOM_ALREADYEXISTS] ChatRoom already exists
2026-07-17 14:01:29,594 INFO  [default] CREATEROOM request received - creator: 24@SOE+SWG+SWG_NGE room: SOE+SWG+SWG_NGE
2026-07-17 14:01:29,594 ERROR [default] ChatAPI Result Exception: [ROOM_ALREADYEXISTS] ChatRoom already exists
2026-07-17 14:01:29,594 INFO  [default] CREATEROOM request received - creator: 24@SOE+SWG+SWG_NGE room: SOE+SWG+SWG_NGE
2026-07-17 14:01:29,594 ERROR [default] ChatAPI Result Exception: [ROOM_ALREADYEXISTS] ChatRoom already exists
2026-07-17 14:01:29,594 INFO  [default] CREATEROOM request received - creator: 24@SOE+SWG+SWG_NGE room: SOE+SWG+SWG_NGE
2026-07-17 14:01:29,594 ERROR [default] ChatAPI Result Exception: [ROOM_ALREADYEXISTS] ChatRoom already exists
2026-07-17 14:01:29,594 INFO  [default] CREATEROOM request received - creator: 24@SOE+SWG+SWG_NGE room: SOE+SWG+SWG_NGE
2026-07-17 14:01:29,594 ERROR [default] ChatAPI Result Exception: [ROOM_ALREADYEXISTS] ChatRoom already exists
2026-07-17 14:01:29,594 INFO  [default] CREATEROOM request received - creator: 24@SOE+SWG+SWG_NGE room: SOE+SWG+SWG_NGE
2026-07-17 14:01:29,594 ERROR [default] ChatAPI Result Exception: [ROOM_ALREADYEXISTS] ChatRoom already exists
2026-07-17 14:01:29,594 INFO  [default] CREATEROOM request received - creator: 24@SOE+SWG+SWG_NGE room: SOE+SWG+SWG_NGE
2026-07-17 14:01:29,594 ERROR [default] ChatAPI Result Exception: [ROOM_ALREADYEXISTS] ChatRoom already exists
2026-07-17 14:01:29,594 INFO  [default] CREATEROOM request received - creator: 24@SOE+SWG+SWG_NGE room: SOE+SWG+SWG_NGE
2026-07-17 14:01:29,594 ERROR [default] ChatAPI Result Exception: [ROOM_ALREADYEXISTS] ChatRoom already exists
2026-07-17 14:01:29,594 INFO  [default] CREATEROOM request received - creator: 24@SOE+SWG+SWG_NGE room: SOE+SWG+SWG_NGE
2026-07-17 14:01:29,594 ERROR [default] ChatAPI Result Exception: [ROOM_ALREADYEXISTS] ChatRoom already exists
2026-07-17 14:01:29,594 INFO  [default] CREATEROOM request received - creator: 24@SOE+SWG+SWG_NGE room: SOE+SWG+SWG_NGE
2026-07-17 14:01:29,594 ERROR [default] ChatAPI Result Exception: [ROOM_ALREADYEXISTS] ChatRoom already exists
2026-07-17 14:01:29,594 INFO  [default] CREATEROOM request received - creator: 24@SOE+SWG+SWG_NGE room: SOE+SWG+SWG_NGE
2026-07-17 14:01:29,594 INFO  [default] Creating room endor@SOE+SWG+SWG_NGE with attributes 0
2026-07-17 14:01:29,594 INFO  [default] CREATEROOM request received - creator: 24@SOE+SWG+SWG_NGE room: SOE+SWG+SWG_NGE+endor
2026-07-17 14:01:29,594 INFO  [default] Creating room Planet@SOE+SWG+SWG_NGE+endor with attributes 0
2026-07-17 14:01:29,594 INFO  [default] CREATEROOM request received - creator: 24@SOE+SWG+SWG_NGE room: SOE+SWG+SWG_NGE
2026-07-17 14:01:29,594 ERROR [default] ChatAPI Result Exception: [ROOM_ALREADYEXISTS] ChatRoom already exists
2026-07-17 14:01:29,595 INFO  [default] CREATEROOM request received - creator: 24@SOE+SWG+SWG_NGE room: SOE+SWG+SWG_NGE+endor
2026-07-17 14:01:29,595 INFO  [default] Creating room named@SOE+SWG+SWG_NGE+endor with attributes 0
2026-07-17 14:01:29,595 INFO  [default] CREATEROOM request received - creator: 24@SOE+SWG+SWG_NGE room: SOE+SWG+SWG_NGE+endor+named
2026-07-17 14:01:29,595 INFO  [default] Creating room Auction@SOE+SWG+SWG_NGE+endor+named with attributes 0
2026-07-17 14:01:29,595 INFO  [default] CREATEROOM request received - creator: 24@SOE+SWG+SWG_NGE room: SOE+SWG+SWG_NGE
2026-07-17 14:01:29,595 ERROR [default] ChatAPI Result Exception: [ROOM_ALREADYEXISTS] ChatRoom already exists
2026-07-17 14:01:29,595 INFO  [default] CREATEROOM request received - creator: 24@SOE+SWG+SWG_NGE room: SOE+SWG+SWG_NGE+endor
2026-07-17 14:01:29,595 ERROR [default] ChatAPI Result Exception: [ROOM_ALREADYEXISTS] ChatRoom already exists
2026-07-17 14:01:29,595 INFO  [default] CREATEROOM request received - creator: 24@SOE+SWG+SWG_NGE room: SOE+SWG+SWG_NGE+endor+named
2026-07-17 14:01:29,595 INFO  [default] Creating room Planet@SOE+SWG+SWG_NGE+endor+named with attributes 0
2026-07-17 14:01:29,595 INFO  [default] CREATEROOM request received - creator: 24@SOE+SWG+SWG_NGE room: SOE+SWG+SWG_NGE
2026-07-17 14:01:29,595 ERROR [default] ChatAPI Result Exception: [ROOM_ALREADYEXISTS] ChatRoom already exists
2026-07-17 14:01:29,595 INFO  [default] CREATEROOM request received - creator: 24@SOE+SWG+SWG_NGE room: SOE+SWG+SWG_NGE+endor
2026-07-17 14:01:29,595 ERROR [default] ChatAPI Result Exception: [ROOM_ALREADYEXISTS] ChatRoom already exists
2026-07-17 14:01:29,595 INFO  [default] CREATEROOM request received - creator: 24@SOE+SWG+SWG_NGE room: SOE+SWG+SWG_NGE
2026-07-17 14:01:29,595 ERROR [default] ChatAPI Result Exception: [ROOM_ALREADYEXISTS] ChatRoom already exists
2026-07-17 14:01:29,595 INFO  [default] CREATEROOM request received - creator: 24@SOE+SWG+SWG_NGE room: SOE+SWG+SWG_NGE+endor
2026-07-17 14:01:29,595 INFO  [default] Creating room Chat@SOE+SWG+SWG_NGE+endor with attributes 0
2026-07-17 14:01:29,595 INFO  [default] CREATEROOM request received - creator: 24@SOE+SWG+SWG_NGE room: SOE+SWG+SWG_NGE
2026-07-17 14:01:29,595 ERROR [default] ChatAPI Result Exception: [ROOM_ALREADYEXISTS] ChatRoom already exists
2026-07-17 14:01:29,595 INFO  [default] CREATEROOM request received - creator: 24@SOE+SWG+SWG_NGE room: SOE+SWG+SWG_NGE
2026-07-17 14:01:29,595 ERROR [default] ChatAPI Result Exception: [ROOM_ALREADYEXISTS] ChatRoom already exists
2026-07-17 14:01:29,595 INFO  [default] CREATEROOM request received - creator: 24@SOE+SWG+SWG_NGE room: SOE+SWG+SWG_NGE
2026-07-17 14:01:29,595 ERROR [default] ChatAPI Result Exception: [ROOM_ALREADYEXISTS] ChatRoom already exists
2026-07-17 14:01:29,595 INFO  [default] CREATEROOM request received - creator: 24@SOE+SWG+SWG_NGE room: SOE+SWG+SWG_NGE
2026-07-17 14:01:29,595 ERROR [default] ChatAPI Result Exception: [ROOM_ALREADYEXISTS] ChatRoom already exists
2026-07-17 14:01:29,595 INFO  [default] CREATEROOM request received - creator: 24@SOE+SWG+SWG_NGE room: SOE+SWG+SWG_NGE
2026-07-17 14:01:29,595 ERROR [default] ChatAPI Result Exception: [ROOM_ALREADYEXISTS] ChatRoom already exists
2026-07-17 14:01:29,595 INFO  [default] CREATEROOM request received - creator: 24@SOE+SWG+SWG_NGE room: SOE+SWG+SWG_NGE
2026-07-17 14:01:29,595 ERROR [default] ChatAPI Result Exception: [ROOM_ALREADYEXISTS] ChatRoom already exists
2026-07-17 14:01:29,595 INFO  [default] CREATEROOM request received - creator: 24@SOE+SWG+SWG_NGE room: SOE+SWG+SWG_NGE
2026-07-17 14:01:29,595 ERROR [default] ChatAPI Result Exception: [ROOM_ALREADYEXISTS] ChatRoom already exists
     [exec] New chat server connection active
     [exec] New Game Server connection active
2026-07-17 14:01:29,602 INFO  [default] CREATEROOM request received - creator: 24@SOE+SWG+SWG_NGE room: SOE+SWG+SWG_NGE
2026-07-17 14:01:29,602 ERROR [default] ChatAPI Result Exception: [ROOM_ALREADYEXISTS] ChatRoom already exists
2026-07-17 14:01:29,602 INFO  [default] CREATEROOM request received - creator: 24@SOE+SWG+SWG_NGE room: SOE+SWG+SWG_NGE
2026-07-17 14:01:29,602 ERROR [default] ChatAPI Result Exception: [ROOM_ALREADYEXISTS] ChatRoom already exists
2026-07-17 14:01:29,602 INFO  [default] CREATEROOM request received - creator: 24@SOE+SWG+SWG_NGE room: SOE+SWG+SWG_NGE
2026-07-17 14:01:29,602 ERROR [default] ChatAPI Result Exception: [ROOM_ALREADYEXISTS] ChatRoom already exists
2026-07-17 14:01:29,602 INFO  [default] CREATEROOM request received - creator: 24@SOE+SWG+SWG_NGE room: SOE+SWG+SWG_NGE
2026-07-17 14:01:29,602 ERROR [default] ChatAPI Result Exception: [ROOM_ALREADYEXISTS] ChatRoom already exists
2026-07-17 14:01:29,602 INFO  [default] CREATEROOM request received - creator: 24@SOE+SWG+SWG_NGE room: SOE+SWG+SWG_NGE
2026-07-17 14:01:29,602 ERROR [default] ChatAPI Result Exception: [ROOM_ALREADYEXISTS] ChatRoom already exists
2026-07-17 14:01:29,602 INFO  [default] CREATEROOM request received - creator: 24@SOE+SWG+SWG_NGE room: SOE+SWG+SWG_NGE
2026-07-17 14:01:29,602 ERROR [default] ChatAPI Result Exception: [ROOM_ALREADYEXISTS] ChatRoom already exists
2026-07-17 14:01:29,602 INFO  [default] CREATEROOM request received - creator: 24@SOE+SWG+SWG_NGE room: SOE+SWG+SWG_NGE
2026-07-17 14:01:29,602 ERROR [default] ChatAPI Result Exception: [ROOM_ALREADYEXISTS] ChatRoom already exists
2026-07-17 14:01:29,602 INFO  [default] CREATEROOM request received - creator: 24@SOE+SWG+SWG_NGE room: SOE+SWG+SWG_NGE
2026-07-17 14:01:29,602 ERROR [default] ChatAPI Result Exception: [ROOM_ALREADYEXISTS] ChatRoom already exists
2026-07-17 14:01:29,602 INFO  [default] CREATEROOM request received - creator: 24@SOE+SWG+SWG_NGE room: SOE+SWG+SWG_NGE
2026-07-17 14:01:29,602 ERROR [default] ChatAPI Result Exception: [ROOM_ALREADYEXISTS] ChatRoom already exists
2026-07-17 14:01:29,602 INFO  [default] CREATEROOM request received - creator: 24@SOE+SWG+SWG_NGE room: SOE+SWG+SWG_NGE
2026-07-17 14:01:29,602 ERROR [default] ChatAPI Result Exception: [ROOM_ALREADYEXISTS] ChatRoom already exists
2026-07-17 14:01:29,602 INFO  [default] CREATEROOM request received - creator: 24@SOE+SWG+SWG_NGE room: SOE+SWG+SWG_NGE
2026-07-17 14:01:29,602 ERROR [default] ChatAPI Result Exception: [ROOM_ALREADYEXISTS] ChatRoom already exists
2026-07-17 14:01:29,603 INFO  [default] CREATEROOM request received - creator: 24@SOE+SWG+SWG_NGE room: SOE+SWG+SWG_NGE
2026-07-17 14:01:29,603 ERROR [default] ChatAPI Result Exception: [ROOM_ALREADYEXISTS] ChatRoom already exists
2026-07-17 14:01:29,603 INFO  [default] CREATEROOM request received - creator: 24@SOE+SWG+SWG_NGE room: SOE+SWG+SWG_NGE
2026-07-17 14:01:29,603 ERROR [default] ChatAPI Result Exception: [ROOM_ALREADYEXISTS] ChatRoom already exists
2026-07-17 14:01:29,603 INFO  [default] CREATEROOM request received - creator: 24@SOE+SWG+SWG_NGE room: SOE+SWG+SWG_NGE
2026-07-17 14:01:29,603 ERROR [default] ChatAPI Result Exception: [ROOM_ALREADYEXISTS] ChatRoom already exists
2026-07-17 14:01:29,603 INFO  [default] CREATEROOM request received - creator: 24@SOE+SWG+SWG_NGE room: SOE+SWG+SWG_NGE
2026-07-17 14:01:29,603 ERROR [default] ChatAPI Result Exception: [ROOM_ALREADYEXISTS] ChatRoom already exists
2026-07-17 14:01:29,603 INFO  [default] CREATEROOM request received - creator: 24@SOE+SWG+SWG_NGE room: SOE+SWG+SWG_NGE
2026-07-17 14:01:29,603 ERROR [default] ChatAPI Result Exception: [ROOM_ALREADYEXISTS] ChatRoom already exists
2026-07-17 14:01:29,603 INFO  [default] CREATEROOM request received - creator: 24@SOE+SWG+SWG_NGE room: SOE+SWG+SWG_NGE
2026-07-17 14:01:29,603 ERROR [default] ChatAPI Result Exception: [ROOM_ALREADYEXISTS] ChatRoom already exists
2026-07-17 14:01:29,603 INFO  [default] CREATEROOM request received - creator: 24@SOE+SWG+SWG_NGE room: SOE+SWG+SWG_NGE+endor
2026-07-17 14:01:29,603 ERROR [default] ChatAPI Result Exception: [ROOM_ALREADYEXISTS] ChatRoom already exists
2026-07-17 14:01:29,603 INFO  [default] CREATEROOM request received - creator: 24@SOE+SWG+SWG_NGE room: SOE+SWG+SWG_NGE
2026-07-17 14:01:29,603 ERROR [default] ChatAPI Result Exception: [ROOM_ALREADYEXISTS] ChatRoom already exists
2026-07-17 14:01:29,603 INFO  [default] CREATEROOM request received - creator: 24@SOE+SWG+SWG_NGE room: SOE+SWG+SWG_NGE+endor
2026-07-17 14:01:29,603 ERROR [default] ChatAPI Result Exception: [ROOM_ALREADYEXISTS] ChatRoom already exists
2026-07-17 14:01:29,603 INFO  [default] CREATEROOM request received - creator: 24@SOE+SWG+SWG_NGE room: SOE+SWG+SWG_NGE+endor+named
2026-07-17 14:01:29,603 ERROR [default] ChatAPI Result Exception: [ROOM_ALREADYEXISTS] ChatRoom already exists
2026-07-17 14:01:29,603 INFO  [default] CREATEROOM request received - creator: 24@SOE+SWG+SWG_NGE room: SOE+SWG+SWG_NGE
2026-07-17 14:01:29,603 ERROR [default] ChatAPI Result Exception: [ROOM_ALREADYEXISTS] ChatRoom already exists
2026-07-17 14:01:29,603 INFO  [default] CREATEROOM request received - creator: 24@SOE+SWG+SWG_NGE room: SOE+SWG+SWG_NGE+endor
2026-07-17 14:01:29,603 ERROR [default] ChatAPI Result Exception: [ROOM_ALREADYEXISTS] ChatRoom already exists
2026-07-17 14:01:29,603 INFO  [default] CREATEROOM request received - creator: 24@SOE+SWG+SWG_NGE room: SOE+SWG+SWG_NGE+endor+named
2026-07-17 14:01:29,603 ERROR [default] ChatAPI Result Exception: [ROOM_ALREADYEXISTS] ChatRoom already exists
2026-07-17 14:01:29,603 INFO  [default] CREATEROOM request received - creator: 24@SOE+SWG+SWG_NGE room: SOE+SWG+SWG_NGE
2026-07-17 14:01:29,603 ERROR [default] ChatAPI Result Exception: [ROOM_ALREADYEXISTS] ChatRoom already exists
2026-07-17 14:01:29,603 INFO  [default] CREATEROOM request received - creator: 24@SOE+SWG+SWG_NGE room: SOE+SWG+SWG_NGE+endor
2026-07-17 14:01:29,603 ERROR [default] ChatAPI Result Exception: [ROOM_ALREADYEXISTS] ChatRoom already exists
2026-07-17 14:01:29,603 INFO  [default] CREATEROOM request received - creator: 24@SOE+SWG+SWG_NGE room: SOE+SWG+SWG_NGE
2026-07-17 14:01:29,603 ERROR [default] ChatAPI Result Exception: [ROOM_ALREADYEXISTS] ChatRoom already exists
2026-07-17 14:01:29,603 INFO  [default] CREATEROOM request received - creator: 24@SOE+SWG+SWG_NGE room: SOE+SWG+SWG_NGE+endor
2026-07-17 14:01:29,603 ERROR [default] ChatAPI Result Exception: [ROOM_ALREADYEXISTS] ChatRoom already exists
2026-07-17 14:01:29,610 INFO  [default] CREATEROOM request received - creator: 24@SOE+SWG+SWG_NGE room: SOE+SWG+SWG_NGE
2026-07-17 14:01:29,610 ERROR [default] ChatAPI Result Exception: [ROOM_ALREADYEXISTS] ChatRoom already exists
2026-07-17 14:01:29,610 INFO  [default] CREATEROOM request received - creator: 24@SOE+SWG+SWG_NGE room: SOE+SWG+SWG_NGE
2026-07-17 14:01:29,610 ERROR [default] ChatAPI Result Exception: [ROOM_ALREADYEXISTS] ChatRoom already exists
2026-07-17 14:01:29,610 INFO  [default] CREATEROOM request received - creator: 24@SOE+SWG+SWG_NGE room: SOE+SWG+SWG_NGE
2026-07-17 14:01:29,610 ERROR [default] ChatAPI Result Exception: [ROOM_ALREADYEXISTS] ChatRoom already exists
2026-07-17 14:01:29,610 INFO  [default] CREATEROOM request received - creator: 24@SOE+SWG+SWG_NGE room: SOE+SWG+SWG_NGE
2026-07-17 14:01:29,610 ERROR [default] ChatAPI Result Exception: [ROOM_ALREADYEXISTS] ChatRoom already exists
2026-07-17 14:01:29,610 INFO  [default] CREATEROOM request received - creator: 24@SOE+SWG+SWG_NGE room: SOE+SWG+SWG_NGE
2026-07-17 14:01:29,610 ERROR [default] ChatAPI Result Exception: [ROOM_ALREADYEXISTS] ChatRoom already exists
2026-07-17 14:01:29,610 INFO  [default] CREATEROOM request received - creator: 24@SOE+SWG+SWG_NGE room: SOE+SWG+SWG_NGE
2026-07-17 14:01:29,610 ERROR [default] ChatAPI Result Exception: [ROOM_ALREADYEXISTS] ChatRoom already exists
2026-07-17 14:01:29,610 INFO  [default] CREATEROOM request received - creator: 24@SOE+SWG+SWG_NGE room: SOE+SWG+SWG_NGE
2026-07-17 14:01:29,610 ERROR [default] ChatAPI Result Exception: [ROOM_ALREADYEXISTS] ChatRoom already exists
2026-07-17 14:01:29,610 INFO  [default] CREATEROOM request received - creator: 24@SOE+SWG+SWG_NGE room: SOE+SWG+SWG_NGE
2026-07-17 14:01:29,610 ERROR [default] ChatAPI Result Exception: [ROOM_ALREADYEXISTS] ChatRoom already exists
2026-07-17 14:01:29,610 INFO  [default] CREATEROOM request received - creator: 24@SOE+SWG+SWG_NGE room: SOE+SWG+SWG_NGE
2026-07-17 14:01:29,610 ERROR [default] ChatAPI Result Exception: [ROOM_ALREADYEXISTS] ChatRoom already exists
2026-07-17 14:01:29,610 INFO  [default] CREATEROOM request received - creator: 24@SOE+SWG+SWG_NGE room: SOE+SWG+SWG_NGE
2026-07-17 14:01:29,610 ERROR [default] ChatAPI Result Exception: [ROOM_ALREADYEXISTS] ChatRoom already exists
2026-07-17 14:01:29,610 INFO  [default] CREATEROOM request received - creator: 24@SOE+SWG+SWG_NGE room: SOE+SWG+SWG_NGE
2026-07-17 14:01:29,610 ERROR [default] ChatAPI Result Exception: [ROOM_ALREADYEXISTS] ChatRoom already exists
2026-07-17 14:01:29,610 INFO  [default] CREATEROOM request received - creator: 24@SOE+SWG+SWG_NGE room: SOE+SWG+SWG_NGE
2026-07-17 14:01:29,610 ERROR [default] ChatAPI Result Exception: [ROOM_ALREADYEXISTS] ChatRoom already exists
2026-07-17 14:01:29,668 INFO  [default] CREATEROOM request received - creator: 24@SOE+SWG+SWG_NGE room: SOE+SWG+SWG_NGE
2026-07-17 14:01:29,668 ERROR [default] ChatAPI Result Exception: [ROOM_ALREADYEXISTS] ChatRoom already exists
2026-07-17 14:01:29,668 INFO  [default] CREATEROOM request received - creator: 24@SOE+SWG+SWG_NGE room: SOE+SWG+SWG_NGE
2026-07-17 14:01:29,668 ERROR [default] ChatAPI Result Exception: [ROOM_ALREADYEXISTS] ChatRoom already exists
2026-07-17 14:01:29,668 INFO  [default] CREATEROOM request received - creator: 24@SOE+SWG+SWG_NGE room: SOE+SWG+SWG_NGE
2026-07-17 14:01:29,668 ERROR [default] ChatAPI Result Exception: [ROOM_ALREADYEXISTS] ChatRoom already exists
2026-07-17 14:01:29,668 INFO  [default] CREATEROOM request received - creator: 24@SOE+SWG+SWG_NGE room: SOE+SWG+SWG_NGE
2026-07-17 14:01:29,668 ERROR [default] ChatAPI Result Exception: [ROOM_ALREADYEXISTS] ChatRoom already exists
2026-07-17 14:01:29,668 INFO  [default] CREATEROOM request received - creator: 24@SOE+SWG+SWG_NGE room: SOE+SWG+SWG_NGE
2026-07-17 14:01:29,668 ERROR [default] ChatAPI Result Exception: [ROOM_ALREADYEXISTS] ChatRoom already exists
2026-07-17 14:01:29,668 INFO  [default] CREATEROOM request received - creator: 24@SOE+SWG+SWG_NGE room: SOE+SWG+SWG_NGE
2026-07-17 14:01:29,668 ERROR [default] ChatAPI Result Exception: [ROOM_ALREADYEXISTS] ChatRoom already exists
2026-07-17 14:01:29,668 INFO  [default] CREATEROOM request received - creator: 24@SOE+SWG+SWG_NGE room: SOE+SWG+SWG_NGE
2026-07-17 14:01:29,668 ERROR [default] ChatAPI Result Exception: [ROOM_ALREADYEXISTS] ChatRoom already exists
2026-07-17 14:01:29,668 INFO  [default] CREATEROOM request received - creator: 24@SOE+SWG+SWG_NGE room: SOE+SWG+SWG_NGE
2026-07-17 14:01:29,668 ERROR [default] ChatAPI Result Exception: [ROOM_ALREADYEXISTS] ChatRoom already exists
2026-07-17 14:01:29,668 INFO  [default] CREATEROOM request received - creator: 24@SOE+SWG+SWG_NGE room: SOE+SWG+SWG_NGE
2026-07-17 14:01:29,668 ERROR [default] ChatAPI Result Exception: [ROOM_ALREADYEXISTS] ChatRoom already exists
2026-07-17 14:01:29,668 INFO  [default] CREATEROOM request received - creator: 24@SOE+SWG+SWG_NGE room: SOE+SWG+SWG_NGE
2026-07-17 14:01:29,668 ERROR [default] ChatAPI Result Exception: [ROOM_ALREADYEXISTS] ChatRoom already exists
2026-07-17 14:01:29,668 INFO  [default] CREATEROOM request received - creator: 24@SOE+SWG+SWG_NGE room: SOE+SWG+SWG_NGE
2026-07-17 14:01:29,668 ERROR [default] ChatAPI Result Exception: [ROOM_ALREADYEXISTS] ChatRoom already exists
2026-07-17 14:01:29,668 INFO  [default] CREATEROOM request received - creator: 24@SOE+SWG+SWG_NGE room: SOE+SWG+SWG_NGE
2026-07-17 14:01:29,668 INFO  [default] Creating room talus@SOE+SWG+SWG_NGE with attributes 0
2026-07-17 14:01:29,668 INFO  [default] CREATEROOM request received - creator: 24@SOE+SWG+SWG_NGE room: SOE+SWG+SWG_NGE+talus
2026-07-17 14:01:29,668 INFO  [default] Creating room Planet@SOE+SWG+SWG_NGE+talus with attributes 0
2026-07-17 14:01:29,668 INFO  [default] CREATEROOM request received - creator: 24@SOE+SWG+SWG_NGE room: SOE+SWG+SWG_NGE
2026-07-17 14:01:29,668 ERROR [default] ChatAPI Result Exception: [ROOM_ALREADYEXISTS] ChatRoom already exists
2026-07-17 14:01:29,668 INFO  [default] CREATEROOM request received - creator: 24@SOE+SWG+SWG_NGE room: SOE+SWG+SWG_NGE+talus
2026-07-17 14:01:29,668 INFO  [default] Creating room named@SOE+SWG+SWG_NGE+talus with attributes 0
2026-07-17 14:01:29,668 INFO  [default] CREATEROOM request received - creator: 24@SOE+SWG+SWG_NGE room: SOE+SWG+SWG_NGE+talus+named
2026-07-17 14:01:29,668 INFO  [default] Creating room Auction@SOE+SWG+SWG_NGE+talus+named with attributes 0
2026-07-17 14:01:29,668 INFO  [default] CREATEROOM request received - creator: 24@SOE+SWG+SWG_NGE room: SOE+SWG+SWG_NGE
2026-07-17 14:01:29,668 ERROR [default] ChatAPI Result Exception: [ROOM_ALREADYEXISTS] ChatRoom already exists
2026-07-17 14:01:29,668 INFO  [default] CREATEROOM request received - creator: 24@SOE+SWG+SWG_NGE room: SOE+SWG+SWG_NGE+talus
2026-07-17 14:01:29,668 ERROR [default] ChatAPI Result Exception: [ROOM_ALREADYEXISTS] ChatRoom already exists
2026-07-17 14:01:29,668 INFO  [default] CREATEROOM request received - creator: 24@SOE+SWG+SWG_NGE room: SOE+SWG+SWG_NGE+talus+named
2026-07-17 14:01:29,668 INFO  [default] Creating room Planet@SOE+SWG+SWG_NGE+talus+named with attributes 0
2026-07-17 14:01:29,668 INFO  [default] CREATEROOM request received - creator: 24@SOE+SWG+SWG_NGE room: SOE+SWG+SWG_NGE
2026-07-17 14:01:29,668 ERROR [default] ChatAPI Result Exception: [ROOM_ALREADYEXISTS] ChatRoom already exists
2026-07-17 14:01:29,668 INFO  [default] CREATEROOM request received - creator: 24@SOE+SWG+SWG_NGE room: SOE+SWG+SWG_NGE+talus
2026-07-17 14:01:29,668 ERROR [default] ChatAPI Result Exception: [ROOM_ALREADYEXISTS] ChatRoom already exists
2026-07-17 14:01:29,668 INFO  [default] CREATEROOM request received - creator: 24@SOE+SWG+SWG_NGE room: SOE+SWG+SWG_NGE
2026-07-17 14:01:29,668 ERROR [default] ChatAPI Result Exception: [ROOM_ALREADYEXISTS] ChatRoom already exists
2026-07-17 14:01:29,668 INFO  [default] CREATEROOM request received - creator: 24@SOE+SWG+SWG_NGE room: SOE+SWG+SWG_NGE+talus
2026-07-17 14:01:29,669 INFO  [default] Creating room Chat@SOE+SWG+SWG_NGE+talus with attributes 0
2026-07-17 14:01:29,669 INFO  [default] CREATEROOM request received - creator: 24@SOE+SWG+SWG_NGE room: SOE+SWG+SWG_NGE
2026-07-17 14:01:29,669 ERROR [default] ChatAPI Result Exception: [ROOM_ALREADYEXISTS] ChatRoom already exists
2026-07-17 14:01:29,669 INFO  [default] CREATEROOM request received - creator: 24@SOE+SWG+SWG_NGE room: SOE+SWG+SWG_NGE
2026-07-17 14:01:29,669 ERROR [default] ChatAPI Result Exception: [ROOM_ALREADYEXISTS] ChatRoom already exists
2026-07-17 14:01:29,669 INFO  [default] CREATEROOM request received - creator: 24@SOE+SWG+SWG_NGE room: SOE+SWG+SWG_NGE
2026-07-17 14:01:29,669 ERROR [default] ChatAPI Result Exception: [ROOM_ALREADYEXISTS] ChatRoom already exists
2026-07-17 14:01:29,669 INFO  [default] CREATEROOM request received - creator: 24@SOE+SWG+SWG_NGE room: SOE+SWG+SWG_NGE
2026-07-17 14:01:29,669 ERROR [default] ChatAPI Result Exception: [ROOM_ALREADYEXISTS] ChatRoom already exists
2026-07-17 14:01:29,669 INFO  [default] CREATEROOM request received - creator: 24@SOE+SWG+SWG_NGE room: SOE+SWG+SWG_NGE
2026-07-17 14:01:29,669 ERROR [default] ChatAPI Result Exception: [ROOM_ALREADYEXISTS] ChatRoom already exists
2026-07-17 14:01:29,669 INFO  [default] CREATEROOM request received - creator: 24@SOE+SWG+SWG_NGE room: SOE+SWG+SWG_NGE
2026-07-17 14:01:29,669 ERROR [default] ChatAPI Result Exception: [ROOM_ALREADYEXISTS] ChatRoom already exists
2026-07-17 14:01:29,669 INFO  [default] CREATEROOM request received - creator: 24@SOE+SWG+SWG_NGE room: SOE+SWG+SWG_NGE
2026-07-17 14:01:29,669 ERROR [default] ChatAPI Result Exception: [ROOM_ALREADYEXISTS] ChatRoom already exists
2026-07-17 14:01:29,671 INFO  [default] CREATEROOM request received - creator: 24@SOE+SWG+SWG_NGE room: SOE+SWG+SWG_NGE
2026-07-17 14:01:29,671 ERROR [default] ChatAPI Result Exception: [ROOM_ALREADYEXISTS] ChatRoom already exists
2026-07-17 14:01:29,671 INFO  [default] CREATEROOM request received - creator: 24@SOE+SWG+SWG_NGE room: SOE+SWG+SWG_NGE
2026-07-17 14:01:29,671 ERROR [default] ChatAPI Result Exception: [ROOM_ALREADYEXISTS] ChatRoom already exists
2026-07-17 14:01:29,671 INFO  [default] CREATEROOM request received - creator: 24@SOE+SWG+SWG_NGE room: SOE+SWG+SWG_NGE
2026-07-17 14:01:29,671 ERROR [default] ChatAPI Result Exception: [ROOM_ALREADYEXISTS] ChatRoom already exists
2026-07-17 14:01:29,671 INFO  [default] CREATEROOM request received - creator: 24@SOE+SWG+SWG_NGE room: SOE+SWG+SWG_NGE
2026-07-17 14:01:29,671 ERROR [default] ChatAPI Result Exception: [ROOM_ALREADYEXISTS] ChatRoom already exists
2026-07-17 14:01:29,671 INFO  [default] CREATEROOM request received - creator: 24@SOE+SWG+SWG_NGE room: SOE+SWG+SWG_NGE
2026-07-17 14:01:29,671 ERROR [default] ChatAPI Result Exception: [ROOM_ALREADYEXISTS] ChatRoom already exists
2026-07-17 14:01:29,671 INFO  [default] CREATEROOM request received - creator: 24@SOE+SWG+SWG_NGE room: SOE+SWG+SWG_NGE
2026-07-17 14:01:29,671 ERROR [default] ChatAPI Result Exception: [ROOM_ALREADYEXISTS] ChatRoom already exists
2026-07-17 14:01:29,671 INFO  [default] CREATEROOM request received - creator: 24@SOE+SWG+SWG_NGE room: SOE+SWG+SWG_NGE
2026-07-17 14:01:29,671 ERROR [default] ChatAPI Result Exception: [ROOM_ALREADYEXISTS] ChatRoom already exists
2026-07-17 14:01:29,671 INFO  [default] CREATEROOM request received - creator: 24@SOE+SWG+SWG_NGE room: SOE+SWG+SWG_NGE
2026-07-17 14:01:29,671 ERROR [default] ChatAPI Result Exception: [ROOM_ALREADYEXISTS] ChatRoom already exists
2026-07-17 14:01:29,671 INFO  [default] CREATEROOM request received - creator: 24@SOE+SWG+SWG_NGE room: SOE+SWG+SWG_NGE
2026-07-17 14:01:29,671 ERROR [default] ChatAPI Result Exception: [ROOM_ALREADYEXISTS] ChatRoom already exists
2026-07-17 14:01:29,671 INFO  [default] CREATEROOM request received - creator: 24@SOE+SWG+SWG_NGE room: SOE+SWG+SWG_NGE
2026-07-17 14:01:29,671 ERROR [default] ChatAPI Result Exception: [ROOM_ALREADYEXISTS] ChatRoom already exists
2026-07-17 14:01:29,671 INFO  [default] CREATEROOM request received - creator: 24@SOE+SWG+SWG_NGE room: SOE+SWG+SWG_NGE
2026-07-17 14:01:29,672 ERROR [default] ChatAPI Result Exception: [ROOM_ALREADYEXISTS] ChatRoom already exists
2026-07-17 14:01:29,672 INFO  [default] CREATEROOM request received - creator: 24@SOE+SWG+SWG_NGE room: SOE+SWG+SWG_NGE
2026-07-17 14:01:29,672 ERROR [default] ChatAPI Result Exception: [ROOM_ALREADYEXISTS] ChatRoom already exists
2026-07-17 14:01:29,672 INFO  [default] CREATEROOM request received - creator: 24@SOE+SWG+SWG_NGE room: SOE+SWG+SWG_NGE
2026-07-17 14:01:29,672 ERROR [default] ChatAPI Result Exception: [ROOM_ALREADYEXISTS] ChatRoom already exists
2026-07-17 14:01:29,672 INFO  [default] CREATEROOM request received - creator: 24@SOE+SWG+SWG_NGE room: SOE+SWG+SWG_NGE
2026-07-17 14:01:29,672 ERROR [default] ChatAPI Result Exception: [ROOM_ALREADYEXISTS] ChatRoom already exists
2026-07-17 14:01:29,672 INFO  [default] CREATEROOM request received - creator: 24@SOE+SWG+SWG_NGE room: SOE+SWG+SWG_NGE
2026-07-17 14:01:29,672 ERROR [default] ChatAPI Result Exception: [ROOM_ALREADYEXISTS] ChatRoom already exists
2026-07-17 14:01:29,672 INFO  [default] CREATEROOM request received - creator: 24@SOE+SWG+SWG_NGE room: SOE+SWG+SWG_NGE
2026-07-17 14:01:29,672 ERROR [default] ChatAPI Result Exception: [ROOM_ALREADYEXISTS] ChatRoom already exists
2026-07-17 14:01:29,672 INFO  [default] CREATEROOM request received - creator: 24@SOE+SWG+SWG_NGE room: SOE+SWG+SWG_NGE
2026-07-17 14:01:29,672 ERROR [default] ChatAPI Result Exception: [ROOM_ALREADYEXISTS] ChatRoom already exists
2026-07-17 14:01:29,672 INFO  [default] CREATEROOM request received - creator: 24@SOE+SWG+SWG_NGE room: SOE+SWG+SWG_NGE+talus
2026-07-17 14:01:29,672 ERROR [default] ChatAPI Result Exception: [ROOM_ALREADYEXISTS] ChatRoom already exists
2026-07-17 14:01:29,672 INFO  [default] CREATEROOM request received - creator: 24@SOE+SWG+SWG_NGE room: SOE+SWG+SWG_NGE
2026-07-17 14:01:29,672 ERROR [default] ChatAPI Result Exception: [ROOM_ALREADYEXISTS] ChatRoom already exists
2026-07-17 14:01:29,672 INFO  [default] CREATEROOM request received - creator: 24@SOE+SWG+SWG_NGE room: SOE+SWG+SWG_NGE+talus
2026-07-17 14:01:29,672 ERROR [default] ChatAPI Result Exception: [ROOM_ALREADYEXISTS] ChatRoom already exists
2026-07-17 14:01:29,672 INFO  [default] CREATEROOM request received - creator: 24@SOE+SWG+SWG_NGE room: SOE+SWG+SWG_NGE+talus+named
2026-07-17 14:01:29,672 ERROR [default] ChatAPI Result Exception: [ROOM_ALREADYEXISTS] ChatRoom already exists
2026-07-17 14:01:29,672 INFO  [default] CREATEROOM request received - creator: 24@SOE+SWG+SWG_NGE room: SOE+SWG+SWG_NGE
2026-07-17 14:01:29,672 ERROR [default] ChatAPI Result Exception: [ROOM_ALREADYEXISTS] ChatRoom already exists
2026-07-17 14:01:29,672 INFO  [default] CREATEROOM request received - creator: 24@SOE+SWG+SWG_NGE room: SOE+SWG+SWG_NGE+talus
2026-07-17 14:01:29,672 ERROR [default] ChatAPI Result Exception: [ROOM_ALREADYEXISTS] ChatRoom already exists
2026-07-17 14:01:29,672 INFO  [default] CREATEROOM request received - creator: 24@SOE+SWG+SWG_NGE room: SOE+SWG+SWG_NGE+talus+named
2026-07-17 14:01:29,672 ERROR [default] ChatAPI Result Exception: [ROOM_ALREADYEXISTS] ChatRoom already exists
2026-07-17 14:01:29,672 INFO  [default] CREATEROOM request received - creator: 24@SOE+SWG+SWG_NGE room: SOE+SWG+SWG_NGE
2026-07-17 14:01:29,672 ERROR [default] ChatAPI Result Exception: [ROOM_ALREADYEXISTS] ChatRoom already exists
2026-07-17 14:01:29,672 INFO  [default] CREATEROOM request received - creator: 24@SOE+SWG+SWG_NGE room: SOE+SWG+SWG_NGE+talus
2026-07-17 14:01:29,672 ERROR [default] ChatAPI Result Exception: [ROOM_ALREADYEXISTS] ChatRoom already exists
2026-07-17 14:01:29,672 INFO  [default] CREATEROOM request received - creator: 24@SOE+SWG+SWG_NGE room: SOE+SWG+SWG_NGE
2026-07-17 14:01:29,672 ERROR [default] ChatAPI Result Exception: [ROOM_ALREADYEXISTS] ChatRoom already exists
2026-07-17 14:01:29,672 INFO  [default] CREATEROOM request received - creator: 24@SOE+SWG+SWG_NGE room: SOE+SWG+SWG_NGE+talus
2026-07-17 14:01:29,672 ERROR [default] ChatAPI Result Exception: [ROOM_ALREADYEXISTS] ChatRoom already exists
2026-07-17 14:01:29,684 INFO  [default] CREATEROOM request received - creator: 24@SOE+SWG+SWG_NGE room: SOE+SWG+SWG_NGE
2026-07-17 14:01:29,684 ERROR [default] ChatAPI Result Exception: [ROOM_ALREADYEXISTS] ChatRoom already exists
2026-07-17 14:01:29,684 INFO  [default] CREATEROOM request received - creator: 24@SOE+SWG+SWG_NGE room: SOE+SWG+SWG_NGE
2026-07-17 14:01:29,684 ERROR [default] ChatAPI Result Exception: [ROOM_ALREADYEXISTS] ChatRoom already exists
2026-07-17 14:01:29,684 INFO  [default] CREATEROOM request received - creator: 24@SOE+SWG+SWG_NGE room: SOE+SWG+SWG_NGE
2026-07-17 14:01:29,684 ERROR [default] ChatAPI Result Exception: [ROOM_ALREADYEXISTS] ChatRoom already exists
2026-07-17 14:01:29,684 INFO  [default] CREATEROOM request received - creator: 24@SOE+SWG+SWG_NGE room: SOE+SWG+SWG_NGE
2026-07-17 14:01:29,684 ERROR [default] ChatAPI Result Exception: [ROOM_ALREADYEXISTS] ChatRoom already exists
2026-07-17 14:01:29,684 INFO  [default] CREATEROOM request received - creator: 24@SOE+SWG+SWG_NGE room: SOE+SWG+SWG_NGE
2026-07-17 14:01:29,684 ERROR [default] ChatAPI Result Exception: [ROOM_ALREADYEXISTS] ChatRoom already exists
2026-07-17 14:01:29,684 INFO  [default] CREATEROOM request received - creator: 24@SOE+SWG+SWG_NGE room: SOE+SWG+SWG_NGE
2026-07-17 14:01:29,684 ERROR [default] ChatAPI Result Exception: [ROOM_ALREADYEXISTS] ChatRoom already exists
2026-07-17 14:01:29,684 INFO  [default] CREATEROOM request received - creator: 24@SOE+SWG+SWG_NGE room: SOE+SWG+SWG_NGE
2026-07-17 14:01:29,684 ERROR [default] ChatAPI Result Exception: [ROOM_ALREADYEXISTS] ChatRoom already exists
2026-07-17 14:01:29,684 INFO  [default] CREATEROOM request received - creator: 24@SOE+SWG+SWG_NGE room: SOE+SWG+SWG_NGE
2026-07-17 14:01:29,684 ERROR [default] ChatAPI Result Exception: [ROOM_ALREADYEXISTS] ChatRoom already exists
2026-07-17 14:01:29,684 INFO  [default] CREATEROOM request received - creator: 24@SOE+SWG+SWG_NGE room: SOE+SWG+SWG_NGE
2026-07-17 14:01:29,684 ERROR [default] ChatAPI Result Exception: [ROOM_ALREADYEXISTS] ChatRoom already exists
2026-07-17 14:01:29,684 INFO  [default] CREATEROOM request received - creator: 24@SOE+SWG+SWG_NGE room: SOE+SWG+SWG_NGE
2026-07-17 14:01:29,684 ERROR [default] ChatAPI Result Exception: [ROOM_ALREADYEXISTS] ChatRoom already exists
2026-07-17 14:01:29,685 INFO  [default] CREATEROOM request received - creator: 24@SOE+SWG+SWG_NGE room: SOE+SWG+SWG_NGE
2026-07-17 14:01:29,685 ERROR [default] ChatAPI Result Exception: [ROOM_ALREADYEXISTS] ChatRoom already exists
     [exec] New chat server connection active
     [exec] New chat server connection active
2026-07-17 14:01:29,757 INFO  [default] CREATEROOM request received - creator: 24@SOE+SWG+SWG_NGE room: SOE+SWG+SWG_NGE
2026-07-17 14:01:29,757 ERROR [default] ChatAPI Result Exception: [ROOM_ALREADYEXISTS] ChatRoom already exists
2026-07-17 14:01:29,757 INFO  [default] CREATEROOM request received - creator: 24@SOE+SWG+SWG_NGE room: SOE+SWG+SWG_NGE
2026-07-17 14:01:29,757 ERROR [default] ChatAPI Result Exception: [ROOM_ALREADYEXISTS] ChatRoom already exists
2026-07-17 14:01:29,757 INFO  [default] CREATEROOM request received - creator: 24@SOE+SWG+SWG_NGE room: SOE+SWG+SWG_NGE
2026-07-17 14:01:29,757 ERROR [default] ChatAPI Result Exception: [ROOM_ALREADYEXISTS] ChatRoom already exists
2026-07-17 14:01:29,757 INFO  [default] CREATEROOM request received - creator: 24@SOE+SWG+SWG_NGE room: SOE+SWG+SWG_NGE
2026-07-17 14:01:29,757 ERROR [default] ChatAPI Result Exception: [ROOM_ALREADYEXISTS] ChatRoom already exists
2026-07-17 14:01:29,757 INFO  [default] CREATEROOM request received - creator: 24@SOE+SWG+SWG_NGE room: SOE+SWG+SWG_NGE
2026-07-17 14:01:29,757 ERROR [default] ChatAPI Result Exception: [ROOM_ALREADYEXISTS] ChatRoom already exists
2026-07-17 14:01:29,757 INFO  [default] CREATEROOM request received - creator: 24@SOE+SWG+SWG_NGE room: SOE+SWG+SWG_NGE
2026-07-17 14:01:29,757 ERROR [default] ChatAPI Result Exception: [ROOM_ALREADYEXISTS] ChatRoom already exists
2026-07-17 14:01:29,757 INFO  [default] CREATEROOM request received - creator: 24@SOE+SWG+SWG_NGE room: SOE+SWG+SWG_NGE
2026-07-17 14:01:29,757 ERROR [default] ChatAPI Result Exception: [ROOM_ALREADYEXISTS] ChatRoom already exists
2026-07-17 14:01:29,757 INFO  [default] CREATEROOM request received - creator: 24@SOE+SWG+SWG_NGE room: SOE+SWG+SWG_NGE
2026-07-17 14:01:29,757 ERROR [default] ChatAPI Result Exception: [ROOM_ALREADYEXISTS] ChatRoom already exists
2026-07-17 14:01:29,757 INFO  [default] CREATEROOM request received - creator: 24@SOE+SWG+SWG_NGE room: SOE+SWG+SWG_NGE
2026-07-17 14:01:29,757 ERROR [default] ChatAPI Result Exception: [ROOM_ALREADYEXISTS] ChatRoom already exists
2026-07-17 14:01:29,757 INFO  [default] CREATEROOM request received - creator: 24@SOE+SWG+SWG_NGE room: SOE+SWG+SWG_NGE
2026-07-17 14:01:29,757 ERROR [default] ChatAPI Result Exception: [ROOM_ALREADYEXISTS] ChatRoom already exists
2026-07-17 14:01:29,757 INFO  [default] CREATEROOM request received - creator: 24@SOE+SWG+SWG_NGE room: SOE+SWG+SWG_NGE
2026-07-17 14:01:29,757 ERROR [default] ChatAPI Result Exception: [ROOM_ALREADYEXISTS] ChatRoom already exists
2026-07-17 14:01:29,757 INFO  [default] CREATEROOM request received - creator: 24@SOE+SWG+SWG_NGE room: SOE+SWG+SWG_NGE
2026-07-17 14:01:29,757 ERROR [default] ChatAPI Result Exception: [ROOM_ALREADYEXISTS] ChatRoom already exists
2026-07-17 14:01:29,757 INFO  [default] CREATEROOM request received - creator: 24@SOE+SWG+SWG_NGE room: SOE+SWG+SWG_NGE
2026-07-17 14:01:29,757 INFO  [default] Creating room corellia@SOE+SWG+SWG_NGE with attributes 0
2026-07-17 14:01:29,758 INFO  [default] CREATEROOM request received - creator: 24@SOE+SWG+SWG_NGE room: SOE+SWG+SWG_NGE+corellia
2026-07-17 14:01:29,758 INFO  [default] Creating room Planet@SOE+SWG+SWG_NGE+corellia with attributes 0
2026-07-17 14:01:29,758 INFO  [default] CREATEROOM request received - creator: 24@SOE+SWG+SWG_NGE room: SOE+SWG+SWG_NGE
2026-07-17 14:01:29,758 ERROR [default] ChatAPI Result Exception: [ROOM_ALREADYEXISTS] ChatRoom already exists
2026-07-17 14:01:29,758 INFO  [default] CREATEROOM request received - creator: 24@SOE+SWG+SWG_NGE room: SOE+SWG+SWG_NGE+corellia
2026-07-17 14:01:29,758 INFO  [default] Creating room named@SOE+SWG+SWG_NGE+corellia with attributes 0
2026-07-17 14:01:29,758 INFO  [default] CREATEROOM request received - creator: 24@SOE+SWG+SWG_NGE room: SOE+SWG+SWG_NGE+corellia+named
2026-07-17 14:01:29,758 INFO  [default] Creating room Auction@SOE+SWG+SWG_NGE+corellia+named with attributes 0
2026-07-17 14:01:29,758 INFO  [default] CREATEROOM request received - creator: 24@SOE+SWG+SWG_NGE room: SOE+SWG+SWG_NGE
2026-07-17 14:01:29,758 ERROR [default] ChatAPI Result Exception: [ROOM_ALREADYEXISTS] ChatRoom already exists
2026-07-17 14:01:29,758 INFO  [default] CREATEROOM request received - creator: 24@SOE+SWG+SWG_NGE room: SOE+SWG+SWG_NGE+corellia
2026-07-17 14:01:29,758 ERROR [default] ChatAPI Result Exception: [ROOM_ALREADYEXISTS] ChatRoom already exists
2026-07-17 14:01:29,758 INFO  [default] CREATEROOM request received - creator: 24@SOE+SWG+SWG_NGE room: SOE+SWG+SWG_NGE+corellia+named
2026-07-17 14:01:29,758 INFO  [default] Creating room Planet@SOE+SWG+SWG_NGE+corellia+named with attributes 0
2026-07-17 14:01:29,758 INFO  [default] CREATEROOM request received - creator: 24@SOE+SWG+SWG_NGE room: SOE+SWG+SWG_NGE
2026-07-17 14:01:29,758 ERROR [default] ChatAPI Result Exception: [ROOM_ALREADYEXISTS] ChatRoom already exists
2026-07-17 14:01:29,758 INFO  [default] CREATEROOM request received - creator: 24@SOE+SWG+SWG_NGE room: SOE+SWG+SWG_NGE+corellia
2026-07-17 14:01:29,758 ERROR [default] ChatAPI Result Exception: [ROOM_ALREADYEXISTS] ChatRoom already exists
2026-07-17 14:01:29,758 INFO  [default] CREATEROOM request received - creator: 24@SOE+SWG+SWG_NGE room: SOE+SWG+SWG_NGE
2026-07-17 14:01:29,758 ERROR [default] ChatAPI Result Exception: [ROOM_ALREADYEXISTS] ChatRoom already exists
2026-07-17 14:01:29,758 INFO  [default] CREATEROOM request received - creator: 24@SOE+SWG+SWG_NGE room: SOE+SWG+SWG_NGE+corellia
2026-07-17 14:01:29,758 INFO  [default] Creating room Chat@SOE+SWG+SWG_NGE+corellia with attributes 0
2026-07-17 14:01:29,758 INFO  [default] CREATEROOM request received - creator: 24@SOE+SWG+SWG_NGE room: SOE+SWG+SWG_NGE
2026-07-17 14:01:29,758 ERROR [default] ChatAPI Result Exception: [ROOM_ALREADYEXISTS] ChatRoom already exists
2026-07-17 14:01:29,758 INFO  [default] CREATEROOM request received - creator: 24@SOE+SWG+SWG_NGE room: SOE+SWG+SWG_NGE
2026-07-17 14:01:29,758 ERROR [default] ChatAPI Result Exception: [ROOM_ALREADYEXISTS] ChatRoom already exists
2026-07-17 14:01:29,758 INFO  [default] CREATEROOM request received - creator: 24@SOE+SWG+SWG_NGE room: SOE+SWG+SWG_NGE
2026-07-17 14:01:29,758 ERROR [default] ChatAPI Result Exception: [ROOM_ALREADYEXISTS] ChatRoom already exists
2026-07-17 14:01:29,758 INFO  [default] CREATEROOM request received - creator: 24@SOE+SWG+SWG_NGE room: SOE+SWG+SWG_NGE
2026-07-17 14:01:29,758 ERROR [default] ChatAPI Result Exception: [ROOM_ALREADYEXISTS] ChatRoom already exists
2026-07-17 14:01:29,759 INFO  [default] CREATEROOM request received - creator: 24@SOE+SWG+SWG_NGE room: SOE+SWG+SWG_NGE
2026-07-17 14:01:29,759 ERROR [default] ChatAPI Result Exception: [ROOM_ALREADYEXISTS] ChatRoom already exists
2026-07-17 14:01:29,759 INFO  [default] CREATEROOM request received - creator: 24@SOE+SWG+SWG_NGE room: SOE+SWG+SWG_NGE
2026-07-17 14:01:29,759 ERROR [default] ChatAPI Result Exception: [ROOM_ALREADYEXISTS] ChatRoom already exists
2026-07-17 14:01:29,759 INFO  [default] CREATEROOM request received - creator: 24@SOE+SWG+SWG_NGE room: SOE+SWG+SWG_NGE
2026-07-17 14:01:29,759 ERROR [default] ChatAPI Result Exception: [ROOM_ALREADYEXISTS] ChatRoom already exists
2026-07-17 14:01:29,762 INFO  [default] CREATEROOM request received - creator: 24@SOE+SWG+SWG_NGE room: SOE+SWG+SWG_NGE
2026-07-17 14:01:29,762 ERROR [default] ChatAPI Result Exception: [ROOM_ALREADYEXISTS] ChatRoom already exists
2026-07-17 14:01:29,762 INFO  [default] CREATEROOM request received - creator: 24@SOE+SWG+SWG_NGE room: SOE+SWG+SWG_NGE
2026-07-17 14:01:29,762 ERROR [default] ChatAPI Result Exception: [ROOM_ALREADYEXISTS] ChatRoom already exists
2026-07-17 14:01:29,762 INFO  [default] CREATEROOM request received - creator: 24@SOE+SWG+SWG_NGE room: SOE+SWG+SWG_NGE
2026-07-17 14:01:29,762 ERROR [default] ChatAPI Result Exception: [ROOM_ALREADYEXISTS] ChatRoom already exists
2026-07-17 14:01:29,762 INFO  [default] CREATEROOM request received - creator: 24@SOE+SWG+SWG_NGE room: SOE+SWG+SWG_NGE
2026-07-17 14:01:29,762 ERROR [default] ChatAPI Result Exception: [ROOM_ALREADYEXISTS] ChatRoom already exists
2026-07-17 14:01:29,762 INFO  [default] CREATEROOM request received - creator: 24@SOE+SWG+SWG_NGE room: SOE+SWG+SWG_NGE
2026-07-17 14:01:29,763 ERROR [default] ChatAPI Result Exception: [ROOM_ALREADYEXISTS] ChatRoom already exists
2026-07-17 14:01:29,763 INFO  [default] CREATEROOM request received - creator: 24@SOE+SWG+SWG_NGE room: SOE+SWG+SWG_NGE
2026-07-17 14:01:29,763 ERROR [default] ChatAPI Result Exception: [ROOM_ALREADYEXISTS] ChatRoom already exists
2026-07-17 14:01:29,763 INFO  [default] CREATEROOM request received - creator: 24@SOE+SWG+SWG_NGE room: SOE+SWG+SWG_NGE
2026-07-17 14:01:29,763 ERROR [default] ChatAPI Result Exception: [ROOM_ALREADYEXISTS] ChatRoom already exists
2026-07-17 14:01:29,763 INFO  [default] CREATEROOM request received - creator: 24@SOE+SWG+SWG_NGE room: SOE+SWG+SWG_NGE
2026-07-17 14:01:29,763 ERROR [default] ChatAPI Result Exception: [ROOM_ALREADYEXISTS] ChatRoom already exists
2026-07-17 14:01:29,763 INFO  [default] CREATEROOM request received - creator: 24@SOE+SWG+SWG_NGE room: SOE+SWG+SWG_NGE
2026-07-17 14:01:29,763 ERROR [default] ChatAPI Result Exception: [ROOM_ALREADYEXISTS] ChatRoom already exists
2026-07-17 14:01:29,763 INFO  [default] CREATEROOM request received - creator: 24@SOE+SWG+SWG_NGE room: SOE+SWG+SWG_NGE
2026-07-17 14:01:29,763 ERROR [default] ChatAPI Result Exception: [ROOM_ALREADYEXISTS] ChatRoom already exists
2026-07-17 14:01:29,763 INFO  [default] CREATEROOM request received - creator: 24@SOE+SWG+SWG_NGE room: SOE+SWG+SWG_NGE
2026-07-17 14:01:29,763 ERROR [default] ChatAPI Result Exception: [ROOM_ALREADYEXISTS] ChatRoom already exists
2026-07-17 14:01:29,763 INFO  [default] CREATEROOM request received - creator: 24@SOE+SWG+SWG_NGE room: SOE+SWG+SWG_NGE
2026-07-17 14:01:29,763 ERROR [default] ChatAPI Result Exception: [ROOM_ALREADYEXISTS] ChatRoom already exists
2026-07-17 14:01:29,763 INFO  [default] CREATEROOM request received - creator: 24@SOE+SWG+SWG_NGE room: SOE+SWG+SWG_NGE
2026-07-17 14:01:29,763 ERROR [default] ChatAPI Result Exception: [ROOM_ALREADYEXISTS] ChatRoom already exists
2026-07-17 14:01:29,763 INFO  [default] CREATEROOM request received - creator: 24@SOE+SWG+SWG_NGE room: SOE+SWG+SWG_NGE
2026-07-17 14:01:29,763 ERROR [default] ChatAPI Result Exception: [ROOM_ALREADYEXISTS] ChatRoom already exists
2026-07-17 14:01:29,763 INFO  [default] CREATEROOM request received - creator: 24@SOE+SWG+SWG_NGE room: SOE+SWG+SWG_NGE
2026-07-17 14:01:29,763 ERROR [default] ChatAPI Result Exception: [ROOM_ALREADYEXISTS] ChatRoom already exists
2026-07-17 14:01:29,763 INFO  [default] CREATEROOM request received - creator: 24@SOE+SWG+SWG_NGE room: SOE+SWG+SWG_NGE
2026-07-17 14:01:29,763 ERROR [default] ChatAPI Result Exception: [ROOM_ALREADYEXISTS] ChatRoom already exists
2026-07-17 14:01:29,763 INFO  [default] CREATEROOM request received - creator: 24@SOE+SWG+SWG_NGE room: SOE+SWG+SWG_NGE
2026-07-17 14:01:29,763 ERROR [default] ChatAPI Result Exception: [ROOM_ALREADYEXISTS] ChatRoom already exists
2026-07-17 14:01:29,763 INFO  [default] CREATEROOM request received - creator: 24@SOE+SWG+SWG_NGE room: SOE+SWG+SWG_NGE+corellia
2026-07-17 14:01:29,763 ERROR [default] ChatAPI Result Exception: [ROOM_ALREADYEXISTS] ChatRoom already exists
2026-07-17 14:01:29,763 INFO  [default] CREATEROOM request received - creator: 24@SOE+SWG+SWG_NGE room: SOE+SWG+SWG_NGE
2026-07-17 14:01:29,763 ERROR [default] ChatAPI Result Exception: [ROOM_ALREADYEXISTS] ChatRoom already exists
2026-07-17 14:01:29,763 INFO  [default] CREATEROOM request received - creator: 24@SOE+SWG+SWG_NGE room: SOE+SWG+SWG_NGE+corellia
2026-07-17 14:01:29,763 ERROR [default] ChatAPI Result Exception: [ROOM_ALREADYEXISTS] ChatRoom already exists
2026-07-17 14:01:29,763 INFO  [default] CREATEROOM request received - creator: 24@SOE+SWG+SWG_NGE room: SOE+SWG+SWG_NGE+corellia+named
2026-07-17 14:01:29,763 ERROR [default] ChatAPI Result Exception: [ROOM_ALREADYEXISTS] ChatRoom already exists
2026-07-17 14:01:29,763 INFO  [default] CREATEROOM request received - creator: 24@SOE+SWG+SWG_NGE room: SOE+SWG+SWG_NGE
2026-07-17 14:01:29,763 ERROR [default] ChatAPI Result Exception: [ROOM_ALREADYEXISTS] ChatRoom already exists
2026-07-17 14:01:29,763 INFO  [default] CREATEROOM request received - creator: 24@SOE+SWG+SWG_NGE room: SOE+SWG+SWG_NGE+corellia
2026-07-17 14:01:29,763 ERROR [default] ChatAPI Result Exception: [ROOM_ALREADYEXISTS] ChatRoom already exists
2026-07-17 14:01:29,763 INFO  [default] CREATEROOM request received - creator: 24@SOE+SWG+SWG_NGE room: SOE+SWG+SWG_NGE+corellia+named
2026-07-17 14:01:29,764 ERROR [default] ChatAPI Result Exception: [ROOM_ALREADYEXISTS] ChatRoom already exists
2026-07-17 14:01:29,764 INFO  [default] CREATEROOM request received - creator: 24@SOE+SWG+SWG_NGE room: SOE+SWG+SWG_NGE
2026-07-17 14:01:29,764 ERROR [default] ChatAPI Result Exception: [ROOM_ALREADYEXISTS] ChatRoom already exists
2026-07-17 14:01:29,764 INFO  [default] CREATEROOM request received - creator: 24@SOE+SWG+SWG_NGE room: SOE+SWG+SWG_NGE+corellia
2026-07-17 14:01:29,764 ERROR [default] ChatAPI Result Exception: [ROOM_ALREADYEXISTS] ChatRoom already exists
2026-07-17 14:01:29,764 INFO  [default] CREATEROOM request received - creator: 24@SOE+SWG+SWG_NGE room: SOE+SWG+SWG_NGE
2026-07-17 14:01:29,764 ERROR [default] ChatAPI Result Exception: [ROOM_ALREADYEXISTS] ChatRoom already exists
2026-07-17 14:01:29,764 INFO  [default] CREATEROOM request received - creator: 24@SOE+SWG+SWG_NGE room: SOE+SWG+SWG_NGE+corellia
2026-07-17 14:01:29,764 ERROR [default] ChatAPI Result Exception: [ROOM_ALREADYEXISTS] ChatRoom already exists
2026-07-17 14:01:29,764 INFO  [default] CREATEROOM request received - creator: 24@SOE+SWG+SWG_NGE room: SOE+SWG+SWG_NGE
2026-07-17 14:01:29,764 ERROR [default] ChatAPI Result Exception: [ROOM_ALREADYEXISTS] ChatRoom already exists
2026-07-17 14:01:29,764 INFO  [default] CREATEROOM request received - creator: 24@SOE+SWG+SWG_NGE room: SOE+SWG+SWG_NGE
2026-07-17 14:01:29,764 ERROR [default] ChatAPI Result Exception: [ROOM_ALREADYEXISTS] ChatRoom already exists
2026-07-17 14:01:29,764 INFO  [default] CREATEROOM request received - creator: 24@SOE+SWG+SWG_NGE room: SOE+SWG+SWG_NGE
2026-07-17 14:01:29,764 ERROR [default] ChatAPI Result Exception: [ROOM_ALREADYEXISTS] ChatRoom already exists
2026-07-17 14:01:29,764 INFO  [default] CREATEROOM request received - creator: 24@SOE+SWG+SWG_NGE room: SOE+SWG+SWG_NGE
2026-07-17 14:01:29,764 ERROR [default] ChatAPI Result Exception: [ROOM_ALREADYEXISTS] ChatRoom already exists
2026-07-17 14:01:29,764 INFO  [default] CREATEROOM request received - creator: 24@SOE+SWG+SWG_NGE room: SOE+SWG+SWG_NGE
2026-07-17 14:01:29,764 ERROR [default] ChatAPI Result Exception: [ROOM_ALREADYEXISTS] ChatRoom already exists
2026-07-17 14:01:29,764 INFO  [default] CREATEROOM request received - creator: 24@SOE+SWG+SWG_NGE room: SOE+SWG+SWG_NGE
2026-07-17 14:01:29,764 ERROR [default] ChatAPI Result Exception: [ROOM_ALREADYEXISTS] ChatRoom already exists
2026-07-17 14:01:29,764 INFO  [default] CREATEROOM request received - creator: 24@SOE+SWG+SWG_NGE room: SOE+SWG+SWG_NGE
2026-07-17 14:01:29,764 ERROR [default] ChatAPI Result Exception: [ROOM_ALREADYEXISTS] ChatRoom already exists
2026-07-17 14:01:29,764 INFO  [default] CREATEROOM request received - creator: 24@SOE+SWG+SWG_NGE room: SOE+SWG+SWG_NGE
2026-07-17 14:01:29,764 ERROR [default] ChatAPI Result Exception: [ROOM_ALREADYEXISTS] ChatRoom already exists
2026-07-17 14:01:29,764 INFO  [default] CREATEROOM request received - creator: 24@SOE+SWG+SWG_NGE room: SOE+SWG+SWG_NGE
2026-07-17 14:01:29,764 ERROR [default] ChatAPI Result Exception: [ROOM_ALREADYEXISTS] ChatRoom already exists
2026-07-17 14:01:29,764 INFO  [default] CREATEROOM request received - creator: 24@SOE+SWG+SWG_NGE room: SOE+SWG+SWG_NGE
2026-07-17 14:01:29,764 ERROR [default] ChatAPI Result Exception: [ROOM_ALREADYEXISTS] ChatRoom already exists
2026-07-17 14:01:29,764 INFO  [default] CREATEROOM request received - creator: 24@SOE+SWG+SWG_NGE room: SOE+SWG+SWG_NGE
2026-07-17 14:01:29,764 ERROR [default] ChatAPI Result Exception: [ROOM_ALREADYEXISTS] ChatRoom already exists
2026-07-17 14:01:29,764 INFO  [default] CREATEROOM request received - creator: 24@SOE+SWG+SWG_NGE room: SOE+SWG+SWG_NGE
2026-07-17 14:01:29,764 ERROR [default] ChatAPI Result Exception: [ROOM_ALREADYEXISTS] ChatRoom already exists
2026-07-17 14:01:29,764 INFO  [default] CREATEROOM request received - creator: 24@SOE+SWG+SWG_NGE room: SOE+SWG+SWG_NGE
2026-07-17 14:01:29,764 ERROR [default] ChatAPI Result Exception: [ROOM_ALREADYEXISTS] ChatRoom already exists
2026-07-17 14:01:29,764 INFO  [default] CREATEROOM request received - creator: 24@SOE+SWG+SWG_NGE room: SOE+SWG+SWG_NGE
2026-07-17 14:01:29,764 ERROR [default] ChatAPI Result Exception: [ROOM_ALREADYEXISTS] ChatRoom already exists
2026-07-17 14:01:29,764 INFO  [default] CREATEROOM request received - creator: 24@SOE+SWG+SWG_NGE room: SOE+SWG+SWG_NGE
2026-07-17 14:01:29,764 ERROR [default] ChatAPI Result Exception: [ROOM_ALREADYEXISTS] ChatRoom already exists
2026-07-17 14:01:29,765 INFO  [default] CREATEROOM request received - creator: 24@SOE+SWG+SWG_NGE room: SOE+SWG+SWG_NGE
2026-07-17 14:01:29,765 ERROR [default] ChatAPI Result Exception: [ROOM_ALREADYEXISTS] ChatRoom already exists
2026-07-17 14:01:29,765 INFO  [default] CREATEROOM request received - creator: 24@SOE+SWG+SWG_NGE room: SOE+SWG+SWG_NGE
2026-07-17 14:01:29,765 ERROR [default] ChatAPI Result Exception: [ROOM_ALREADYEXISTS] ChatRoom already exists
2026-07-17 14:01:29,765 INFO  [default] CREATEROOM request received - creator: 24@SOE+SWG+SWG_NGE room: SOE+SWG+SWG_NGE
2026-07-17 14:01:29,765 ERROR [default] ChatAPI Result Exception: [ROOM_ALREADYEXISTS] ChatRoom already exists
2026-07-17 14:01:29,765 INFO  [default] CREATEROOM request received - creator: 24@SOE+SWG+SWG_NGE room: SOE+SWG+SWG_NGE
2026-07-17 14:01:29,765 ERROR [default] ChatAPI Result Exception: [ROOM_ALREADYEXISTS] ChatRoom already exists
2026-07-17 14:01:29,765 INFO  [default] CREATEROOM request received - creator: 24@SOE+SWG+SWG_NGE room: SOE+SWG+SWG_NGE
2026-07-17 14:01:29,765 ERROR [default] ChatAPI Result Exception: [ROOM_ALREADYEXISTS] ChatRoom already exists
2026-07-17 14:01:29,765 INFO  [default] CREATEROOM request received - creator: 24@SOE+SWG+SWG_NGE room: SOE+SWG+SWG_NGE
2026-07-17 14:01:29,765 ERROR [default] ChatAPI Result Exception: [ROOM_ALREADYEXISTS] ChatRoom already exists
2026-07-17 14:01:29,765 INFO  [default] CREATEROOM request received - creator: 24@SOE+SWG+SWG_NGE room: SOE+SWG+SWG_NGE
2026-07-17 14:01:29,765 ERROR [default] ChatAPI Result Exception: [ROOM_ALREADYEXISTS] ChatRoom already exists
2026-07-17 14:01:29,765 INFO  [default] CREATEROOM request received - creator: 24@SOE+SWG+SWG_NGE room: SOE+SWG+SWG_NGE
2026-07-17 14:01:29,765 ERROR [default] ChatAPI Result Exception: [ROOM_ALREADYEXISTS] ChatRoom already exists
2026-07-17 14:01:29,765 INFO  [default] CREATEROOM request received - creator: 24@SOE+SWG+SWG_NGE room: SOE+SWG+SWG_NGE
2026-07-17 14:01:29,765 INFO  [default] Creating room yavin4@SOE+SWG+SWG_NGE with attributes 0
2026-07-17 14:01:29,765 INFO  [default] CREATEROOM request received - creator: 24@SOE+SWG+SWG_NGE room: SOE+SWG+SWG_NGE+yavin4
2026-07-17 14:01:29,765 INFO  [default] Creating room Planet@SOE+SWG+SWG_NGE+yavin4 with attributes 0
2026-07-17 14:01:29,765 INFO  [default] CREATEROOM request received - creator: 24@SOE+SWG+SWG_NGE room: SOE+SWG+SWG_NGE
2026-07-17 14:01:29,765 ERROR [default] ChatAPI Result Exception: [ROOM_ALREADYEXISTS] ChatRoom already exists
2026-07-17 14:01:29,765 INFO  [default] CREATEROOM request received - creator: 24@SOE+SWG+SWG_NGE room: SOE+SWG+SWG_NGE+yavin4
2026-07-17 14:01:29,765 INFO  [default] Creating room named@SOE+SWG+SWG_NGE+yavin4 with attributes 0
2026-07-17 14:01:29,765 INFO  [default] CREATEROOM request received - creator: 24@SOE+SWG+SWG_NGE room: SOE+SWG+SWG_NGE+yavin4+named
2026-07-17 14:01:29,765 INFO  [default] Creating room Auction@SOE+SWG+SWG_NGE+yavin4+named with attributes 0
2026-07-17 14:01:29,765 INFO  [default] CREATEROOM request received - creator: 24@SOE+SWG+SWG_NGE room: SOE+SWG+SWG_NGE
2026-07-17 14:01:29,765 ERROR [default] ChatAPI Result Exception: [ROOM_ALREADYEXISTS] ChatRoom already exists
2026-07-17 14:01:29,765 INFO  [default] CREATEROOM request received - creator: 24@SOE+SWG+SWG_NGE room: SOE+SWG+SWG_NGE+yavin4
2026-07-17 14:01:29,765 ERROR [default] ChatAPI Result Exception: [ROOM_ALREADYEXISTS] ChatRoom already exists
2026-07-17 14:01:29,765 INFO  [default] CREATEROOM request received - creator: 24@SOE+SWG+SWG_NGE room: SOE+SWG+SWG_NGE+yavin4+named
2026-07-17 14:01:29,765 INFO  [default] Creating room Planet@SOE+SWG+SWG_NGE+yavin4+named with attributes 0
2026-07-17 14:01:29,765 INFO  [default] CREATEROOM request received - creator: 24@SOE+SWG+SWG_NGE room: SOE+SWG+SWG_NGE
2026-07-17 14:01:29,765 ERROR [default] ChatAPI Result Exception: [ROOM_ALREADYEXISTS] ChatRoom already exists
2026-07-17 14:01:29,765 INFO  [default] CREATEROOM request received - creator: 24@SOE+SWG+SWG_NGE room: SOE+SWG+SWG_NGE+yavin4
2026-07-17 14:01:29,766 ERROR [default] ChatAPI Result Exception: [ROOM_ALREADYEXISTS] ChatRoom already exists
2026-07-17 14:01:29,766 INFO  [default] CREATEROOM request received - creator: 24@SOE+SWG+SWG_NGE room: SOE+SWG+SWG_NGE
2026-07-17 14:01:29,766 ERROR [default] ChatAPI Result Exception: [ROOM_ALREADYEXISTS] ChatRoom already exists
2026-07-17 14:01:29,766 INFO  [default] CREATEROOM request received - creator: 24@SOE+SWG+SWG_NGE room: SOE+SWG+SWG_NGE+yavin4
2026-07-17 14:01:29,766 INFO  [default] Creating room Chat@SOE+SWG+SWG_NGE+yavin4 with attributes 0
2026-07-17 14:01:29,766 INFO  [default] CREATEROOM request received - creator: 24@SOE+SWG+SWG_NGE room: SOE+SWG+SWG_NGE
2026-07-17 14:01:29,766 ERROR [default] ChatAPI Result Exception: [ROOM_ALREADYEXISTS] ChatRoom already exists
2026-07-17 14:01:29,766 INFO  [default] CREATEROOM request received - creator: 24@SOE+SWG+SWG_NGE room: SOE+SWG+SWG_NGE
2026-07-17 14:01:29,766 ERROR [default] ChatAPI Result Exception: [ROOM_ALREADYEXISTS] ChatRoom already exists
2026-07-17 14:01:29,766 INFO  [default] CREATEROOM request received - creator: 24@SOE+SWG+SWG_NGE room: SOE+SWG+SWG_NGE
2026-07-17 14:01:29,766 ERROR [default] ChatAPI Result Exception: [ROOM_ALREADYEXISTS] ChatRoom already exists
2026-07-17 14:01:29,766 INFO  [default] CREATEROOM request received - creator: 24@SOE+SWG+SWG_NGE room: SOE+SWG+SWG_NGE
2026-07-17 14:01:29,766 ERROR [default] ChatAPI Result Exception: [ROOM_ALREADYEXISTS] ChatRoom already exists
2026-07-17 14:01:29,766 INFO  [default] CREATEROOM request received - creator: 24@SOE+SWG+SWG_NGE room: SOE+SWG+SWG_NGE
2026-07-17 14:01:29,766 ERROR [default] ChatAPI Result Exception: [ROOM_ALREADYEXISTS] ChatRoom already exists
2026-07-17 14:01:29,766 INFO  [default] CREATEROOM request received - creator: 24@SOE+SWG+SWG_NGE room: SOE+SWG+SWG_NGE
2026-07-17 14:01:29,766 ERROR [default] ChatAPI Result Exception: [ROOM_ALREADYEXISTS] ChatRoom already exists
2026-07-17 14:01:29,766 INFO  [default] CREATEROOM request received - creator: 24@SOE+SWG+SWG_NGE room: SOE+SWG+SWG_NGE
2026-07-17 14:01:29,766 ERROR [default] ChatAPI Result Exception: [ROOM_ALREADYEXISTS] ChatRoom already exists
2026-07-17 14:01:29,770 INFO  [default] CREATEROOM request received - creator: 24@SOE+SWG+SWG_NGE room: SOE+SWG+SWG_NGE
2026-07-17 14:01:29,770 ERROR [default] ChatAPI Result Exception: [ROOM_ALREADYEXISTS] ChatRoom already exists
2026-07-17 14:01:29,770 INFO  [default] CREATEROOM request received - creator: 24@SOE+SWG+SWG_NGE room: SOE+SWG+SWG_NGE
2026-07-17 14:01:29,770 ERROR [default] ChatAPI Result Exception: [ROOM_ALREADYEXISTS] ChatRoom already exists
2026-07-17 14:01:29,770 INFO  [default] CREATEROOM request received - creator: 24@SOE+SWG+SWG_NGE room: SOE+SWG+SWG_NGE
2026-07-17 14:01:29,770 ERROR [default] ChatAPI Result Exception: [ROOM_ALREADYEXISTS] ChatRoom already exists
2026-07-17 14:01:29,770 INFO  [default] CREATEROOM request received - creator: 24@SOE+SWG+SWG_NGE room: SOE+SWG+SWG_NGE
2026-07-17 14:01:29,770 ERROR [default] ChatAPI Result Exception: [ROOM_ALREADYEXISTS] ChatRoom already exists
2026-07-17 14:01:29,770 INFO  [default] CREATEROOM request received - creator: 24@SOE+SWG+SWG_NGE room: SOE+SWG+SWG_NGE
2026-07-17 14:01:29,770 ERROR [default] ChatAPI Result Exception: [ROOM_ALREADYEXISTS] ChatRoom already exists
2026-07-17 14:01:29,770 INFO  [default] CREATEROOM request received - creator: 24@SOE+SWG+SWG_NGE room: SOE+SWG+SWG_NGE
2026-07-17 14:01:29,771 ERROR [default] ChatAPI Result Exception: [ROOM_ALREADYEXISTS] ChatRoom already exists
2026-07-17 14:01:29,771 INFO  [default] CREATEROOM request received - creator: 24@SOE+SWG+SWG_NGE room: SOE+SWG+SWG_NGE
2026-07-17 14:01:29,771 ERROR [default] ChatAPI Result Exception: [ROOM_ALREADYEXISTS] ChatRoom already exists
2026-07-17 14:01:29,771 INFO  [default] CREATEROOM request received - creator: 24@SOE+SWG+SWG_NGE room: SOE+SWG+SWG_NGE
2026-07-17 14:01:29,771 ERROR [default] ChatAPI Result Exception: [ROOM_ALREADYEXISTS] ChatRoom already exists
2026-07-17 14:01:29,771 INFO  [default] CREATEROOM request received - creator: 24@SOE+SWG+SWG_NGE room: SOE+SWG+SWG_NGE
2026-07-17 14:01:29,771 ERROR [default] ChatAPI Result Exception: [ROOM_ALREADYEXISTS] ChatRoom already exists
2026-07-17 14:01:29,771 INFO  [default] CREATEROOM request received - creator: 24@SOE+SWG+SWG_NGE room: SOE+SWG+SWG_NGE
2026-07-17 14:01:29,771 ERROR [default] ChatAPI Result Exception: [ROOM_ALREADYEXISTS] ChatRoom already exists
2026-07-17 14:01:29,771 INFO  [default] CREATEROOM request received - creator: 24@SOE+SWG+SWG_NGE room: SOE+SWG+SWG_NGE
2026-07-17 14:01:29,771 ERROR [default] ChatAPI Result Exception: [ROOM_ALREADYEXISTS] ChatRoom already exists
2026-07-17 14:01:29,771 INFO  [default] CREATEROOM request received - creator: 24@SOE+SWG+SWG_NGE room: SOE+SWG+SWG_NGE
2026-07-17 14:01:29,771 ERROR [default] ChatAPI Result Exception: [ROOM_ALREADYEXISTS] ChatRoom already exists
2026-07-17 14:01:29,771 INFO  [default] CREATEROOM request received - creator: 24@SOE+SWG+SWG_NGE room: SOE+SWG+SWG_NGE
2026-07-17 14:01:29,771 ERROR [default] ChatAPI Result Exception: [ROOM_ALREADYEXISTS] ChatRoom already exists
2026-07-17 14:01:29,771 INFO  [default] CREATEROOM request received - creator: 24@SOE+SWG+SWG_NGE room: SOE+SWG+SWG_NGE
2026-07-17 14:01:29,771 ERROR [default] ChatAPI Result Exception: [ROOM_ALREADYEXISTS] ChatRoom already exists
2026-07-17 14:01:29,771 INFO  [default] CREATEROOM request received - creator: 24@SOE+SWG+SWG_NGE room: SOE+SWG+SWG_NGE
2026-07-17 14:01:29,771 ERROR [default] ChatAPI Result Exception: [ROOM_ALREADYEXISTS] ChatRoom already exists
2026-07-17 14:01:29,771 INFO  [default] CREATEROOM request received - creator: 24@SOE+SWG+SWG_NGE room: SOE+SWG+SWG_NGE
2026-07-17 14:01:29,771 ERROR [default] ChatAPI Result Exception: [ROOM_ALREADYEXISTS] ChatRoom already exists
2026-07-17 14:01:29,771 INFO  [default] CREATEROOM request received - creator: 24@SOE+SWG+SWG_NGE room: SOE+SWG+SWG_NGE
2026-07-17 14:01:29,771 ERROR [default] ChatAPI Result Exception: [ROOM_ALREADYEXISTS] ChatRoom already exists
2026-07-17 14:01:29,771 INFO  [default] CREATEROOM request received - creator: 24@SOE+SWG+SWG_NGE room: SOE+SWG+SWG_NGE+yavin4
2026-07-17 14:01:29,771 ERROR [default] ChatAPI Result Exception: [ROOM_ALREADYEXISTS] ChatRoom already exists
2026-07-17 14:01:29,771 INFO  [default] CREATEROOM request received - creator: 24@SOE+SWG+SWG_NGE room: SOE+SWG+SWG_NGE
2026-07-17 14:01:29,771 ERROR [default] ChatAPI Result Exception: [ROOM_ALREADYEXISTS] ChatRoom already exists
2026-07-17 14:01:29,771 INFO  [default] CREATEROOM request received - creator: 24@SOE+SWG+SWG_NGE room: SOE+SWG+SWG_NGE+yavin4
2026-07-17 14:01:29,771 ERROR [default] ChatAPI Result Exception: [ROOM_ALREADYEXISTS] ChatRoom already exists
2026-07-17 14:01:29,771 INFO  [default] CREATEROOM request received - creator: 24@SOE+SWG+SWG_NGE room: SOE+SWG+SWG_NGE+yavin4+named
2026-07-17 14:01:29,771 ERROR [default] ChatAPI Result Exception: [ROOM_ALREADYEXISTS] ChatRoom already exists
2026-07-17 14:01:29,771 INFO  [default] CREATEROOM request received - creator: 24@SOE+SWG+SWG_NGE room: SOE+SWG+SWG_NGE
2026-07-17 14:01:29,771 ERROR [default] ChatAPI Result Exception: [ROOM_ALREADYEXISTS] ChatRoom already exists
2026-07-17 14:01:29,771 INFO  [default] CREATEROOM request received - creator: 24@SOE+SWG+SWG_NGE room: SOE+SWG+SWG_NGE+yavin4
2026-07-17 14:01:29,771 ERROR [default] ChatAPI Result Exception: [ROOM_ALREADYEXISTS] ChatRoom already exists
2026-07-17 14:01:29,771 INFO  [default] CREATEROOM request received - creator: 24@SOE+SWG+SWG_NGE room: SOE+SWG+SWG_NGE+yavin4+named
2026-07-17 14:01:29,771 ERROR [default] ChatAPI Result Exception: [ROOM_ALREADYEXISTS] ChatRoom already exists
2026-07-17 14:01:29,771 INFO  [default] CREATEROOM request received - creator: 24@SOE+SWG+SWG_NGE room: SOE+SWG+SWG_NGE
2026-07-17 14:01:29,771 ERROR [default] ChatAPI Result Exception: [ROOM_ALREADYEXISTS] ChatRoom already exists
2026-07-17 14:01:29,771 INFO  [default] CREATEROOM request received - creator: 24@SOE+SWG+SWG_NGE room: SOE+SWG+SWG_NGE+yavin4
2026-07-17 14:01:29,771 ERROR [default] ChatAPI Result Exception: [ROOM_ALREADYEXISTS] ChatRoom already exists
2026-07-17 14:01:29,771 INFO  [default] CREATEROOM request received - creator: 24@SOE+SWG+SWG_NGE room: SOE+SWG+SWG_NGE
2026-07-17 14:01:29,771 ERROR [default] ChatAPI Result Exception: [ROOM_ALREADYEXISTS] ChatRoom already exists
2026-07-17 14:01:29,771 INFO  [default] CREATEROOM request received - creator: 24@SOE+SWG+SWG_NGE room: SOE+SWG+SWG_NGE+yavin4
2026-07-17 14:01:29,771 ERROR [default] ChatAPI Result Exception: [ROOM_ALREADYEXISTS] ChatRoom already exists
2026-07-17 14:01:29,772 INFO  [default] CREATEROOM request received - creator: 24@SOE+SWG+SWG_NGE room: SOE+SWG+SWG_NGE
2026-07-17 14:01:29,772 ERROR [default] ChatAPI Result Exception: [ROOM_ALREADYEXISTS] ChatRoom already exists
2026-07-17 14:01:29,772 INFO  [default] CREATEROOM request received - creator: 24@SOE+SWG+SWG_NGE room: SOE+SWG+SWG_NGE
2026-07-17 14:01:29,772 ERROR [default] ChatAPI Result Exception: [ROOM_ALREADYEXISTS] ChatRoom already exists
2026-07-17 14:01:29,772 INFO  [default] CREATEROOM request received - creator: 24@SOE+SWG+SWG_NGE room: SOE+SWG+SWG_NGE
2026-07-17 14:01:29,772 ERROR [default] ChatAPI Result Exception: [ROOM_ALREADYEXISTS] ChatRoom already exists
2026-07-17 14:01:29,772 INFO  [default] CREATEROOM request received - creator: 24@SOE+SWG+SWG_NGE room: SOE+SWG+SWG_NGE
2026-07-17 14:01:29,772 ERROR [default] ChatAPI Result Exception: [ROOM_ALREADYEXISTS] ChatRoom already exists
2026-07-17 14:01:29,772 INFO  [default] CREATEROOM request received - creator: 24@SOE+SWG+SWG_NGE room: SOE+SWG+SWG_NGE
2026-07-17 14:01:29,772 ERROR [default] ChatAPI Result Exception: [ROOM_ALREADYEXISTS] ChatRoom already exists
2026-07-17 14:01:29,772 INFO  [default] CREATEROOM request received - creator: 24@SOE+SWG+SWG_NGE room: SOE+SWG+SWG_NGE
2026-07-17 14:01:29,772 ERROR [default] ChatAPI Result Exception: [ROOM_ALREADYEXISTS] ChatRoom already exists
2026-07-17 14:01:29,772 INFO  [default] CREATEROOM request received - creator: 24@SOE+SWG+SWG_NGE room: SOE+SWG+SWG_NGE
2026-07-17 14:01:29,772 ERROR [default] ChatAPI Result Exception: [ROOM_ALREADYEXISTS] ChatRoom already exists
2026-07-17 14:01:29,772 INFO  [default] CREATEROOM request received - creator: 24@SOE+SWG+SWG_NGE room: SOE+SWG+SWG_NGE
2026-07-17 14:01:29,772 ERROR [default] ChatAPI Result Exception: [ROOM_ALREADYEXISTS] ChatRoom already exists
2026-07-17 14:01:29,772 INFO  [default] CREATEROOM request received - creator: 24@SOE+SWG+SWG_NGE room: SOE+SWG+SWG_NGE
2026-07-17 14:01:29,772 ERROR [default] ChatAPI Result Exception: [ROOM_ALREADYEXISTS] ChatRoom already exists
2026-07-17 14:01:29,772 INFO  [default] CREATEROOM request received - creator: 24@SOE+SWG+SWG_NGE room: SOE+SWG+SWG_NGE
2026-07-17 14:01:29,772 ERROR [default] ChatAPI Result Exception: [ROOM_ALREADYEXISTS] ChatRoom already exists
2026-07-17 14:01:29,772 INFO  [default] CREATEROOM request received - creator: 24@SOE+SWG+SWG_NGE room: SOE+SWG+SWG_NGE
2026-07-17 14:01:29,772 ERROR [default] ChatAPI Result Exception: [ROOM_ALREADYEXISTS] ChatRoom already exists
2026-07-17 14:01:29,772 INFO  [default] CREATEROOM request received - creator: 24@SOE+SWG+SWG_NGE room: SOE+SWG+SWG_NGE
2026-07-17 14:01:29,772 ERROR [default] ChatAPI Result Exception: [ROOM_ALREADYEXISTS] ChatRoom already exists
2026-07-17 14:01:29,772 INFO  [default] CREATEROOM request received - creator: 24@SOE+SWG+SWG_NGE room: SOE+SWG+SWG_NGE
2026-07-17 14:01:29,772 ERROR [default] ChatAPI Result Exception: [ROOM_ALREADYEXISTS] ChatRoom already exists
2026-07-17 14:01:29,772 INFO  [default] CREATEROOM request received - creator: 24@SOE+SWG+SWG_NGE room: SOE+SWG+SWG_NGE
2026-07-17 14:01:29,772 ERROR [default] ChatAPI Result Exception: [ROOM_ALREADYEXISTS] ChatRoom already exists
2026-07-17 14:01:29,772 INFO  [default] CREATEROOM request received - creator: 24@SOE+SWG+SWG_NGE room: SOE+SWG+SWG_NGE
2026-07-17 14:01:29,772 ERROR [default] ChatAPI Result Exception: [ROOM_ALREADYEXISTS] ChatRoom already exists
2026-07-17 14:01:29,772 INFO  [default] CREATEROOM request received - creator: 24@SOE+SWG+SWG_NGE room: SOE+SWG+SWG_NGE
2026-07-17 14:01:29,772 ERROR [default] ChatAPI Result Exception: [ROOM_ALREADYEXISTS] ChatRoom already exists
2026-07-17 14:01:29,772 INFO  [default] CREATEROOM request received - creator: 24@SOE+SWG+SWG_NGE room: SOE+SWG+SWG_NGE
2026-07-17 14:01:29,772 ERROR [default] ChatAPI Result Exception: [ROOM_ALREADYEXISTS] ChatRoom already exists
2026-07-17 14:01:29,772 INFO  [default] CREATEROOM request received - creator: 24@SOE+SWG+SWG_NGE room: SOE+SWG+SWG_NGE
2026-07-17 14:01:29,772 ERROR [default] ChatAPI Result Exception: [ROOM_ALREADYEXISTS] ChatRoom already exists
2026-07-17 14:01:29,772 INFO  [default] CREATEROOM request received - creator: 24@SOE+SWG+SWG_NGE room: SOE+SWG+SWG_NGE
2026-07-17 14:01:29,772 ERROR [default] ChatAPI Result Exception: [ROOM_ALREADYEXISTS] ChatRoom already exists
2026-07-17 14:01:29,772 INFO  [default] CREATEROOM request received - creator: 24@SOE+SWG+SWG_NGE room: SOE+SWG+SWG_NGE
2026-07-17 14:01:29,772 ERROR [default] ChatAPI Result Exception: [ROOM_ALREADYEXISTS] ChatRoom already exists
2026-07-17 14:01:29,772 INFO  [default] CREATEROOM request received - creator: 24@SOE+SWG+SWG_NGE room: SOE+SWG+SWG_NGE
2026-07-17 14:01:29,772 ERROR [default] ChatAPI Result Exception: [ROOM_ALREADYEXISTS] ChatRoom already exists
2026-07-17 14:01:29,772 INFO  [default] CREATEROOM request received - creator: 24@SOE+SWG+SWG_NGE room: SOE+SWG+SWG_NGE
2026-07-17 14:01:29,772 ERROR [default] ChatAPI Result Exception: [ROOM_ALREADYEXISTS] ChatRoom already exists
2026-07-17 14:01:29,772 INFO  [default] CREATEROOM request received - creator: 24@SOE+SWG+SWG_NGE room: SOE+SWG+SWG_NGE
2026-07-17 14:01:29,772 ERROR [default] ChatAPI Result Exception: [ROOM_ALREADYEXISTS] ChatRoom already exists
2026-07-17 14:01:29,772 INFO  [default] CREATEROOM request received - creator: 24@SOE+SWG+SWG_NGE room: SOE+SWG+SWG_NGE
2026-07-17 14:01:29,772 INFO  [default] Creating room kashyyyk_main@SOE+SWG+SWG_NGE with attributes 0
2026-07-17 14:01:29,772 INFO  [default] CREATEROOM request received - creator: 24@SOE+SWG+SWG_NGE room: SOE+SWG+SWG_NGE+kashyyyk_main
2026-07-17 14:01:29,772 INFO  [default] Creating room Planet@SOE+SWG+SWG_NGE+kashyyyk_main with attributes 0
2026-07-17 14:01:29,772 INFO  [default] CREATEROOM request received - creator: 24@SOE+SWG+SWG_NGE room: SOE+SWG+SWG_NGE
2026-07-17 14:01:29,772 ERROR [default] ChatAPI Result Exception: [ROOM_ALREADYEXISTS] ChatRoom already exists
2026-07-17 14:01:29,772 INFO  [default] CREATEROOM request received - creator: 24@SOE+SWG+SWG_NGE room: SOE+SWG+SWG_NGE+kashyyyk_main
2026-07-17 14:01:29,773 INFO  [default] Creating room named@SOE+SWG+SWG_NGE+kashyyyk_main with attributes 0
2026-07-17 14:01:29,773 INFO  [default] CREATEROOM request received - creator: 24@SOE+SWG+SWG_NGE room: SOE+SWG+SWG_NGE+kashyyyk_main+named
2026-07-17 14:01:29,773 INFO  [default] Creating room Auction@SOE+SWG+SWG_NGE+kashyyyk_main+named with attributes 0
2026-07-17 14:01:29,773 INFO  [default] CREATEROOM request received - creator: 24@SOE+SWG+SWG_NGE room: SOE+SWG+SWG_NGE
2026-07-17 14:01:29,773 ERROR [default] ChatAPI Result Exception: [ROOM_ALREADYEXISTS] ChatRoom already exists
2026-07-17 14:01:29,773 INFO  [default] CREATEROOM request received - creator: 24@SOE+SWG+SWG_NGE room: SOE+SWG+SWG_NGE+kashyyyk_main
2026-07-17 14:01:29,773 ERROR [default] ChatAPI Result Exception: [ROOM_ALREADYEXISTS] ChatRoom already exists
2026-07-17 14:01:29,773 INFO  [default] CREATEROOM request received - creator: 24@SOE+SWG+SWG_NGE room: SOE+SWG+SWG_NGE+kashyyyk_main+named
2026-07-17 14:01:29,773 INFO  [default] Creating room Planet@SOE+SWG+SWG_NGE+kashyyyk_main+named with attributes 0
2026-07-17 14:01:29,773 INFO  [default] CREATEROOM request received - creator: 24@SOE+SWG+SWG_NGE room: SOE+SWG+SWG_NGE
2026-07-17 14:01:29,773 ERROR [default] ChatAPI Result Exception: [ROOM_ALREADYEXISTS] ChatRoom already exists
2026-07-17 14:01:29,773 INFO  [default] CREATEROOM request received - creator: 24@SOE+SWG+SWG_NGE room: SOE+SWG+SWG_NGE+kashyyyk_main
2026-07-17 14:01:29,773 ERROR [default] ChatAPI Result Exception: [ROOM_ALREADYEXISTS] ChatRoom already exists
2026-07-17 14:01:29,773 INFO  [default] CREATEROOM request received - creator: 24@SOE+SWG+SWG_NGE room: SOE+SWG+SWG_NGE
2026-07-17 14:01:29,773 ERROR [default] ChatAPI Result Exception: [ROOM_ALREADYEXISTS] ChatRoom already exists
2026-07-17 14:01:29,773 INFO  [default] CREATEROOM request received - creator: 24@SOE+SWG+SWG_NGE room: SOE+SWG+SWG_NGE+kashyyyk_main
2026-07-17 14:01:29,773 INFO  [default] Creating room Chat@SOE+SWG+SWG_NGE+kashyyyk_main with attributes 0
2026-07-17 14:01:29,773 INFO  [default] CREATEROOM request received - creator: 24@SOE+SWG+SWG_NGE room: SOE+SWG+SWG_NGE
2026-07-17 14:01:29,773 ERROR [default] ChatAPI Result Exception: [ROOM_ALREADYEXISTS] ChatRoom already exists
2026-07-17 14:01:29,773 INFO  [default] CREATEROOM request received - creator: 24@SOE+SWG+SWG_NGE room: SOE+SWG+SWG_NGE
2026-07-17 14:01:29,773 ERROR [default] ChatAPI Result Exception: [ROOM_ALREADYEXISTS] ChatRoom already exists
2026-07-17 14:01:29,773 INFO  [default] CREATEROOM request received - creator: 24@SOE+SWG+SWG_NGE room: SOE+SWG+SWG_NGE
2026-07-17 14:01:29,773 ERROR [default] ChatAPI Result Exception: [ROOM_ALREADYEXISTS] ChatRoom already exists
2026-07-17 14:01:29,773 INFO  [default] CREATEROOM request received - creator: 24@SOE+SWG+SWG_NGE room: SOE+SWG+SWG_NGE
2026-07-17 14:01:29,773 ERROR [default] ChatAPI Result Exception: [ROOM_ALREADYEXISTS] ChatRoom already exists
2026-07-17 14:01:29,773 INFO  [default] CREATEROOM request received - creator: 24@SOE+SWG+SWG_NGE room: SOE+SWG+SWG_NGE
2026-07-17 14:01:29,773 ERROR [default] ChatAPI Result Exception: [ROOM_ALREADYEXISTS] ChatRoom already exists
2026-07-17 14:01:29,773 INFO  [default] CREATEROOM request received - creator: 24@SOE+SWG+SWG_NGE room: SOE+SWG+SWG_NGE
2026-07-17 14:01:29,773 ERROR [default] ChatAPI Result Exception: [ROOM_ALREADYEXISTS] ChatRoom already exists
2026-07-17 14:01:29,773 INFO  [default] CREATEROOM request received - creator: 24@SOE+SWG+SWG_NGE room: SOE+SWG+SWG_NGE
2026-07-17 14:01:29,773 ERROR [default] ChatAPI Result Exception: [ROOM_ALREADYEXISTS] ChatRoom already exists
2026-07-17 14:01:29,773 INFO  [default] CREATEROOM request received - creator: 24@SOE+SWG+SWG_NGE room: SOE+SWG+SWG_NGE
2026-07-17 14:01:29,773 ERROR [default] ChatAPI Result Exception: [ROOM_ALREADYEXISTS] ChatRoom already exists
2026-07-17 14:01:29,773 INFO  [default] CREATEROOM request received - creator: 24@SOE+SWG+SWG_NGE room: SOE+SWG+SWG_NGE
2026-07-17 14:01:29,773 ERROR [default] ChatAPI Result Exception: [ROOM_ALREADYEXISTS] ChatRoom already exists
2026-07-17 14:01:29,773 INFO  [default] CREATEROOM request received - creator: 24@SOE+SWG+SWG_NGE room: SOE+SWG+SWG_NGE
2026-07-17 14:01:29,773 ERROR [default] ChatAPI Result Exception: [ROOM_ALREADYEXISTS] ChatRoom already exists
2026-07-17 14:01:29,773 INFO  [default] CREATEROOM request received - creator: 24@SOE+SWG+SWG_NGE room: SOE+SWG+SWG_NGE
2026-07-17 14:01:29,773 ERROR [default] ChatAPI Result Exception: [ROOM_ALREADYEXISTS] ChatRoom already exists
2026-07-17 14:01:29,773 INFO  [default] CREATEROOM request received - creator: 24@SOE+SWG+SWG_NGE room: SOE+SWG+SWG_NGE
2026-07-17 14:01:29,773 ERROR [default] ChatAPI Result Exception: [ROOM_ALREADYEXISTS] ChatRoom already exists
2026-07-17 14:01:29,773 INFO  [default] CREATEROOM request received - creator: 24@SOE+SWG+SWG_NGE room: SOE+SWG+SWG_NGE
2026-07-17 14:01:29,773 ERROR [default] ChatAPI Result Exception: [ROOM_ALREADYEXISTS] ChatRoom already exists
2026-07-17 14:01:29,773 INFO  [default] CREATEROOM request received - creator: 24@SOE+SWG+SWG_NGE room: SOE+SWG+SWG_NGE
2026-07-17 14:01:29,773 ERROR [default] ChatAPI Result Exception: [ROOM_ALREADYEXISTS] ChatRoom already exists
2026-07-17 14:01:29,773 INFO  [default] CREATEROOM request received - creator: 24@SOE+SWG+SWG_NGE room: SOE+SWG+SWG_NGE
2026-07-17 14:01:29,773 ERROR [default] ChatAPI Result Exception: [ROOM_ALREADYEXISTS] ChatRoom already exists
2026-07-17 14:01:29,773 INFO  [default] CREATEROOM request received - creator: 24@SOE+SWG+SWG_NGE room: SOE+SWG+SWG_NGE
2026-07-17 14:01:29,774 ERROR [default] ChatAPI Result Exception: [ROOM_ALREADYEXISTS] ChatRoom already exists
2026-07-17 14:01:29,774 INFO  [default] CREATEROOM request received - creator: 24@SOE+SWG+SWG_NGE room: SOE+SWG+SWG_NGE
2026-07-17 14:01:29,774 ERROR [default] ChatAPI Result Exception: [ROOM_ALREADYEXISTS] ChatRoom already exists
2026-07-17 14:01:29,774 INFO  [default] CREATEROOM request received - creator: 24@SOE+SWG+SWG_NGE room: SOE+SWG+SWG_NGE
2026-07-17 14:01:29,774 ERROR [default] ChatAPI Result Exception: [ROOM_ALREADYEXISTS] ChatRoom already exists
2026-07-17 14:01:29,774 INFO  [default] CREATEROOM request received - creator: 24@SOE+SWG+SWG_NGE room: SOE+SWG+SWG_NGE
2026-07-17 14:01:29,774 ERROR [default] ChatAPI Result Exception: [ROOM_ALREADYEXISTS] ChatRoom already exists
2026-07-17 14:01:29,774 INFO  [default] CREATEROOM request received - creator: 24@SOE+SWG+SWG_NGE room: SOE+SWG+SWG_NGE
2026-07-17 14:01:29,774 ERROR [default] ChatAPI Result Exception: [ROOM_ALREADYEXISTS] ChatRoom already exists
2026-07-17 14:01:29,774 INFO  [default] CREATEROOM request received - creator: 24@SOE+SWG+SWG_NGE room: SOE+SWG+SWG_NGE
2026-07-17 14:01:29,774 ERROR [default] ChatAPI Result Exception: [ROOM_ALREADYEXISTS] ChatRoom already exists
2026-07-17 14:01:29,774 INFO  [default] CREATEROOM request received - creator: 24@SOE+SWG+SWG_NGE room: SOE+SWG+SWG_NGE
2026-07-17 14:01:29,774 ERROR [default] ChatAPI Result Exception: [ROOM_ALREADYEXISTS] ChatRoom already exists
2026-07-17 14:01:29,774 INFO  [default] CREATEROOM request received - creator: 24@SOE+SWG+SWG_NGE room: SOE+SWG+SWG_NGE
2026-07-17 14:01:29,774 ERROR [default] ChatAPI Result Exception: [ROOM_ALREADYEXISTS] ChatRoom already exists
2026-07-17 14:01:29,774 INFO  [default] CREATEROOM request received - creator: 24@SOE+SWG+SWG_NGE room: SOE+SWG+SWG_NGE
2026-07-17 14:01:29,774 ERROR [default] ChatAPI Result Exception: [ROOM_ALREADYEXISTS] ChatRoom already exists
2026-07-17 14:01:29,774 INFO  [default] CREATEROOM request received - creator: 24@SOE+SWG+SWG_NGE room: SOE+SWG+SWG_NGE+kashyyyk_main
2026-07-17 14:01:29,774 ERROR [default] ChatAPI Result Exception: [ROOM_ALREADYEXISTS] ChatRoom already exists
2026-07-17 14:01:29,774 INFO  [default] CREATEROOM request received - creator: 24@SOE+SWG+SWG_NGE room: SOE+SWG+SWG_NGE
2026-07-17 14:01:29,774 ERROR [default] ChatAPI Result Exception: [ROOM_ALREADYEXISTS] ChatRoom already exists
2026-07-17 14:01:29,774 INFO  [default] CREATEROOM request received - creator: 24@SOE+SWG+SWG_NGE room: SOE+SWG+SWG_NGE+kashyyyk_main
2026-07-17 14:01:29,774 ERROR [default] ChatAPI Result Exception: [ROOM_ALREADYEXISTS] ChatRoom already exists
2026-07-17 14:01:29,774 INFO  [default] CREATEROOM request received - creator: 24@SOE+SWG+SWG_NGE room: SOE+SWG+SWG_NGE+kashyyyk_main+named
2026-07-17 14:01:29,774 ERROR [default] ChatAPI Result Exception: [ROOM_ALREADYEXISTS] ChatRoom already exists
2026-07-17 14:01:29,774 INFO  [default] CREATEROOM request received - creator: 24@SOE+SWG+SWG_NGE room: SOE+SWG+SWG_NGE
2026-07-17 14:01:29,774 ERROR [default] ChatAPI Result Exception: [ROOM_ALREADYEXISTS] ChatRoom already exists
2026-07-17 14:01:29,774 INFO  [default] CREATEROOM request received - creator: 24@SOE+SWG+SWG_NGE room: SOE+SWG+SWG_NGE+kashyyyk_main
2026-07-17 14:01:29,774 ERROR [default] ChatAPI Result Exception: [ROOM_ALREADYEXISTS] ChatRoom already exists
2026-07-17 14:01:29,774 INFO  [default] CREATEROOM request received - creator: 24@SOE+SWG+SWG_NGE room: SOE+SWG+SWG_NGE+kashyyyk_main+named
2026-07-17 14:01:29,774 ERROR [default] ChatAPI Result Exception: [ROOM_ALREADYEXISTS] ChatRoom already exists
2026-07-17 14:01:29,774 INFO  [default] CREATEROOM request received - creator: 24@SOE+SWG+SWG_NGE room: SOE+SWG+SWG_NGE
2026-07-17 14:01:29,774 ERROR [default] ChatAPI Result Exception: [ROOM_ALREADYEXISTS] ChatRoom already exists
2026-07-17 14:01:29,774 INFO  [default] CREATEROOM request received - creator: 24@SOE+SWG+SWG_NGE room: SOE+SWG+SWG_NGE+kashyyyk_main
2026-07-17 14:01:29,774 ERROR [default] ChatAPI Result Exception: [ROOM_ALREADYEXISTS] ChatRoom already exists
2026-07-17 14:01:29,774 INFO  [default] CREATEROOM request received - creator: 24@SOE+SWG+SWG_NGE room: SOE+SWG+SWG_NGE
2026-07-17 14:01:29,774 ERROR [default] ChatAPI Result Exception: [ROOM_ALREADYEXISTS] ChatRoom already exists
2026-07-17 14:01:29,774 INFO  [default] CREATEROOM request received - creator: 24@SOE+SWG+SWG_NGE room: SOE+SWG+SWG_NGE+kashyyyk_main
2026-07-17 14:01:29,774 ERROR [default] ChatAPI Result Exception: [ROOM_ALREADYEXISTS] ChatRoom already exists
2026-07-17 14:01:29,774 INFO  [default] CREATEROOM request received - creator: 24@SOE+SWG+SWG_NGE room: SOE+SWG+SWG_NGE
2026-07-17 14:01:29,774 ERROR [default] ChatAPI Result Exception: [ROOM_ALREADYEXISTS] ChatRoom already exists
2026-07-17 14:01:29,774 INFO  [default] CREATEROOM request received - creator: 24@SOE+SWG+SWG_NGE room: SOE+SWG+SWG_NGE
2026-07-17 14:01:29,774 ERROR [default] ChatAPI Result Exception: [ROOM_ALREADYEXISTS] ChatRoom already exists
2026-07-17 14:01:29,774 INFO  [default] CREATEROOM request received - creator: 24@SOE+SWG+SWG_NGE room: SOE+SWG+SWG_NGE
2026-07-17 14:01:29,774 ERROR [default] ChatAPI Result Exception: [ROOM_ALREADYEXISTS] ChatRoom already exists
2026-07-17 14:01:29,774 INFO  [default] CREATEROOM request received - creator: 24@SOE+SWG+SWG_NGE room: SOE+SWG+SWG_NGE
2026-07-17 14:01:29,774 ERROR [default] ChatAPI Result Exception: [ROOM_ALREADYEXISTS] ChatRoom already exists
2026-07-17 14:01:29,774 INFO  [default] CREATEROOM request received - creator: 24@SOE+SWG+SWG_NGE room: SOE+SWG+SWG_NGE
2026-07-17 14:01:29,774 ERROR [default] ChatAPI Result Exception: [ROOM_ALREADYEXISTS] ChatRoom already exists
2026-07-17 14:01:29,774 INFO  [default] CREATEROOM request received - creator: 24@SOE+SWG+SWG_NGE room: SOE+SWG+SWG_NGE
2026-07-17 14:01:29,774 ERROR [default] ChatAPI Result Exception: [ROOM_ALREADYEXISTS] ChatRoom already exists
2026-07-17 14:01:29,774 INFO  [default] CREATEROOM request received - creator: 24@SOE+SWG+SWG_NGE room: SOE+SWG+SWG_NGE
2026-07-17 14:01:29,775 ERROR [default] ChatAPI Result Exception: [ROOM_ALREADYEXISTS] ChatRoom already exists
2026-07-17 14:01:29,775 INFO  [default] CREATEROOM request received - creator: 24@SOE+SWG+SWG_NGE room: SOE+SWG+SWG_NGE
2026-07-17 14:01:29,775 ERROR [default] ChatAPI Result Exception: [ROOM_ALREADYEXISTS] ChatRoom already exists
2026-07-17 14:01:29,775 INFO  [default] CREATEROOM request received - creator: 24@SOE+SWG+SWG_NGE room: SOE+SWG+SWG_NGE
2026-07-17 14:01:29,775 ERROR [default] ChatAPI Result Exception: [ROOM_ALREADYEXISTS] ChatRoom already exists
2026-07-17 14:01:29,775 INFO  [default] CREATEROOM request received - creator: 24@SOE+SWG+SWG_NGE room: SOE+SWG+SWG_NGE
2026-07-17 14:01:29,775 ERROR [default] ChatAPI Result Exception: [ROOM_ALREADYEXISTS] ChatRoom already exists
2026-07-17 14:01:29,775 INFO  [default] CREATEROOM request received - creator: 24@SOE+SWG+SWG_NGE room: SOE+SWG+SWG_NGE
2026-07-17 14:01:29,775 ERROR [default] ChatAPI Result Exception: [ROOM_ALREADYEXISTS] ChatRoom already exists
2026-07-17 14:01:29,775 INFO  [default] CREATEROOM request received - creator: 24@SOE+SWG+SWG_NGE room: SOE+SWG+SWG_NGE
2026-07-17 14:01:29,775 ERROR [default] ChatAPI Result Exception: [ROOM_ALREADYEXISTS] ChatRoom already exists
2026-07-17 14:01:29,775 INFO  [default] CREATEROOM request received - creator: 24@SOE+SWG+SWG_NGE room: SOE+SWG+SWG_NGE
2026-07-17 14:01:29,775 ERROR [default] ChatAPI Result Exception: [ROOM_ALREADYEXISTS] ChatRoom already exists
2026-07-17 14:01:29,775 INFO  [default] CREATEROOM request received - creator: 24@SOE+SWG+SWG_NGE room: SOE+SWG+SWG_NGE
2026-07-17 14:01:29,775 ERROR [default] ChatAPI Result Exception: [ROOM_ALREADYEXISTS] ChatRoom already exists
2026-07-17 14:01:29,775 INFO  [default] CREATEROOM request received - creator: 24@SOE+SWG+SWG_NGE room: SOE+SWG+SWG_NGE
2026-07-17 14:01:29,775 ERROR [default] ChatAPI Result Exception: [ROOM_ALREADYEXISTS] ChatRoom already exists
2026-07-17 14:01:29,775 INFO  [default] CREATEROOM request received - creator: 24@SOE+SWG+SWG_NGE room: SOE+SWG+SWG_NGE
2026-07-17 14:01:29,775 ERROR [default] ChatAPI Result Exception: [ROOM_ALREADYEXISTS] ChatRoom already exists
2026-07-17 14:01:29,775 INFO  [default] CREATEROOM request received - creator: 24@SOE+SWG+SWG_NGE room: SOE+SWG+SWG_NGE
2026-07-17 14:01:29,775 ERROR [default] ChatAPI Result Exception: [ROOM_ALREADYEXISTS] ChatRoom already exists
2026-07-17 14:01:29,775 INFO  [default] CREATEROOM request received - creator: 24@SOE+SWG+SWG_NGE room: SOE+SWG+SWG_NGE
2026-07-17 14:01:29,775 ERROR [default] ChatAPI Result Exception: [ROOM_ALREADYEXISTS] ChatRoom already exists
2026-07-17 14:01:29,775 INFO  [default] CREATEROOM request received - creator: 24@SOE+SWG+SWG_NGE room: SOE+SWG+SWG_NGE
2026-07-17 14:01:29,775 ERROR [default] ChatAPI Result Exception: [ROOM_ALREADYEXISTS] ChatRoom already exists
2026-07-17 14:01:29,775 INFO  [default] CREATEROOM request received - creator: 24@SOE+SWG+SWG_NGE room: SOE+SWG+SWG_NGE
2026-07-17 14:01:29,775 ERROR [default] ChatAPI Result Exception: [ROOM_ALREADYEXISTS] ChatRoom already exists
2026-07-17 14:01:29,775 INFO  [default] CREATEROOM request received - creator: 24@SOE+SWG+SWG_NGE room: SOE+SWG+SWG_NGE
2026-07-17 14:01:29,775 ERROR [default] ChatAPI Result Exception: [ROOM_ALREADYEXISTS] ChatRoom already exists
2026-07-17 14:01:29,775 INFO  [default] CREATEROOM request received - creator: 24@SOE+SWG+SWG_NGE room: SOE+SWG+SWG_NGE
2026-07-17 14:01:29,775 ERROR [default] ChatAPI Result Exception: [ROOM_ALREADYEXISTS] ChatRoom already exists
2026-07-17 14:01:29,775 INFO  [default] CREATEROOM request received - creator: 24@SOE+SWG+SWG_NGE room: SOE+SWG+SWG_NGE
2026-07-17 14:01:29,775 ERROR [default] ChatAPI Result Exception: [ROOM_ALREADYEXISTS] ChatRoom already exists
2026-07-17 14:01:29,775 INFO  [default] CREATEROOM request received - creator: 24@SOE+SWG+SWG_NGE room: SOE+SWG+SWG_NGE
2026-07-17 14:01:29,775 INFO  [default] Creating room naboo@SOE+SWG+SWG_NGE with attributes 0
2026-07-17 14:01:29,775 INFO  [default] CREATEROOM request received - creator: 24@SOE+SWG+SWG_NGE room: SOE+SWG+SWG_NGE+naboo
2026-07-17 14:01:29,775 INFO  [default] Creating room Planet@SOE+SWG+SWG_NGE+naboo with attributes 0
2026-07-17 14:01:29,775 INFO  [default] CREATEROOM request received - creator: 24@SOE+SWG+SWG_NGE room: SOE+SWG+SWG_NGE
2026-07-17 14:01:29,775 ERROR [default] ChatAPI Result Exception: [ROOM_ALREADYEXISTS] ChatRoom already exists
2026-07-17 14:01:29,775 INFO  [default] CREATEROOM request received - creator: 24@SOE+SWG+SWG_NGE room: SOE+SWG+SWG_NGE+naboo
2026-07-17 14:01:29,775 INFO  [default] Creating room named@SOE+SWG+SWG_NGE+naboo with attributes 0
2026-07-17 14:01:29,775 INFO  [default] CREATEROOM request received - creator: 24@SOE+SWG+SWG_NGE room: SOE+SWG+SWG_NGE+naboo+named
2026-07-17 14:01:29,775 INFO  [default] Creating room Auction@SOE+SWG+SWG_NGE+naboo+named with attributes 0
2026-07-17 14:01:29,775 INFO  [default] CREATEROOM request received - creator: 24@SOE+SWG+SWG_NGE room: SOE+SWG+SWG_NGE
2026-07-17 14:01:29,775 ERROR [default] ChatAPI Result Exception: [ROOM_ALREADYEXISTS] ChatRoom already exists
2026-07-17 14:01:29,775 INFO  [default] CREATEROOM request received - creator: 24@SOE+SWG+SWG_NGE room: SOE+SWG+SWG_NGE+naboo
2026-07-17 14:01:29,775 ERROR [default] ChatAPI Result Exception: [ROOM_ALREADYEXISTS] ChatRoom already exists
2026-07-17 14:01:29,775 INFO  [default] CREATEROOM request received - creator: 24@SOE+SWG+SWG_NGE room: SOE+SWG+SWG_NGE+naboo+named
2026-07-17 14:01:29,776 INFO  [default] Creating room Planet@SOE+SWG+SWG_NGE+naboo+named with attributes 0
2026-07-17 14:01:29,776 INFO  [default] CREATEROOM request received - creator: 24@SOE+SWG+SWG_NGE room: SOE+SWG+SWG_NGE
2026-07-17 14:01:29,776 ERROR [default] ChatAPI Result Exception: [ROOM_ALREADYEXISTS] ChatRoom already exists
2026-07-17 14:01:29,776 INFO  [default] CREATEROOM request received - creator: 24@SOE+SWG+SWG_NGE room: SOE+SWG+SWG_NGE+naboo
2026-07-17 14:01:29,776 ERROR [default] ChatAPI Result Exception: [ROOM_ALREADYEXISTS] ChatRoom already exists
2026-07-17 14:01:29,776 INFO  [default] CREATEROOM request received - creator: 24@SOE+SWG+SWG_NGE room: SOE+SWG+SWG_NGE
2026-07-17 14:01:29,776 ERROR [default] ChatAPI Result Exception: [ROOM_ALREADYEXISTS] ChatRoom already exists
2026-07-17 14:01:29,776 INFO  [default] CREATEROOM request received - creator: 24@SOE+SWG+SWG_NGE room: SOE+SWG+SWG_NGE+naboo
2026-07-17 14:01:29,776 INFO  [default] Creating room Chat@SOE+SWG+SWG_NGE+naboo with attributes 0
2026-07-17 14:01:29,776 INFO  [default] CREATEROOM request received - creator: 24@SOE+SWG+SWG_NGE room: SOE+SWG+SWG_NGE
2026-07-17 14:01:29,776 ERROR [default] ChatAPI Result Exception: [ROOM_ALREADYEXISTS] ChatRoom already exists
2026-07-17 14:01:29,776 INFO  [default] CREATEROOM request received - creator: 24@SOE+SWG+SWG_NGE room: SOE+SWG+SWG_NGE
2026-07-17 14:01:29,776 ERROR [default] ChatAPI Result Exception: [ROOM_ALREADYEXISTS] ChatRoom already exists
2026-07-17 14:01:29,776 INFO  [default] CREATEROOM request received - creator: 24@SOE+SWG+SWG_NGE room: SOE+SWG+SWG_NGE
2026-07-17 14:01:29,776 ERROR [default] ChatAPI Result Exception: [ROOM_ALREADYEXISTS] ChatRoom already exists
2026-07-17 14:01:29,776 INFO  [default] CREATEROOM request received - creator: 24@SOE+SWG+SWG_NGE room: SOE+SWG+SWG_NGE
2026-07-17 14:01:29,776 ERROR [default] ChatAPI Result Exception: [ROOM_ALREADYEXISTS] ChatRoom already exists
2026-07-17 14:01:29,776 INFO  [default] CREATEROOM request received - creator: 24@SOE+SWG+SWG_NGE room: SOE+SWG+SWG_NGE
2026-07-17 14:01:29,776 ERROR [default] ChatAPI Result Exception: [ROOM_ALREADYEXISTS] ChatRoom already exists
2026-07-17 14:01:29,776 INFO  [default] CREATEROOM request received - creator: 24@SOE+SWG+SWG_NGE room: SOE+SWG+SWG_NGE
2026-07-17 14:01:29,776 ERROR [default] ChatAPI Result Exception: [ROOM_ALREADYEXISTS] ChatRoom already exists
2026-07-17 14:01:29,776 INFO  [default] CREATEROOM request received - creator: 24@SOE+SWG+SWG_NGE room: SOE+SWG+SWG_NGE
2026-07-17 14:01:29,776 ERROR [default] ChatAPI Result Exception: [ROOM_ALREADYEXISTS] ChatRoom already exists
2026-07-17 14:01:29,776 INFO  [default] CREATEROOM request received - creator: 24@SOE+SWG+SWG_NGE room: SOE+SWG+SWG_NGE
2026-07-17 14:01:29,776 ERROR [default] ChatAPI Result Exception: [ROOM_ALREADYEXISTS] ChatRoom already exists
2026-07-17 14:01:29,776 INFO  [default] CREATEROOM request received - creator: 24@SOE+SWG+SWG_NGE room: SOE+SWG+SWG_NGE
2026-07-17 14:01:29,776 ERROR [default] ChatAPI Result Exception: [ROOM_ALREADYEXISTS] ChatRoom already exists
2026-07-17 14:01:29,776 INFO  [default] CREATEROOM request received - creator: 24@SOE+SWG+SWG_NGE room: SOE+SWG+SWG_NGE
2026-07-17 14:01:29,776 ERROR [default] ChatAPI Result Exception: [ROOM_ALREADYEXISTS] ChatRoom already exists
2026-07-17 14:01:29,776 INFO  [default] CREATEROOM request received - creator: 24@SOE+SWG+SWG_NGE room: SOE+SWG+SWG_NGE
2026-07-17 14:01:29,776 ERROR [default] ChatAPI Result Exception: [ROOM_ALREADYEXISTS] ChatRoom already exists
2026-07-17 14:01:29,776 INFO  [default] CREATEROOM request received - creator: 24@SOE+SWG+SWG_NGE room: SOE+SWG+SWG_NGE
2026-07-17 14:01:29,776 ERROR [default] ChatAPI Result Exception: [ROOM_ALREADYEXISTS] ChatRoom already exists
2026-07-17 14:01:29,776 INFO  [default] CREATEROOM request received - creator: 24@SOE+SWG+SWG_NGE room: SOE+SWG+SWG_NGE
2026-07-17 14:01:29,776 ERROR [default] ChatAPI Result Exception: [ROOM_ALREADYEXISTS] ChatRoom already exists
2026-07-17 14:01:29,776 INFO  [default] CREATEROOM request received - creator: 24@SOE+SWG+SWG_NGE room: SOE+SWG+SWG_NGE
2026-07-17 14:01:29,776 ERROR [default] ChatAPI Result Exception: [ROOM_ALREADYEXISTS] ChatRoom already exists
2026-07-17 14:01:29,776 INFO  [default] CREATEROOM request received - creator: 24@SOE+SWG+SWG_NGE room: SOE+SWG+SWG_NGE
2026-07-17 14:01:29,776 ERROR [default] ChatAPI Result Exception: [ROOM_ALREADYEXISTS] ChatRoom already exists
2026-07-17 14:01:29,776 INFO  [default] CREATEROOM request received - creator: 24@SOE+SWG+SWG_NGE room: SOE+SWG+SWG_NGE
2026-07-17 14:01:29,776 ERROR [default] ChatAPI Result Exception: [ROOM_ALREADYEXISTS] ChatRoom already exists
2026-07-17 14:01:29,776 INFO  [default] CREATEROOM request received - creator: 24@SOE+SWG+SWG_NGE room: SOE+SWG+SWG_NGE
2026-07-17 14:01:29,776 ERROR [default] ChatAPI Result Exception: [ROOM_ALREADYEXISTS] ChatRoom already exists
2026-07-17 14:01:29,776 INFO  [default] CREATEROOM request received - creator: 24@SOE+SWG+SWG_NGE room: SOE+SWG+SWG_NGE
2026-07-17 14:01:29,776 ERROR [default] ChatAPI Result Exception: [ROOM_ALREADYEXISTS] ChatRoom already exists
2026-07-17 14:01:29,776 INFO  [default] CREATEROOM request received - creator: 24@SOE+SWG+SWG_NGE room: SOE+SWG+SWG_NGE
2026-07-17 14:01:29,776 ERROR [default] ChatAPI Result Exception: [ROOM_ALREADYEXISTS] ChatRoom already exists
2026-07-17 14:01:29,776 INFO  [default] CREATEROOM request received - creator: 24@SOE+SWG+SWG_NGE room: SOE+SWG+SWG_NGE
2026-07-17 14:01:29,776 ERROR [default] ChatAPI Result Exception: [ROOM_ALREADYEXISTS] ChatRoom already exists
2026-07-17 14:01:29,776 INFO  [default] CREATEROOM request received - creator: 24@SOE+SWG+SWG_NGE room: SOE+SWG+SWG_NGE
2026-07-17 14:01:29,776 ERROR [default] ChatAPI Result Exception: [ROOM_ALREADYEXISTS] ChatRoom already exists
2026-07-17 14:01:29,776 INFO  [default] CREATEROOM request received - creator: 24@SOE+SWG+SWG_NGE room: SOE+SWG+SWG_NGE
2026-07-17 14:01:29,776 ERROR [default] ChatAPI Result Exception: [ROOM_ALREADYEXISTS] ChatRoom already exists
2026-07-17 14:01:29,776 INFO  [default] CREATEROOM request received - creator: 24@SOE+SWG+SWG_NGE room: SOE+SWG+SWG_NGE
2026-07-17 14:01:29,777 ERROR [default] ChatAPI Result Exception: [ROOM_ALREADYEXISTS] ChatRoom already exists
2026-07-17 14:01:29,777 INFO  [default] CREATEROOM request received - creator: 24@SOE+SWG+SWG_NGE room: SOE+SWG+SWG_NGE
2026-07-17 14:01:29,777 ERROR [default] ChatAPI Result Exception: [ROOM_ALREADYEXISTS] ChatRoom already exists
2026-07-17 14:01:29,777 INFO  [default] CREATEROOM request received - creator: 24@SOE+SWG+SWG_NGE room: SOE+SWG+SWG_NGE+naboo
2026-07-17 14:01:29,777 ERROR [default] ChatAPI Result Exception: [ROOM_ALREADYEXISTS] ChatRoom already exists
2026-07-17 14:01:29,777 INFO  [default] CREATEROOM request received - creator: 24@SOE+SWG+SWG_NGE room: SOE+SWG+SWG_NGE
2026-07-17 14:01:29,777 ERROR [default] ChatAPI Result Exception: [ROOM_ALREADYEXISTS] ChatRoom already exists
2026-07-17 14:01:29,777 INFO  [default] CREATEROOM request received - creator: 24@SOE+SWG+SWG_NGE room: SOE+SWG+SWG_NGE+naboo
2026-07-17 14:01:29,777 ERROR [default] ChatAPI Result Exception: [ROOM_ALREADYEXISTS] ChatRoom already exists
2026-07-17 14:01:29,777 INFO  [default] CREATEROOM request received - creator: 24@SOE+SWG+SWG_NGE room: SOE+SWG+SWG_NGE+naboo+named
2026-07-17 14:01:29,777 ERROR [default] ChatAPI Result Exception: [ROOM_ALREADYEXISTS] ChatRoom already exists
2026-07-17 14:01:29,777 INFO  [default] CREATEROOM request received - creator: 24@SOE+SWG+SWG_NGE room: SOE+SWG+SWG_NGE
2026-07-17 14:01:29,777 ERROR [default] ChatAPI Result Exception: [ROOM_ALREADYEXISTS] ChatRoom already exists
2026-07-17 14:01:29,777 INFO  [default] CREATEROOM request received - creator: 24@SOE+SWG+SWG_NGE room: SOE+SWG+SWG_NGE+naboo
2026-07-17 14:01:29,777 ERROR [default] ChatAPI Result Exception: [ROOM_ALREADYEXISTS] ChatRoom already exists
2026-07-17 14:01:29,779 INFO  [default] CREATEROOM request received - creator: 24@SOE+SWG+SWG_NGE room: SOE+SWG+SWG_NGE+naboo+named
2026-07-17 14:01:29,779 ERROR [default] ChatAPI Result Exception: [ROOM_ALREADYEXISTS] ChatRoom already exists
2026-07-17 14:01:29,779 INFO  [default] CREATEROOM request received - creator: 24@SOE+SWG+SWG_NGE room: SOE+SWG+SWG_NGE
2026-07-17 14:01:29,779 ERROR [default] ChatAPI Result Exception: [ROOM_ALREADYEXISTS] ChatRoom already exists
2026-07-17 14:01:29,779 INFO  [default] CREATEROOM request received - creator: 24@SOE+SWG+SWG_NGE room: SOE+SWG+SWG_NGE+naboo
2026-07-17 14:01:29,779 ERROR [default] ChatAPI Result Exception: [ROOM_ALREADYEXISTS] ChatRoom already exists
2026-07-17 14:01:29,779 INFO  [default] CREATEROOM request received - creator: 24@SOE+SWG+SWG_NGE room: SOE+SWG+SWG_NGE
2026-07-17 14:01:29,779 ERROR [default] ChatAPI Result Exception: [ROOM_ALREADYEXISTS] ChatRoom already exists
2026-07-17 14:01:29,779 INFO  [default] CREATEROOM request received - creator: 24@SOE+SWG+SWG_NGE room: SOE+SWG+SWG_NGE+naboo
2026-07-17 14:01:29,779 ERROR [default] ChatAPI Result Exception: [ROOM_ALREADYEXISTS] ChatRoom already exists
     [exec] New chat server connection active
     [exec] New chat server connection active
     [exec] New chat server connection active
     [exec] New Game Server connection active
     [exec] New Game Server connection active
     [exec] New Game Server connection active
     [exec] New Game Server connection active
     [exec] New Game Server connection active
     [exec] New Game Server connection active
2026-07-17 14:01:38,867 INFO  [default] GETROOMSUMMARIES request received - start node: SOE+SWG filter: 
2026-07-17 14:01:48,860 INFO  [default] GETROOMSUMMARIES request received - start node: SOE+SWG filter: 
2026-07-17 14:01:59,536 INFO  [default] GETROOMSUMMARIES request received - start node: SOE+SWG filter: 
2026-07-17 14:02:09,221 INFO  [default] GETROOMSUMMARIES request received - start node: SOE+SWG filter: 
2026-07-17 14:02:19,121 INFO  [default] GETROOMSUMMARIES request received - start node: SOE+SWG filter: 
     [exec] Cluster SWG_NGE is ready for players.
2026-07-17 14:02:29,955 INFO  [default] GETROOMSUMMARIES request received - start node: SOE+SWG filter: 
2026-07-17 14:02:40,086 INFO  [default] GETROOMSUMMARIES request received - start node: SOE+SWG filter: 
2026-07-17 14:02:49,400 INFO  [default] GETROOMSUMMARIES request received - start node: SOE+SWG filter: 
2026-07-17 14:02:59,156 INFO  [default] GETROOMSUMMARIES request received - start node: SOE+SWG filter: 
2026-07-17 14:03:08,865 INFO  [default] GETROOMSUMMARIES request received - start node: SOE+SWG filter: 
2026-07-17 14:03:17,345 INFO  [default] GETROOMSUMMARIES request received - start node: SOE+SWG filter: 
2026-07-17 14:03:25,135 INFO  [default] GETROOMSUMMARIES request received - start node: SOE+SWG filter: 
2026-07-17 14:03:33,358 INFO  [default] GETROOMSUMMARIES request received - start node: SOE+SWG filter: 
2026-07-17 14:03:42,297 INFO  [default] GETROOMSUMMARIES request received - start node: SOE+SWG filter: 
2026-07-17 14:03:51,139 INFO  [default] GETROOMSUMMARIES request received - start node: SOE+SWG filter: 
2026-07-17 14:04:00,148 INFO  [default] GETROOMSUMMARIES request received - start node: SOE+SWG filter: 
2026-07-17 14:04:09,765 INFO  [default] GETROOMSUMMARIES request received - start node: SOE+SWG filter: 
2026-07-17 14:04:19,050 INFO  [default] GETROOMSUMMARIES request received - start node: SOE+SWG filter: 
2026-07-17 14:04:28,594 INFO  [default] GETROOMSUMMARIES request received - start node: SOE+SWG filter: 
2026-07-17 14:04:38,328 INFO  [default] GETROOMSUMMARIES request received - start node: SOE+SWG filter: 
2026-07-17 14:04:47,616 INFO  [default] GETROOMSUMMARIES request received - start node: SOE+SWG filter: 
2026-07-17 14:04:57,330 INFO  [default] GETROOMSUMMARIES request received - start node: SOE+SWG filter: 
2026-07-17 14:05:07,125 INFO  [default] GETROOMSUMMARIES request received - start node: SOE+SWG filter: 
2026-07-17 14:05:15,788 INFO  [default] GETROOMSUMMARIES request received - start node: SOE+SWG filter: 
2026-07-17 14:05:25,457 INFO  [default] GETROOMSUMMARIES request received - start node: SOE+SWG filter: 
2026-07-17 14:05:34,824 INFO  [default] GETROOMSUMMARIES request received - start node: SOE+SWG filter: 
2026-07-17 14:05:44,127 INFO  [default] GETROOMSUMMARIES request received - start node: SOE+SWG filter: 
2026-07-17 14:05:53,708 INFO  [default] GETROOMSUMMARIES request received - start node: SOE+SWG filter: 
2026-07-17 14:06:03,439 INFO  [default] GETROOMSUMMARIES request received - start node: SOE+SWG filter: 
2026-07-17 14:06:12,266 INFO  [default] GETROOMSUMMARIES request received - start node: SOE+SWG filter: 
2026-07-17 14:06:21,573 INFO  [default] GETROOMSUMMARIES request received - start node: SOE+SWG filter: 
Stopping the NGE stack...
     [exec] GameServer 28 (pid 189178) shutdown, reason: CentralConnectionClosed : TcpClient::update recv returned 0
     [exec] PlanetServer (pid 189159) shutdown, reason: CentralConnectionClosed : TcpClient::update recv returned 0
     [exec] PlanetServer (pid 189160) shutdown, reason: CentralConnectionClosed : TcpClient::update recv returned 0
     [exec] GameServer 29 (pid 189174) shutdown, reason: CentralConnectionClosed : TcpClient::update recv returned 0
     [exec] GameServer 23 (pid 189182) shutdown, reason: CentralConnectionClosed : TcpClient::update recv returned 0
     [exec] PlanetServer (pid 189161) shutdown, reason: CentralConnectionClosed : TcpClient::update recv returned 0
     [exec] PlanetServer (pid 189162) shutdown, reason: CentralConnectionClosed : TcpClient::update recv returned 0
     [exec] PlanetServer (pid 189167) shutdown, reason: CentralConnectionClosed : TcpClient::update recv returned 0
     [exec] PlanetServer (pid 189157) shutdown, reason: CentralConnectionClosed : TcpClient::update recv returned 0
     [exec] GameServer 22 (pid 189170) shutdown, reason: CentralConnectionClosed : TcpClient::update recv returned 0
     [exec] GameServer 20 (pid 189172) shutdown, reason: CentralConnectionClosed : TcpClient::update recv returned 0
     [exec] PlanetServer (pid 189158) shutdown, reason: CentralConnectionClosed : TcpClient::update recv returned 0
     [exec] PlanetServer (pid 189165) shutdown, reason: CentralConnectionClosed : TcpClient::update recv returned 0
     [exec] PlanetServer (pid 189164) shutdown, reason: CentralConnectionClosed : TcpClient::update recv returned 0
     [exec] GameServer 25 (pid 189176) shutdown, reason: CentralConnectionClosed : TcpClient::update recv returned 0
     [exec] GameServer 27 (pid 189179) shutdown, reason: CentralConnectionClosed : TcpClient::update recv returned 0
     [exec] GameServer 19 (pid 189171) shutdown, reason: CentralConnectionClosed : TcpClient::update recv returned 0
     [exec] DatabaseServer 4 (pid 189130) shutdown, reason: CentralConnectionClosed : TcpClient::update recv returned 0
     [exec] WARNING: GameServer 26 (pid 189181) shutdown, reason: CentralConnectionClosed : TcpClient::update recv returned 0
     [exec] PlanetServer (pid 189168) shutdown, reason: CentralConnectionClosed : TcpClient::update recv returned 0
     [exec]     (a6109445): Database lost connection to central.
     [exec] PlanetServer (pid 189169) shutdown, reason: CentralConnectionClosed : TcpClient::update recv returned 0
     [exec] GameServer 21 (pid 189177) shutdown, reason: CentralConnectionClosed : TcpClient::update recv returned 0
     [exec] GameServer 24 (pid 189175) shutdown, reason: CentralConnectionClosed : TcpClient::update recv returned 0
     [exec] GameServer 30 (pid 189180) shutdown, reason: CentralConnectionClosed : TcpClient::update recv returned 0
     [exec] PlanetServer (pid 189163) shutdown, reason: CentralConnectionClosed : TcpClient::update recv returned 0
     [exec] ConnectionServer (pid 189129) shutdown, reason: CentralConnectionClosed: TcpClient::update recv returned 0
     [exec] GameServer: Chat Server connection closed
     [exec] GameServer: Chat Server connection closed
     [exec] GameServer: Chat Server connection closed
     [exec] GameServer: Chat Server connection closed
     [exec] GameServer: Chat Server connection closed
     [exec] GameServer: Chat Server connection closed
     [exec] GameServer: Chat Server connection closed
     [exec] GameServer: Chat Server connection closed
     [exec] GameServer: Chat Server connection closed
     [exec] GameServer: Chat Server connection closed
     [exec] GameServer: Chat Server connection closed
     [exec] GameServer: Chat Server connection closed
     [exec] Terminated
     [exec] Result: 143

BUILD SUCCESSFUL
Total time: 5 minutes 15 seconds
Waiting for Oracle...
Starting StationChat and NGE...
A supervised NGE process exited with status 0; systemd will restart the stack.
Stopping the NGE stack...
Waiting for Oracle...
Starting StationChat and NGE...
Stopping the NGE stack...
Waiting for Oracle...
Starting StationChat and NGE...
A supervised NGE process exited with status 0; systemd will restart the stack.
Stopping the NGE stack...
Waiting for Oracle...
Starting StationChat and NGE...
Stopping the NGE stack...
Waiting for Oracle...
Starting StationChat and NGE...
A supervised NGE process exited with status 0; systemd will restart the stack.
Stopping the NGE stack...
Waiting for Oracle...
Starting StationChat and NGE...
Stopping the NGE stack...
Waiting for Oracle...
Starting StationChat and NGE...
Stopping the NGE stack...
Waiting for Oracle...
Starting StationChat and NGE...
A supervised NGE process exited with status 0; systemd will restart the stack.
Stopping the NGE stack...
Waiting for Oracle...
Starting StationChat and NGE...
A supervised NGE process exited with status 0; systemd will restart the stack.
Stopping the NGE stack...
Waiting for Oracle...
Starting StationChat and NGE...
A supervised NGE process exited with status 0; systemd will restart the stack.
Stopping the NGE stack...
Waiting for Oracle...
Starting StationChat and NGE...
A supervised NGE process exited with status 0; systemd will restart the stack.
Stopping the NGE stack...
Waiting for Oracle...
Starting StationChat and NGE...
A supervised NGE process exited with status 0; systemd will restart the stack.
Stopping the NGE stack...
Waiting for Oracle...
Starting StationChat and NGE...
A supervised NGE process exited with status 0; systemd will restart the stack.
Stopping the NGE stack...
Waiting for Oracle...
Starting StationChat and NGE...
A supervised NGE process exited with status 0; systemd will restart the stack.
Stopping the NGE stack...
Waiting for Oracle...
Starting StationChat and NGE...
A supervised NGE process exited with status 0; systemd will restart the stack.
Stopping the NGE stack...
Waiting for Oracle...
Starting StationChat and NGE...
A supervised NGE process exited with status 0; systemd will restart the stack.
Stopping the NGE stack...
Waiting for Oracle...
Starting StationChat and NGE...
A supervised NGE process exited with status 0; systemd will restart the stack.
Stopping the NGE stack...
Waiting for Oracle...
Starting StationChat and NGE...
A supervised NGE process exited with status 0; systemd will restart the stack.
Stopping the NGE stack...
Waiting for Oracle...
Starting StationChat and NGE...
A supervised NGE process exited with status 0; systemd will restart the stack.
Stopping the NGE stack...
Waiting for Oracle...
Starting StationChat and NGE...
A supervised NGE process exited with status 0; systemd will restart the stack.
Stopping the NGE stack...
Waiting for Oracle...
Starting StationChat and NGE...
Stopping the NGE stack...
Waiting for Oracle...
Starting StationChat and NGE...
A supervised NGE process exited with status 0; systemd will restart the stack.
Stopping the NGE stack...
Waiting for Oracle...
Starting StationChat and NGE...
A supervised NGE process exited with status 0; systemd will restart the stack.
Stopping the NGE stack...
Waiting for Oracle...
Starting StationChat and NGE...
A supervised NGE process exited with status 0; systemd will restart the stack.
Stopping the NGE stack...
Waiting for Oracle...
Starting StationChat and NGE...
A supervised NGE process exited with status 0; systemd will restart the stack.
Stopping the NGE stack...
Waiting for Oracle...
Starting StationChat and NGE...
A supervised NGE process exited with status 0; systemd will restart the stack.
Stopping the NGE stack...
Waiting for Oracle...
Starting StationChat and NGE...
A supervised NGE process exited with status 0; systemd will restart the stack.
Stopping the NGE stack...
Waiting for Oracle...
Starting StationChat and NGE...
Stopping the NGE stack...
Waiting for Oracle...
Starting StationChat and NGE...
Stopping the NGE stack...
Waiting for Oracle...
Starting StationChat and NGE...
Stopping the NGE stack...
Waiting for Oracle...
Starting StationChat and NGE...
Stopping the NGE stack...
Waiting for Oracle...
Starting StationChat and NGE...
Stopping the NGE stack...
Waiting for Oracle...
Starting StationChat and NGE...
Stopping the NGE stack...
Waiting for Oracle...
Starting StationChat and NGE...
Stopping the NGE stack...
Waiting for Oracle...
Starting StationChat and NGE...
Stopping the NGE stack...
Waiting for Oracle...
Starting StationChat and NGE...
A supervised NGE process exited with status 0; systemd will restart the stack.
Stopping the NGE stack...
Waiting for Oracle...
Starting StationChat and NGE...
Stopping the NGE stack...
Waiting for Oracle...
Starting StationChat and NGE...
Stopping the NGE stack...
Waiting for Oracle...
Starting StationChat and NGE...
Stopping the NGE stack...
Waiting for Oracle...
Starting StationChat and NGE...
A supervised NGE process exited with status 0; systemd will restart the stack.
Stopping the NGE stack...
Waiting for Oracle...
Starting StationChat and NGE...
Stopping the NGE stack...
Waiting for Oracle...
Starting StationChat and NGE...
A supervised NGE process exited with status 0; systemd will restart the stack.
Stopping the NGE stack...
Waiting for Oracle...
Starting StationChat and NGE...
Stopping the NGE stack...
Waiting for Oracle...
Starting StationChat and NGE...
Stopping the NGE stack...
Waiting for Oracle...
Starting StationChat and NGE...
A supervised NGE process exited with status 0; systemd will restart the stack.
Stopping the NGE stack...
Waiting for Oracle...
Starting StationChat and NGE...
Stopping the NGE stack...
Waiting for Oracle...
Starting StationChat and NGE...
A supervised NGE process exited with status 0; systemd will restart the stack.
Stopping the NGE stack...
Waiting for Oracle...
Starting StationChat and NGE...
Stopping the NGE stack...
Waiting for Oracle...
Starting StationChat and NGE...
Stopping the NGE stack...
Waiting for Oracle...
Starting StationChat and NGE...
Stopping the NGE stack...
Waiting for Oracle...
Starting StationChat and NGE...
Stopping the NGE stack...
Waiting for Oracle...
Starting StationChat and NGE...
A supervised NGE process exited with status 0; systemd will restart the stack.
Stopping the NGE stack...
Waiting for Oracle...
Starting StationChat and NGE...
A supervised NGE process exited with status 0; systemd will restart the stack.
Stopping the NGE stack...
Waiting for Oracle...
Starting StationChat and NGE...
Stopping the NGE stack...
Waiting for Oracle...
Starting StationChat and NGE...
A supervised NGE process exited with status 0; systemd will restart the stack.
Stopping the NGE stack...
Waiting for Oracle...
Starting StationChat and NGE...
A supervised NGE process exited with status 0; systemd will restart the stack.
Stopping the NGE stack...
Waiting for Oracle...
Starting StationChat and NGE...
A supervised NGE process exited with status 0; systemd will restart the stack.
Stopping the NGE stack...
Waiting for Oracle...
Starting StationChat and NGE...
A supervised NGE process exited with status 0; systemd will restart the stack.
Stopping the NGE stack...
Waiting for Oracle...
Starting StationChat and NGE...
Stopping the NGE stack...
Waiting for Oracle...
Starting StationChat and NGE...
A supervised NGE process exited with status 0; systemd will restart the stack.
Stopping the NGE stack...
Waiting for Oracle...
Starting StationChat and NGE...
A supervised NGE process exited with status 0; systemd will restart the stack.
Stopping the NGE stack...
Waiting for Oracle...
Starting StationChat and NGE...
Stopping the NGE stack...
Waiting for Oracle...
Starting StationChat and NGE...
Stopping the NGE stack...
Waiting for Oracle...
Starting StationChat and NGE...
Applying process priority balancing...
SWG processes set to high priority (-5)
Ollama set to low priority (+15)
A supervised NGE process exited with status 0; systemd will restart the stack.
Stopping the NGE stack...
Waiting for Oracle...
Starting StationChat and NGE...
Applying process priority balancing...
SWG processes set to high priority (-5)
Ollama set to low priority (+15)
A supervised NGE process exited with status 0; systemd will restart the stack.
Stopping the NGE stack...
Waiting for Oracle...
Starting StationChat and NGE...
A supervised NGE process exited with status 0; systemd will restart the stack.
Stopping the NGE stack...
Waiting for Oracle...
Starting StationChat and NGE...
Applying process priority balancing...
SWG processes set to high priority (-5)
Ollama set to low priority (+15)
A supervised NGE process exited with status 0; systemd will restart the stack.
Stopping the NGE stack...
Waiting for Oracle...
Starting StationChat and NGE...
A supervised NGE process exited with status 0; systemd will restart the stack.
Stopping the NGE stack...
Waiting for Oracle...
Starting StationChat and NGE...
Applying process priority balancing...
SWG processes set to high priority (-5)
Ollama set to low priority (+15)
A supervised NGE process exited with status 0; systemd will restart the stack.
Stopping the NGE stack...
Waiting for Oracle...
Starting StationChat and NGE...
Applying process priority balancing...
SWG processes set to high priority (-5)
Ollama set to low priority (+15)
A supervised NGE process exited with status 0; systemd will restart the stack.
Stopping the NGE stack...
Waiting for Oracle...
Starting StationChat and NGE...
Applying process priority balancing...
SWG processes set to high priority (-5)
Ollama set to low priority (+15)
A supervised NGE process exited with status 0; systemd will restart the stack.
Stopping the NGE stack...
Waiting for Oracle...
Starting StationChat and NGE...
Applying process priority balancing...
SWG processes set to high priority (-5)
Ollama set to low priority (+15)
A supervised NGE process exited with status 0; systemd will restart the stack.
Stopping the NGE stack...
Waiting for Oracle...
Starting StationChat and NGE...
Applying process priority balancing...
SWG processes set to high priority (-5)
Ollama set to low priority (+15)
A supervised NGE process exited with status 0; systemd will restart the stack.
Stopping the NGE stack...
Waiting for Oracle...
Starting StationChat and NGE...
Applying process priority balancing...
SWG processes set to high priority (-5)
Ollama set to low priority (+15)
A supervised NGE process exited with status 0; systemd will restart the stack.
Stopping the NGE stack...
Waiting for Oracle...
Starting StationChat and NGE...
Applying process priority balancing...
SWG processes set to high priority (-5)
Ollama set to low priority (+15)
A supervised NGE process exited with status 0; systemd will restart the stack.
Stopping the NGE stack...
Waiting for Oracle...
Starting StationChat and NGE...
Applying process priority balancing...
SWG processes set to high priority (-5)
Ollama set to low priority (+15)
Stopping the NGE stack...
Waiting for Oracle...
Starting StationChat and NGE...
Applying process priority balancing...
SWG processes set to high priority (-5)
Ollama set to low priority (+15)
Stopping the NGE stack...
Waiting for Oracle...
Starting StationChat and NGE...
Applying process priority balancing...
SWG processes set to high priority (-5)
Ollama set to low priority (+15)
A supervised NGE process exited with status 0; systemd will restart the stack.
Stopping the NGE stack...
Waiting for Oracle...
Starting StationChat and NGE...
Applying process priority balancing...
SWG processes set to high priority (-5)
Ollama set to low priority (+15)
Stopping the NGE stack...
Waiting for Oracle...
Starting StationChat and NGE...
A supervised NGE process exited with status 0; systemd will restart the stack.
Stopping the NGE stack...
Waiting for Oracle...
Starting StationChat and NGE...
Applying process priority balancing...
SWG processes set to high priority (-5)
Ollama set to low priority (+15)
Stopping the NGE stack...
Waiting for Oracle...
Starting StationChat and NGE...
Applying process priority balancing...
SWG processes set to high priority (-5)
Ollama set to low priority (+15)
A supervised NGE process exited with status 0; systemd will restart the stack.
Stopping the NGE stack...
Waiting for Oracle...
Starting StationChat and NGE...
Applying process priority balancing...
SWG processes set to high priority (-5)
Ollama set to low priority (+15)
A supervised NGE process exited with status 0; systemd will restart the stack.
Stopping the NGE stack...
Waiting for Oracle...
Starting StationChat and NGE...
Applying process priority balancing...
SWG processes set to high priority (-5)
Ollama set to low priority (+15)
A supervised NGE process exited with status 0; systemd will restart the stack.
Stopping the NGE stack...
Waiting for Oracle...
Starting StationChat and NGE...
Applying process priority balancing...
SWG processes set to high priority (-5)
Ollama set to low priority (+15)
A supervised NGE process exited with status 0; systemd will restart the stack.
Stopping the NGE stack...
Waiting for Oracle...
Starting StationChat and NGE...
Applying process priority balancing...
SWG processes set to high priority (-5)
Ollama set to low priority (+15)
A supervised NGE process exited with status 0; systemd will restart the stack.
Stopping the NGE stack...
Waiting for Oracle...
Starting StationChat and NGE...
Applying process priority balancing...
SWG processes set to high priority (-5)
Ollama set to low priority (+15)
A supervised NGE process exited with status 0; systemd will restart the stack.
Stopping the NGE stack...
Waiting for Oracle...
Starting StationChat and NGE...
Applying process priority balancing...
SWG processes set to high priority (-5)
Ollama set to low priority (+15)
A supervised NGE process exited with status 0; systemd will restart the stack.
Stopping the NGE stack...
Waiting for Oracle...
Starting StationChat and NGE...
Applying process priority balancing...
SWG processes set to high priority (-5)
Ollama set to low priority (+15)
Stopping the NGE stack...
Waiting for Oracle...
Starting StationChat and NGE...
Applying process priority balancing...
SWG processes set to high priority (-5)
Ollama set to low priority (+15)
A supervised NGE process exited with status 0; systemd will restart the stack.
Stopping the NGE stack...
Waiting for Oracle...
Starting StationChat and NGE...
Applying process priority balancing...
SWG processes set to high priority (-5)
Ollama set to low priority (+15)
A supervised NGE process exited with status 0; systemd will restart the stack.
Stopping the NGE stack...
Waiting for Oracle...
Starting StationChat and NGE...
Applying process priority balancing...
SWG processes set to high priority (-5)
Ollama set to low priority (+15)
Stopping the NGE stack...
Waiting for Oracle...
Starting StationChat and NGE...
Applying process priority balancing...
SWG processes set to high priority (-5)
Ollama set to low priority (+15)
Stopping the NGE stack...
Waiting for Oracle...
Starting StationChat and NGE...
Applying process priority balancing...
SWG processes set to high priority (-5)
Ollama set to low priority (+15)
Stopping the NGE stack...
Waiting for Oracle...
Starting StationChat and NGE...
Applying process priority balancing...
SWG processes set to high priority (-5)
Ollama set to low priority (+15)
Stopping the NGE stack...
Waiting for Oracle...
Starting StationChat and NGE...
Applying process priority balancing...
SWG processes set to high priority (-5)
Ollama set to low priority (+15)
Stopping the NGE stack...
Waiting for Oracle...
Starting StationChat and NGE...
Applying process priority balancing...
SWG processes set to high priority (-5)
Ollama set to low priority (+15)
Stopping the NGE stack...
Waiting for Oracle...
Starting StationChat and NGE...
Applying process priority balancing...
SWG processes set to high priority (-5)
Ollama set to low priority (+15)
Stopping the NGE stack...
Waiting for Oracle...
Starting StationChat and NGE...
Applying process priority balancing...
SWG processes set to high priority (-5)
Ollama set to low priority (+15)
A supervised NGE process exited with status 0; systemd will restart the stack.
Stopping the NGE stack...
Waiting for Oracle...
Starting StationChat and NGE...
Applying process priority balancing...
SWG processes set to high priority (-5)
Ollama set to low priority (+15)
A supervised NGE process exited with status 0; systemd will restart the stack.
Stopping the NGE stack...
Waiting for Oracle...
Starting StationChat and NGE...
Applying process priority balancing...
SWG processes set to high priority (-5)
Ollama set to low priority (+15)
A supervised NGE process exited with status 0; systemd will restart the stack.
Stopping the NGE stack...
Waiting for Oracle...
Starting StationChat and NGE...
Applying process priority balancing...
SWG processes set to high priority (-5)
Ollama set to low priority (+15)
Stopping the NGE stack...
Waiting for Oracle...
Starting StationChat and NGE...
Applying process priority balancing...
SWG processes set to high priority (-5)
Ollama set to low priority (+15)
Stopping the NGE stack...
Waiting for Oracle...
Starting StationChat and NGE...
Applying process priority balancing...
SWG processes set to high priority (-5)
Ollama set to low priority (+15)
Stopping the NGE stack...
Waiting for Oracle...
Starting StationChat and NGE...
Applying process priority balancing...
SWG processes set to high priority (-5)
Ollama set to low priority (+15)
Stopping the NGE stack...
Waiting for Oracle...
Starting StationChat and NGE...
Applying process priority balancing...
SWG processes set to high priority (-5)
Ollama set to low priority (+15)
Stopping the NGE stack...
Waiting for Oracle...
Starting StationChat and NGE...
Applying process priority balancing...
SWG processes set to high priority (-5)
Ollama set to low priority (+15)
Stopping the NGE stack...
Waiting for Oracle...
Starting StationChat and NGE...
Applying process priority balancing...
SWG processes set to high priority (-5)
Ollama set to low priority (+15)
Stopping the NGE stack...
Waiting for Oracle...
Starting StationChat and NGE...
Applying process priority balancing...
SWG processes set to high priority (-5)
Ollama set to low priority (+15)
Stopping the NGE stack...
Waiting for Oracle...
Starting StationChat and NGE...
Applying process priority balancing...
SWG processes set to high priority (-5)
Ollama set to low priority (+15)
Stopping the NGE stack...
Waiting for Oracle...
Starting StationChat and NGE...
Applying process priority balancing...
SWG processes set to high priority (-5)
Ollama set to low priority (+15)
Stopping the NGE stack...
Waiting for Oracle...
Starting StationChat and NGE...
Applying process priority balancing...
SWG processes set to high priority (-5)
Ollama set to low priority (+15)
Stopping the NGE stack...
Waiting for Oracle...
Starting StationChat and NGE...
Applying process priority balancing...
SWG processes set to high priority (-5)
Ollama set to low priority (+15)
Waiting for Oracle...
Starting StationChat and NGE...
/usr/local/sbin/swg-nge-service: line 53: 3259223 Killed                  ( cd "$chat_root" && exec ./stationchat ) >> "$root/stationchat-service.log" 2>&1
Applying process priority balancing...
SWG processes set to high priority (-5)
Ollama set to low priority (+15)
Stopping the NGE stack...
Waiting for Oracle...
Starting StationChat and NGE...
Applying process priority balancing...
SWG processes set to high priority (-5)
Ollama set to low priority (+15)
Stopping the NGE stack...
Waiting for Oracle...
Starting StationChat and NGE...
Applying process priority balancing...
SWG processes set to high priority (-5)
Ollama set to low priority (+15)
Stopping the NGE stack...
Waiting for Oracle...
Starting StationChat and NGE...
Applying process priority balancing...
SWG processes set to high priority (-5)
Ollama set to low priority (+15)
Stopping the NGE stack...
Waiting for Oracle...
Starting StationChat and NGE...
Applying process priority balancing...
SWG processes set to high priority (-5)
Ollama set to low priority (+15)
Stopping the NGE stack...
Waiting for Oracle...
Starting StationChat and NGE...
Applying process priority balancing...
SWG processes set to high priority (-5)
Ollama set to low priority (+15)
Stopping the NGE stack...
Waiting for Oracle...
Starting StationChat and NGE...
Applying process priority balancing...
SWG processes set to high priority (-5)
Ollama set to low priority (+15)
Stopping the NGE stack...
Waiting for Oracle...
Starting StationChat and NGE...
Applying process priority balancing...
SWG processes set to high priority (-5)
Ollama set to low priority (+15)
Stopping the NGE stack...
Waiting for Oracle...
Starting StationChat and NGE...
Applying process priority balancing...
SWG processes set to high priority (-5)
Ollama set to low priority (+15)
Stopping the NGE stack...
Waiting for Oracle...
Starting StationChat and NGE...
Applying process priority balancing...
SWG processes set to high priority (-5)
Ollama set to low priority (+15)
Stopping the NGE stack...
Waiting for Oracle...
Starting StationChat and NGE...
Applying process priority balancing...
SWG processes set to high priority (-5)
Ollama set to low priority (+15)
Stopping the NGE stack...
Waiting for Oracle...
Starting StationChat and NGE...
Applying process priority balancing...
SWG processes set to high priority (-5)
Ollama set to low priority (+15)
Stopping the NGE stack...
Waiting for Oracle...
Starting StationChat and NGE...
Applying process priority balancing...
SWG processes set to high priority (-5)
Ollama set to low priority (+15)
Stopping the NGE stack...
Waiting for Oracle...
Starting StationChat and NGE...
Applying process priority balancing...
SWG processes set to high priority (-5)
Ollama set to low priority (+15)
Stopping the NGE stack...
Waiting for Oracle...
Starting StationChat and NGE...
Applying process priority balancing...
SWG processes set to high priority (-5)
Ollama set to low priority (+15)
Stopping the NGE stack...
Waiting for Oracle...
Starting StationChat and NGE...
Applying process priority balancing...
SWG processes set to high priority (-5)
Ollama set to low priority (+15)
Stopping the NGE stack...
Waiting for Oracle...
Starting StationChat and NGE...
Applying process priority balancing...
SWG processes set to high priority (-5)
Ollama set to low priority (+15)
Stopping the NGE stack...
Waiting for Oracle...
Starting StationChat and NGE...
Applying process priority balancing...
SWG processes set to high priority (-5)
Ollama set to low priority (+15)
Stopping the NGE stack...
Waiting for Oracle...
Starting StationChat and NGE...
Applying process priority balancing...
SWG processes set to high priority (-5)
Ollama set to low priority (+15)
Stopping the NGE stack...
Waiting for Oracle...
Starting StationChat and NGE...
Applying process priority balancing...
SWG processes set to high priority (-5)
Ollama set to low priority (+15)
Stopping the NGE stack...
Waiting for Oracle...
Starting StationChat and NGE...
Applying process priority balancing...
SWG processes set to high priority (-5)
Ollama set to low priority (+15)
Stopping the NGE stack...
Waiting for Oracle...
Starting StationChat and NGE...
Applying process priority balancing...
SWG processes set to high priority (-5)
Ollama set to low priority (+15)
Stopping the NGE stack...
Waiting for Oracle...
Starting StationChat and NGE...
Applying process priority balancing...
SWG processes set to high priority (-5)
Ollama set to low priority (+15)
Stopping the NGE stack...
Waiting for Oracle...
Starting StationChat and NGE...
Applying process priority balancing...
SWG processes set to high priority (-5)
Ollama set to low priority (+15)
Stopping the NGE stack...
Waiting for Oracle...
Starting StationChat and NGE...
Applying process priority balancing...
SWG processes set to high priority (-5)
Ollama set to low priority (+15)
Stopping the NGE stack...
Waiting for Oracle...
Starting StationChat and NGE...
Applying process priority balancing...
SWG processes set to high priority (-5)
Ollama set to low priority (+15)
Stopping the NGE stack...
Waiting for Oracle...
Starting StationChat and NGE...
Applying process priority balancing...
SWG processes set to high priority (-5)
Ollama set to low priority (+15)
Stopping the NGE stack...
Waiting for Oracle...
Starting StationChat and NGE...
Applying process priority balancing...
SWG processes set to high priority (-5)
Ollama set to low priority (+15)
Stopping the NGE stack...
Waiting for Oracle...
Starting StationChat and NGE...
Applying process priority balancing...
SWG processes set to high priority (-5)
Ollama set to low priority (+15)
The core NGE game stack exited with status 0; systemd will restart the stack (rate-limited).
Stopping the NGE stack...
Waiting for Oracle...
Starting StationChat and NGE...
Applying process priority balancing...
SWG processes set to high priority (-5)
Ollama set to low priority (+15)
Stopping the NGE stack...
Waiting for Oracle...
Starting StationChat and NGE...
Applying process priority balancing...
SWG processes set to high priority (-5)
Ollama set to low priority (+15)
Stopping the NGE stack...
Waiting for Oracle...
Starting StationChat and NGE...
Applying process priority balancing...
SWG processes set to high priority (-5)
Ollama set to low priority (+15)
Stopping the NGE stack...
Waiting for Oracle...
Starting StationChat and NGE...
Applying process priority balancing...
SWG processes set to high priority (-5)
Ollama set to low priority (+15)
Stopping the NGE stack...
Waiting for Oracle...
Starting StationChat and NGE...
Applying process priority balancing...
SWG processes set to high priority (-5)
Ollama set to low priority (+15)
Stopping the NGE stack...
Waiting for Oracle...
Starting StationChat and NGE...
Applying process priority balancing...
SWG processes set to high priority (-5)
Ollama set to low priority (+15)
Stopping the NGE stack...
Waiting for Oracle...
Starting StationChat and NGE...
Applying process priority balancing...
SWG processes set to high priority (-5)
Ollama set to low priority (+15)
Stopping the NGE stack...
Waiting for Oracle...
Starting StationChat and NGE...
Applying process priority balancing...
SWG processes set to high priority (-5)
Ollama set to low priority (+15)
Stopping the NGE stack...
Waiting for Oracle...
Starting StationChat and NGE...
Applying process priority balancing...
SWG processes set to high priority (-5)
Ollama set to low priority (+15)
The core NGE game stack exited with status 0; systemd will restart the stack (rate-limited).
Stopping the NGE stack...
Waiting for Oracle...
Starting StationChat and NGE...
Applying process priority balancing...
SWG processes set to high priority (-5)
Ollama set to low priority (+15)
Stopping the NGE stack...
Waiting for Oracle...
Starting StationChat and NGE...
Applying process priority balancing...
SWG processes set to high priority (-5)
Stopping the NGE stack...
Waiting for Oracle...
Starting StationChat and NGE...
Applying process priority balancing...
SWG processes set to high priority (-5)
Ollama set to low priority (+15)
Stopping the NGE stack...
Waiting for Oracle...
Starting StationChat and NGE...
Applying process priority balancing...
SWG processes set to high priority (-5)
Ollama set to low priority (+15)
Stopping the NGE stack...
Waiting for Oracle...
Starting StationChat and NGE...
Applying process priority balancing...
SWG processes set to high priority (-5)
The core NGE game stack exited with status 0; systemd will restart the stack (rate-limited).
Stopping the NGE stack...
Waiting for Oracle...
Starting StationChat and NGE...
Applying process priority balancing...
SWG processes set to high priority (-5)
Ollama set to low priority (+15)
Stopping the NGE stack...
Waiting for Oracle...
Starting StationChat and NGE...
Applying process priority balancing...
SWG processes set to high priority (-5)
Ollama set to low priority (+15)
Stopping the NGE stack...
Waiting for Oracle...
Starting StationChat and NGE...
Applying process priority balancing...
SWG processes set to high priority (-5)
Ollama set to low priority (+15)
Stopping the NGE stack...
Waiting for Oracle...
Starting StationChat and NGE...
Applying process priority balancing...
SWG processes set to high priority (-5)
Ollama set to low priority (+15)
Stopping the NGE stack...
Waiting for Oracle...
Starting StationChat and NGE...
Applying process priority balancing...
SWG processes set to high priority (-5)
Ollama set to low priority (+15)
Stopping the NGE stack...
Waiting for Oracle...
Starting StationChat and NGE...
Applying process priority balancing...
SWG processes set to high priority (-5)
Ollama set to low priority (+15)
Stopping the NGE stack...
Waiting for Oracle...
Starting StationChat and NGE...
Applying process priority balancing...
SWG processes set to high priority (-5)
Ollama set to low priority (+15)
Stopping the NGE stack...
Waiting for Oracle...
Starting StationChat and NGE...
Applying process priority balancing...
SWG processes set to high priority (-5)
Stopping the NGE stack...
Waiting for Oracle...
Starting StationChat and NGE...
Applying process priority balancing...
SWG processes set to high priority (-5)
Stopping the NGE stack...
Waiting for Oracle...
Starting StationChat and NGE...
Applying process priority balancing...
SWG processes set to high priority (-5)
Stopping the NGE stack...
Waiting for Oracle...
Starting StationChat and NGE...
Applying process priority balancing...
SWG processes set to high priority (-5)
Ollama set to low priority (+15)
The core NGE game stack exited with status 0; systemd will restart the stack (rate-limited).
Stopping the NGE stack...
Waiting for Oracle...
Starting StationChat and NGE...
Applying process priority balancing...
SWG processes set to high priority (-5)
The core NGE game stack exited with status 0; systemd will restart the stack (rate-limited).
Stopping the NGE stack...
Waiting for Oracle...
Starting StationChat and NGE...
Stopping the NGE stack...
Waiting for Oracle...
Starting StationChat and NGE...
Applying process priority balancing...
SWG processes set to high priority (-5)
The core NGE game stack exited with status 0; systemd will restart the stack (rate-limited).
Stopping the NGE stack...
Waiting for Oracle...
Starting StationChat and NGE...
Applying process priority balancing...
SWG processes set to high priority (-5)
The core NGE game stack exited with status 0; systemd will restart the stack (rate-limited).
Stopping the NGE stack...
Waiting for Oracle...
Starting StationChat and NGE...
Applying process priority balancing...
SWG processes set to high priority (-5)
The core NGE game stack exited with status 0; systemd will restart the stack (rate-limited).
Stopping the NGE stack...
Waiting for Oracle...
Starting StationChat and NGE...
Applying process priority balancing...
SWG processes set to high priority (-5)
Ollama set to low priority (+15)
Stopping the NGE stack...
Waiting for Oracle...
Starting StationChat and NGE...
Applying process priority balancing...
SWG processes set to high priority (-5)
Ollama set to low priority (+15)
Stopping the NGE stack...
Waiting for Oracle...
Starting StationChat and NGE...
Applying process priority balancing...
SWG processes set to high priority (-5)
Ollama set to low priority (+15)
Stopping the NGE stack...
Waiting for Oracle...
Starting StationChat and NGE...
Applying process priority balancing...
SWG processes set to high priority (-5)
Stopping the NGE stack...
Waiting for Oracle...
Starting StationChat and NGE...
Applying process priority balancing...
SWG processes set to high priority (-5)
Stopping the NGE stack...
Waiting for Oracle...
Starting StationChat and NGE...
Applying process priority balancing...
SWG processes set to high priority (-5)
Stopping the NGE stack...
Waiting for Oracle...
Starting StationChat and NGE...
Applying process priority balancing...
SWG processes set to high priority (-5)
Stopping the NGE stack...
Waiting for Oracle...
Starting StationChat and NGE...
Applying process priority balancing...
SWG processes set to high priority (-5)
Stopping the NGE stack...
Waiting for Oracle...
Starting StationChat and NGE...
Applying process priority balancing...
SWG processes set to high priority (-5)
Stopping the NGE stack...
Waiting for Oracle...
Starting StationChat and NGE...
Applying process priority balancing...
SWG processes set to high priority (-5)
Stopping the NGE stack...
Waiting for Oracle...
Starting StationChat and NGE...
Applying process priority balancing...
SWG processes set to high priority (-5)
Stopping the NGE stack...
Waiting for Oracle...
Starting StationChat and NGE...
Applying process priority balancing...
SWG processes set to high priority (-5)
Stopping the NGE stack...
Waiting for Oracle...
Starting StationChat and NGE...
Applying process priority balancing...
SWG processes set to high priority (-5)
Stopping the NGE stack...
Waiting for Oracle...
Starting StationChat and NGE...
Applying process priority balancing...
SWG processes set to high priority (-5)
Stopping the NGE stack...
Waiting for Oracle...
Starting StationChat and NGE...
Applying process priority balancing...
SWG processes set to high priority (-5)
Stopping the NGE stack...
Waiting for Oracle...
Starting StationChat and NGE...
Applying process priority balancing...
SWG processes set to high priority (-5)
Stopping the NGE stack...
Waiting for Oracle...
Starting StationChat and NGE...
Applying process priority balancing...
SWG processes set to high priority (-5)
Stopping the NGE stack...
Waiting for Oracle...
Starting StationChat and NGE...
Applying process priority balancing...
SWG processes set to high priority (-5)
Stopping the NGE stack...
Waiting for Oracle...
Starting StationChat and NGE...
Applying process priority balancing...
SWG processes set to high priority (-5)
Stopping the NGE stack...
Waiting for Oracle...
Starting StationChat and NGE...
Applying process priority balancing...
SWG processes set to high priority (-5)
Stopping the NGE stack...
Waiting for Oracle...
Starting StationChat and NGE...
Applying process priority balancing...
SWG processes set to high priority (-5)
Stopping the NGE stack...
Waiting for Oracle...
Starting StationChat and NGE...
Applying process priority balancing...
SWG processes set to high priority (-5)
Stopping the NGE stack...
Waiting for Oracle...
Starting StationChat and NGE...
Applying process priority balancing...
SWG processes set to high priority (-5)
Stopping the NGE stack...
Waiting for Oracle...
Starting StationChat and NGE...
Applying process priority balancing...
SWG processes set to high priority (-5)
Stopping the NGE stack...
Waiting for Oracle...
Starting StationChat and NGE...
Applying process priority balancing...
SWG processes set to high priority (-5)
Stopping the NGE stack...
Waiting for Oracle...
Starting StationChat and NGE...
Applying process priority balancing...
SWG processes set to high priority (-5)
Stopping the NGE stack...
Waiting for Oracle...
Starting StationChat and NGE...
Applying process priority balancing...
SWG processes set to high priority (-5)
Stopping the NGE stack...
Waiting for Oracle...
Starting StationChat and NGE...
Applying process priority balancing...
SWG processes set to high priority (-5)
Stopping the NGE stack...
Waiting for Oracle...
Starting StationChat and NGE...
Applying process priority balancing...
SWG processes set to high priority (-5)
Stopping the NGE stack...
Waiting for Oracle...
Starting StationChat and NGE...
Applying process priority balancing...
SWG processes set to high priority (-5)
Stopping the NGE stack...
Waiting for Oracle...
Starting StationChat and NGE...
Applying process priority balancing...
SWG processes set to high priority (-5)
Stopping the NGE stack...
Waiting for Oracle...
Starting StationChat and NGE...
Applying process priority balancing...
SWG processes set to high priority (-5)
Stopping the NGE stack...
Waiting for Oracle...
Starting StationChat and NGE...
Applying process priority balancing...
SWG processes set to high priority (-5)
Stopping the NGE stack...
Waiting for Oracle...
Starting StationChat and NGE...
Applying process priority balancing...
SWG processes set to high priority (-5)
Stopping the NGE stack...
Waiting for Oracle...
Starting StationChat and NGE...
Applying process priority balancing...
SWG processes set to high priority (-5)
Stopping the NGE stack...
Waiting for Oracle...
Starting StationChat and NGE...
Applying process priority balancing...
SWG processes set to high priority (-5)
Stopping the NGE stack...
Waiting for Oracle...
Starting StationChat and NGE...
Applying process priority balancing...
SWG processes set to high priority (-5)
Stopping the NGE stack...
Waiting for Oracle...
Starting StationChat and NGE...
Applying process priority balancing...
SWG processes set to high priority (-5)
Stopping the NGE stack...
Waiting for Oracle...
Starting StationChat and NGE...
Applying process priority balancing...
SWG processes set to high priority (-5)
Stopping the NGE stack...
Waiting for Oracle...
Starting StationChat and NGE...
Applying process priority balancing...
SWG processes set to high priority (-5)
Stopping the NGE stack...
Waiting for Oracle...
Starting StationChat and NGE...
Applying process priority balancing...
SWG processes set to high priority (-5)
Stopping the NGE stack...
Waiting for Oracle...
Starting StationChat and NGE...
Applying process priority balancing...
SWG processes set to high priority (-5)
Stopping the NGE stack...
Waiting for Oracle...
Starting StationChat and NGE...
Applying process priority balancing...
SWG processes set to high priority (-5)
Stopping the NGE stack...
Waiting for Oracle...
Starting StationChat and NGE...
Applying process priority balancing...
SWG processes set to high priority (-5)
Stopping the NGE stack...
Waiting for Oracle...
Starting StationChat and NGE...
Applying process priority balancing...
SWG processes set to high priority (-5)
Stopping the NGE stack...
Waiting for Oracle...
Starting StationChat and NGE...
Applying process priority balancing...
SWG processes set to high priority (-5)
Stopping the NGE stack...
Waiting for Oracle...
Starting StationChat and NGE...
Applying process priority balancing...
SWG processes set to high priority (-5)
Stopping the NGE stack...
Waiting for Oracle...
Starting StationChat and NGE...
Applying process priority balancing...
SWG processes set to high priority (-5)
Stopping the NGE stack...
Waiting for Oracle...
Starting StationChat and NGE...
Applying process priority balancing...
SWG processes set to high priority (-5)
Stopping the NGE stack...
Waiting for Oracle...
Starting StationChat and NGE...
Applying process priority balancing...
SWG processes set to high priority (-5)
Stopping the NGE stack...
Waiting for Oracle...
Starting StationChat and NGE...
Applying process priority balancing...
SWG processes set to high priority (-5)
Stopping the NGE stack...
Waiting for Oracle...
Starting StationChat and NGE...
Applying process priority balancing...
SWG processes set to high priority (-5)
Stopping the NGE stack...
Waiting for Oracle...
Starting StationChat and NGE...
Applying process priority balancing...
SWG processes set to high priority (-5)
Stopping the NGE stack...
Waiting for Oracle...
Starting StationChat and NGE...
Applying process priority balancing...
SWG processes set to high priority (-5)
Stopping the NGE stack...
Waiting for Oracle...
Starting StationChat and NGE...
Applying process priority balancing...
SWG processes set to high priority (-5)
Stopping the NGE stack...
Waiting for Oracle...
Starting StationChat and NGE...
Applying process priority balancing...
SWG processes set to high priority (-5)
Stopping the NGE stack...
Waiting for Oracle...
Starting StationChat and NGE...
Applying process priority balancing...
SWG processes set to high priority (-5)
Stopping the NGE stack...
Waiting for Oracle...
Starting StationChat and NGE...
Applying process priority balancing...
SWG processes set to high priority (-5)
Stopping the NGE stack...
Waiting for Oracle...
Starting StationChat and NGE...
Applying process priority balancing...
SWG processes set to high priority (-5)
Stopping the NGE stack...
Waiting for Oracle...
Starting StationChat and NGE...
Applying process priority balancing...
SWG processes set to high priority (-5)
Stopping the NGE stack...
Waiting for Oracle...
Starting StationChat and NGE...
Applying process priority balancing...
SWG processes set to high priority (-5)
Stopping the NGE stack...
Waiting for Oracle...
Starting StationChat and NGE...
Applying process priority balancing...
SWG processes set to high priority (-5)
Stopping the NGE stack...
Waiting for Oracle...
Starting StationChat and NGE...
Applying process priority balancing...
SWG processes set to high priority (-5)
Stopping the NGE stack...
Waiting for Oracle...
Starting StationChat and NGE...
Applying process priority balancing...
SWG processes set to high priority (-5)
Stopping the NGE stack...
Waiting for Oracle...
Starting StationChat and NGE...
Applying process priority balancing...
SWG processes set to high priority (-5)
Stopping the NGE stack...
Waiting for Oracle...
Starting StationChat and NGE...
Applying process priority balancing...
SWG processes set to high priority (-5)
Stopping the NGE stack...
Waiting for Oracle...
Starting StationChat and NGE...
Applying process priority balancing...
SWG processes set to high priority (-5)
Stopping the NGE stack...
Waiting for Oracle...
Starting StationChat and NGE...
Applying process priority balancing...
SWG processes set to high priority (-5)
Stopping the NGE stack...
Waiting for Oracle...
Starting StationChat and NGE...
Applying process priority balancing...
SWG processes set to high priority (-5)
Stopping the NGE stack...
Waiting for Oracle...
Starting StationChat and NGE...
Applying process priority balancing...
SWG processes set to high priority (-5)
Stopping the NGE stack...
Waiting for Oracle...
Starting StationChat and NGE...
Applying process priority balancing...
SWG processes set to high priority (-5)
Stopping the NGE stack...
Waiting for Oracle...
Starting StationChat and NGE...
Applying process priority balancing...
SWG processes set to high priority (-5)
Stopping the NGE stack...
Waiting for Oracle...
Starting StationChat and NGE...
Applying process priority balancing...
SWG processes set to high priority (-5)
Stopping the NGE stack...
Waiting for Oracle...
Starting StationChat and NGE...
Applying process priority balancing...
SWG processes set to high priority (-5)
Stopping the NGE stack...
Waiting for Oracle...
Starting StationChat and NGE...
Applying process priority balancing...
SWG processes set to high priority (-5)
Stopping the NGE stack...
Waiting for Oracle...
Starting StationChat and NGE...
Applying process priority balancing...
SWG processes set to high priority (-5)
Stopping the NGE stack...
Waiting for Oracle...
Starting StationChat and NGE...
Applying process priority balancing...
SWG processes set to high priority (-5)
Stopping the NGE stack...
Waiting for Oracle...
Starting StationChat and NGE...
Applying process priority balancing...
SWG processes set to high priority (-5)
Stopping the NGE stack...
Waiting for Oracle...
Starting StationChat and NGE...
Applying process priority balancing...
SWG processes set to high priority (-5)
Stopping the NGE stack...
Waiting for Oracle...
Starting StationChat and NGE...
Applying process priority balancing...
SWG processes set to high priority (-5)
Stopping the NGE stack...
Waiting for Oracle...
Starting StationChat and NGE...
Applying process priority balancing...
SWG processes set to high priority (-5)
Stopping the NGE stack...
Waiting for Oracle...
Starting StationChat and NGE...
Applying process priority balancing...
SWG processes set to high priority (-5)
Stopping the NGE stack...
Waiting for Oracle...
Starting StationChat and NGE...
Applying process priority balancing...
SWG processes set to high priority (-5)
Stopping the NGE stack...
Waiting for Oracle...
Starting StationChat and NGE...
Applying process priority balancing...
SWG processes set to high priority (-5)
Stopping the NGE stack...
Waiting for Oracle...
Starting StationChat and NGE...
Applying process priority balancing...
SWG processes set to high priority (-5)
Stopping the NGE stack...
Waiting for Oracle...
Starting StationChat and NGE...
Applying process priority balancing...
SWG processes set to high priority (-5)
Stopping the NGE stack...
Waiting for Oracle...
Starting StationChat and NGE...
Applying process priority balancing...
SWG processes set to high priority (-5)
Stopping the NGE stack...
Waiting for Oracle...
Starting StationChat and NGE...
Applying process priority balancing...
SWG processes set to high priority (-5)
Stopping the NGE stack...
Waiting for Oracle...
Starting StationChat and NGE...
Applying process priority balancing...
SWG processes set to high priority (-5)
Stopping the NGE stack...
Waiting for Oracle...
Starting StationChat and NGE...
Applying process priority balancing...
SWG processes set to high priority (-5)
Stopping the NGE stack...
Waiting for Oracle...
Starting StationChat and NGE...
Applying process priority balancing...
SWG processes set to high priority (-5)
Stopping the NGE stack...
Waiting for Oracle...
Starting StationChat and NGE...
Applying process priority balancing...
SWG processes set to high priority (-5)
Stopping the NGE stack...
Waiting for Oracle...
Starting StationChat and NGE...
Applying process priority balancing...
SWG processes set to high priority (-5)
Stopping the NGE stack...
Waiting for Oracle...
Starting StationChat and NGE...
Applying process priority balancing...
SWG processes set to high priority (-5)
Stopping the NGE stack...
Waiting for Oracle...
Starting StationChat and NGE...
Applying process priority balancing...
SWG processes set to high priority (-5)
Stopping the NGE stack...
Waiting for Oracle...
Starting StationChat and NGE...
Applying process priority balancing...
SWG processes set to high priority (-5)
Stopping the NGE stack...
Waiting for Oracle...
Starting StationChat and NGE...
Applying process priority balancing...
SWG processes set to high priority (-5)
Stopping the NGE stack...
Waiting for Oracle...
Starting StationChat and NGE...
Applying process priority balancing...
SWG processes set to high priority (-5)
Stopping the NGE stack...
Waiting for Oracle...
Starting StationChat and NGE...
Applying process priority balancing...
SWG processes set to high priority (-5)
Stopping the NGE stack...
Waiting for Oracle...
Starting StationChat and NGE...
Applying process priority balancing...
SWG processes set to high priority (-5)
Stopping the NGE stack...
Waiting for Oracle...
Starting StationChat and NGE...
Applying process priority balancing...
SWG processes set to high priority (-5)
Stopping the NGE stack...
Waiting for Oracle...
Starting StationChat and NGE...
Applying process priority balancing...
SWG processes set to high priority (-5)
Stopping the NGE stack...
Waiting for Oracle...
Starting StationChat and NGE...
Applying process priority balancing...
SWG processes set to high priority (-5)
Stopping the NGE stack...
Waiting for Oracle...
Starting StationChat and NGE...
Applying process priority balancing...
SWG processes set to high priority (-5)
Stopping the NGE stack...
Waiting for Oracle...
Starting StationChat and NGE...
Applying process priority balancing...
SWG processes set to high priority (-5)
Stopping the NGE stack...
Waiting for Oracle...
Starting StationChat and NGE...
Applying process priority balancing...
SWG processes set to high priority (-5)
Stopping the NGE stack...
Waiting for Oracle...
Starting StationChat and NGE...
Applying process priority balancing...
SWG processes set to high priority (-5)
Stopping the NGE stack...
Waiting for Oracle...
Starting StationChat and NGE...
Applying process priority balancing...
SWG processes set to high priority (-5)
Stopping the NGE stack...
Waiting for Oracle...
Starting StationChat and NGE...
Applying process priority balancing...
SWG processes set to high priority (-5)
Stopping the NGE stack...
Waiting for Oracle...
Starting StationChat and NGE...
Applying process priority balancing...
SWG processes set to high priority (-5)
Stopping the NGE stack...
Waiting for Oracle...
Starting StationChat and NGE...
Applying process priority balancing...
SWG processes set to high priority (-5)
Stopping the NGE stack...
Waiting for Oracle...
Starting StationChat and NGE...
Applying process priority balancing...
SWG processes set to high priority (-5)
Stopping the NGE stack...
Waiting for Oracle...
Starting StationChat and NGE...
Applying process priority balancing...
SWG processes set to high priority (-5)
Stopping the NGE stack...
Waiting for Oracle...
Starting StationChat and NGE...
Applying process priority balancing...
SWG processes set to high priority (-5)
Stopping the NGE stack...
Waiting for Oracle...
Starting StationChat and NGE...
Applying process priority balancing...
SWG processes set to high priority (-5)
Stopping the NGE stack...
Waiting for Oracle...
Starting StationChat and NGE...
Applying process priority balancing...
SWG processes set to high priority (-5)
Stopping the NGE stack...
Waiting for Oracle...
Starting StationChat and NGE...
Stopping the NGE stack...
Waiting for Oracle...
Starting StationChat and NGE...
Applying process priority balancing...
SWG processes set to high priority (-5)
Stopping the NGE stack...
Waiting for Oracle...
Starting StationChat and NGE...
Applying process priority balancing...
SWG processes set to high priority (-5)
Stopping the NGE stack...
Waiting for Oracle...
Starting StationChat and NGE...
Applying process priority balancing...
SWG processes set to high priority (-5)
Stopping the NGE stack...
Waiting for Oracle...
Starting StationChat and NGE...
Stopping the NGE stack...
Waiting for Oracle...
Starting StationChat and NGE...
Applying process priority balancing...
SWG processes set to high priority (-5)
Stopping the NGE stack...
Waiting for Oracle...
Starting StationChat and NGE...
Applying process priority balancing...
SWG processes set to high priority (-5)
Stopping the NGE stack...
Waiting for Oracle...
Starting StationChat and NGE...
The core NGE game stack exited with status 0; systemd will restart the stack (rate-limited).
Stopping the NGE stack...
Waiting for Oracle...
Starting StationChat and NGE...
Stopping the NGE stack...
Waiting for Oracle...
Starting StationChat and NGE...
Applying process priority balancing...
SWG processes set to high priority (-5)
Stopping the NGE stack...
Waiting for Oracle...
Starting StationChat and NGE...
Applying process priority balancing...
SWG processes set to high priority (-5)
Stopping the NGE stack...
Waiting for Oracle...
Starting StationChat and NGE...
Stopping the NGE stack...
Waiting for Oracle...
Starting StationChat and NGE...
Applying process priority balancing...
SWG processes set to high priority (-5)
Stopping the NGE stack...
Waiting for Oracle...
Starting StationChat and NGE...
Stopping the NGE stack...
Waiting for Oracle...
Starting StationChat and NGE...
Applying process priority balancing...
SWG processes set to high priority (-5)
Stopping the NGE stack...
Waiting for Oracle...
Starting StationChat and NGE...
Applying process priority balancing...
SWG processes set to high priority (-5)
Stopping the NGE stack...
Waiting for Oracle...
Starting StationChat and NGE...
Applying process priority balancing...
SWG processes set to high priority (-5)
Stopping the NGE stack...
Waiting for Oracle...
Starting StationChat and NGE...
Applying process priority balancing...
SWG processes set to high priority (-5)
Stopping the NGE stack...
Waiting for Oracle...
Starting StationChat and NGE...
Applying process priority balancing...
SWG processes set to high priority (-5)
Stopping the NGE stack...
Waiting for Oracle...
Starting StationChat and NGE...
Applying process priority balancing...
SWG processes set to high priority (-5)
Stopping the NGE stack...
Waiting for Oracle...
Starting StationChat and NGE...
Applying process priority balancing...
SWG processes set to high priority (-5)
Stopping the NGE stack...
Waiting for Oracle...
Starting StationChat and NGE...
Applying process priority balancing...
SWG processes set to high priority (-5)
Stopping the NGE stack...
Waiting for Oracle...
Starting StationChat and NGE...
Applying process priority balancing...
SWG processes set to high priority (-5)
Stopping the NGE stack...
Waiting for Oracle...
Starting StationChat and NGE...
Applying process priority balancing...
SWG processes set to high priority (-5)
Stopping the NGE stack...
Waiting for Oracle...
Starting StationChat and NGE...
Applying process priority balancing...
SWG processes set to high priority (-5)
Stopping the NGE stack...
Waiting for Oracle...
Starting StationChat and NGE...
Applying process priority balancing...
SWG processes set to high priority (-5)
Stopping the NGE stack...
Waiting for Oracle...
Starting StationChat and NGE...
Applying process priority balancing...
SWG processes set to high priority (-5)
Stopping the NGE stack...
Waiting for Oracle...
Starting StationChat and NGE...
Applying process priority balancing...
SWG processes set to high priority (-5)
Stopping the NGE stack...
Waiting for Oracle...
Starting StationChat and NGE...
Applying process priority balancing...
SWG processes set to high priority (-5)
Stopping the NGE stack...
Waiting for Oracle...
Starting StationChat and NGE...
Applying process priority balancing...
SWG processes set to high priority (-5)
Stopping the NGE stack...
Waiting for Oracle...
Starting StationChat and NGE...
Applying process priority balancing...
SWG processes set to high priority (-5)
Stopping the NGE stack...
Waiting for Oracle...
Starting StationChat and NGE...
Applying process priority balancing...
SWG processes set to high priority (-5)
Stopping the NGE stack...
Waiting for Oracle...
Starting StationChat and NGE...
Applying process priority balancing...
SWG processes set to high priority (-5)
Stopping the NGE stack...
Waiting for Oracle...
Starting StationChat and NGE...
Applying process priority balancing...
SWG processes set to high priority (-5)
Ollama set to low priority (+15)
Stopping the NGE stack...
Waiting for Oracle...
Starting StationChat and NGE...
Applying process priority balancing...
SWG processes set to high priority (-5)
Stopping the NGE stack...
Waiting for Oracle...
Starting StationChat and NGE...
Applying process priority balancing...
SWG processes set to high priority (-5)
Ollama set to low priority (+15)
Stopping the NGE stack...
Waiting for Oracle...
Starting StationChat and NGE...
Applying process priority balancing...
SWG processes set to high priority (-5)
Ollama set to low priority (+15)
Stopping the NGE stack...
Waiting for Oracle...
Starting StationChat and NGE...
Applying process priority balancing...
SWG processes set to high priority (-5)
Ollama set to low priority (+15)
The core NGE game stack exited with status 0; systemd will restart the stack (rate-limited).
Stopping the NGE stack...
Waiting for Oracle...
Starting StationChat and NGE...
Applying process priority balancing...
SWG processes set to high priority (-5)
Ollama set to low priority (+15)
The core NGE game stack exited with status 0; systemd will restart the stack (rate-limited).
Stopping the NGE stack...
Waiting for Oracle...
Starting StationChat and NGE...
Applying process priority balancing...
SWG processes set to high priority (-5)
Ollama set to low priority (+15)
The core NGE game stack exited with status 0; systemd will restart the stack (rate-limited).
Stopping the NGE stack...
Waiting for Oracle...
Starting StationChat and NGE...
Stopping the NGE stack...
Waiting for Oracle...
Starting StationChat and NGE...
Applying process priority balancing...
SWG processes set to high priority (-5)
Ollama set to low priority (+15)
The core NGE game stack exited with status 0; systemd will restart the stack (rate-limited).
Stopping the NGE stack...
Waiting for Oracle...
Starting StationChat and NGE...
Applying process priority balancing...
SWG processes set to high priority (-5)
Ollama set to low priority (+15)
The core NGE game stack exited with status 0; systemd will restart the stack (rate-limited).
Stopping the NGE stack...
Waiting for Oracle...
Starting StationChat and NGE...
Applying process priority balancing...
SWG processes set to high priority (-5)
Ollama set to low priority (+15)
Stopping the NGE stack...
Waiting for Oracle...
Starting StationChat and NGE...
Applying process priority balancing...
SWG processes set to high priority (-5)
Ollama set to low priority (+15)
Stopping the NGE stack...
Waiting for Oracle...
Starting StationChat and NGE...
Applying process priority balancing...
SWG processes set to high priority (-5)
Ollama set to low priority (+15)
Stopping the NGE stack...
Waiting for Oracle...
Starting StationChat and NGE...
Applying process priority balancing...
SWG processes set to high priority (-5)
Ollama set to low priority (+15)
Stopping the NGE stack...
Waiting for Oracle...
Starting StationChat and NGE...
Applying process priority balancing...
SWG processes set to high priority (-5)
Ollama set to low priority (+15)
Stopping the NGE stack...
Waiting for Oracle...
Starting StationChat and NGE...
Applying process priority balancing...
SWG processes set to high priority (-5)
Ollama set to low priority (+15)
Stopping the NGE stack...
Waiting for Oracle...
Starting StationChat and NGE...
Applying process priority balancing...
SWG processes set to high priority (-5)
Ollama set to low priority (+15)
Stopping the NGE stack...
Waiting for Oracle...
Starting StationChat and NGE...
Applying process priority balancing...
SWG processes set to high priority (-5)
Ollama set to low priority (+15)
Stopping the NGE stack...
Waiting for Oracle...
Starting StationChat and NGE...
Applying process priority balancing...
SWG processes set to high priority (-5)
Ollama set to low priority (+15)
Stopping the NGE stack...
Waiting for Oracle...
Starting StationChat and NGE...
Applying process priority balancing...
SWG processes set to high priority (-5)
Ollama set to low priority (+15)
Stopping the NGE stack...
Waiting for Oracle...
Starting StationChat and NGE...
Applying process priority balancing...
SWG processes set to high priority (-5)
Ollama set to low priority (+15)
Stopping the NGE stack...
Waiting for Oracle...
Starting StationChat and NGE...
Applying process priority balancing...
SWG processes set to high priority (-5)
Ollama set to low priority (+15)
Stopping the NGE stack...
Waiting for Oracle...
Starting StationChat and NGE...
Applying process priority balancing...
SWG processes set to high priority (-5)
Ollama set to low priority (+15)
Stopping the NGE stack...
Waiting for Oracle...
Starting StationChat and NGE...
Applying process priority balancing...
SWG processes set to high priority (-5)
Ollama set to low priority (+15)
Stopping the NGE stack...
Waiting for Oracle...
Starting StationChat and NGE...
Applying process priority balancing...
SWG processes set to high priority (-5)
Ollama set to low priority (+15)
Stopping the NGE stack...
Waiting for Oracle...
Starting StationChat and NGE...
Applying process priority balancing...
SWG processes set to high priority (-5)
Ollama set to low priority (+15)
Stopping the NGE stack...
Waiting for Oracle...
Starting StationChat and NGE...
Applying process priority balancing...
SWG processes set to high priority (-5)
Ollama set to low priority (+15)
Stopping the NGE stack...
Waiting for Oracle...
Starting StationChat and NGE...
Applying process priority balancing...
SWG processes set to high priority (-5)
Ollama set to low priority (+15)
Stopping the NGE stack...
Waiting for Oracle...
Starting StationChat and NGE...
Applying process priority balancing...
SWG processes set to high priority (-5)
Ollama set to low priority (+15)
Stopping the NGE stack...
Waiting for Oracle...
Starting StationChat and NGE...
Applying process priority balancing...
SWG processes set to high priority (-5)
Ollama set to low priority (+15)
Stopping the NGE stack...
Waiting for Oracle...
Starting StationChat and NGE...
Applying process priority balancing...
SWG processes set to high priority (-5)
Ollama set to low priority (+15)
Stopping the NGE stack...
Waiting for Oracle...
Starting StationChat and NGE...
Applying process priority balancing...
SWG processes set to high priority (-5)
Ollama set to low priority (+15)
Stopping the NGE stack...
Waiting for Oracle...
Starting StationChat and NGE...
Applying process priority balancing...
SWG processes set to high priority (-5)
Ollama set to low priority (+15)
Stopping the NGE stack...
Waiting for Oracle...
Starting StationChat and NGE...
Applying process priority balancing...
SWG processes set to high priority (-5)
Ollama set to low priority (+15)
Stopping the NGE stack...
Waiting for Oracle...
Starting StationChat and NGE...
Applying process priority balancing...
SWG processes set to high priority (-5)
Ollama set to low priority (+15)
Stopping the NGE stack...
Waiting for Oracle...
Starting StationChat and NGE...
Applying process priority balancing...
SWG processes set to high priority (-5)
Ollama set to low priority (+15)
Stopping the NGE stack...
Waiting for Oracle...
Starting StationChat and NGE...
Applying process priority balancing...
SWG processes set to high priority (-5)
Ollama set to low priority (+15)
Stopping the NGE stack...
Waiting for Oracle...
Starting StationChat and NGE...
Applying process priority balancing...
SWG processes set to high priority (-5)
Ollama set to low priority (+15)
Waiting for Oracle...
Starting StationChat and NGE...
Stopping the NGE stack...
Waiting for Oracle...
Starting StationChat and NGE...
Applying process priority balancing...
SWG processes set to high priority (-5)
Ollama set to low priority (+15)
The core NGE game stack exited with status 0; systemd will restart the stack (rate-limited).
Stopping the NGE stack...
Terminated
Waiting for Oracle...
Starting StationChat and NGE...
Stopping the NGE stack...
Waiting for Oracle...
Starting StationChat and NGE...
Applying process priority balancing...
SWG processes set to high priority (-5)
Stopping the NGE stack...
Waiting for Oracle...
Starting StationChat and NGE...
Applying process priority balancing...
SWG processes set to high priority (-5)
Ollama set to low priority (+15)
The core NGE game stack exited with status 0; systemd will restart the stack (rate-limited).
Stopping the NGE stack...
Waiting for Oracle...
Starting StationChat and NGE...
Applying process priority balancing...
SWG processes set to high priority (-5)
The core NGE game stack exited with status 0; systemd will restart the stack (rate-limited).
Stopping the NGE stack...
Waiting for Oracle...
Starting StationChat and NGE...
Applying process priority balancing...
SWG processes set to high priority (-5)
Ollama set to low priority (+15)
Stopping the NGE stack...
Waiting for Oracle...
Starting StationChat and NGE...
Applying process priority balancing...
SWG processes set to high priority (-5)
